0 FILE kirow-large.ldr
0 Kirow SNCF - Large brick construction study
0 Name: kirow-large.ldr
0 Author: Nicolas Pieper / Brick Atelier
0 // Independent digital interpretation. Connections and stability require validation.
0 // Real catalogue parts at their original size. Custom markings are not official printed parts.
0 // Sky, terrain and visual cable strands are excluded from the inventory and export.
1 0 -1080 -8 -80 0 0 1 0 1 0 -1 0 0 3020.dat
1 0 -1080 -8 0 0 0 1 0 1 0 -1 0 0 3020.dat
1 0 -1080 -8 80 0 0 1 0 1 0 -1 0 0 3020.dat
1 0 -1000 -8 -80 0 0 1 0 1 0 -1 0 0 3020.dat
1 0 -1000 -8 0 0 0 1 0 1 0 -1 0 0 3020.dat
1 0 -1000 -8 80 0 0 1 0 1 0 -1 0 0 3020.dat
1 0 -920 -8 -80 0 0 1 0 1 0 -1 0 0 3020.dat
1 0 -920 -8 0 0 0 1 0 1 0 -1 0 0 3020.dat
1 0 -920 -8 80 0 0 1 0 1 0 -1 0 0 3020.dat
1 0 -840 -8 -80 0 0 1 0 1 0 -1 0 0 3020.dat
1 0 -840 -8 0 0 0 1 0 1 0 -1 0 0 3020.dat
1 0 -840 -8 80 0 0 1 0 1 0 -1 0 0 3020.dat
1 0 -760 -8 -80 0 0 1 0 1 0 -1 0 0 3020.dat
1 0 -760 -8 0 0 0 1 0 1 0 -1 0 0 3020.dat
1 0 -760 -8 80 0 0 1 0 1 0 -1 0 0 3020.dat
1 0 -680 -8 -80 0 0 1 0 1 0 -1 0 0 3020.dat
1 0 -680 -8 0 0 0 1 0 1 0 -1 0 0 3020.dat
1 0 -680 -8 80 0 0 1 0 1 0 -1 0 0 3020.dat
1 0 -600 -8 -80 0 0 1 0 1 0 -1 0 0 3020.dat
1 0 -600 -8 0 0 0 1 0 1 0 -1 0 0 3020.dat
1 0 -600 -8 80 0 0 1 0 1 0 -1 0 0 3020.dat
1 0 -520 -8 -80 0 0 1 0 1 0 -1 0 0 3020.dat
1 0 -520 -8 0 0 0 1 0 1 0 -1 0 0 3020.dat
1 0 -520 -8 80 0 0 1 0 1 0 -1 0 0 3020.dat
1 0 -440 -8 -80 0 0 1 0 1 0 -1 0 0 3020.dat
1 0 -440 -8 0 0 0 1 0 1 0 -1 0 0 3020.dat
1 0 -440 -8 80 0 0 1 0 1 0 -1 0 0 3020.dat
1 0 -360 -8 -80 0 0 1 0 1 0 -1 0 0 3020.dat
1 0 -360 -8 0 0 0 1 0 1 0 -1 0 0 3020.dat
1 0 -360 -8 80 0 0 1 0 1 0 -1 0 0 3020.dat
1 0 -280 -8 -80 0 0 1 0 1 0 -1 0 0 3020.dat
1 0 -280 -8 0 0 0 1 0 1 0 -1 0 0 3020.dat
1 0 -280 -8 80 0 0 1 0 1 0 -1 0 0 3020.dat
1 0 -200 -8 -80 0 0 1 0 1 0 -1 0 0 3020.dat
1 0 -200 -8 0 0 0 1 0 1 0 -1 0 0 3020.dat
1 0 -200 -8 80 0 0 1 0 1 0 -1 0 0 3020.dat
1 0 -120 -8 -80 0 0 1 0 1 0 -1 0 0 3020.dat
1 0 -120 -8 0 0 0 1 0 1 0 -1 0 0 3020.dat
1 0 -120 -8 80 0 0 1 0 1 0 -1 0 0 3020.dat
1 0 -40 -8 -80 0 0 1 0 1 0 -1 0 0 3020.dat
1 0 -40 -8 0 0 0 1 0 1 0 -1 0 0 3020.dat
1 0 -40 -8 80 0 0 1 0 1 0 -1 0 0 3020.dat
1 0 40 -8 -80 0 0 1 0 1 0 -1 0 0 3020.dat
1 0 40 -8 0 0 0 1 0 1 0 -1 0 0 3020.dat
1 0 40 -8 80 0 0 1 0 1 0 -1 0 0 3020.dat
1 0 120 -8 -80 0 0 1 0 1 0 -1 0 0 3020.dat
1 0 120 -8 0 0 0 1 0 1 0 -1 0 0 3020.dat
1 0 120 -8 80 0 0 1 0 1 0 -1 0 0 3020.dat
1 0 200 -8 -80 0 0 1 0 1 0 -1 0 0 3020.dat
1 0 200 -8 0 0 0 1 0 1 0 -1 0 0 3020.dat
1 0 200 -8 80 0 0 1 0 1 0 -1 0 0 3020.dat
1 0 280 -8 -80 0 0 1 0 1 0 -1 0 0 3020.dat
1 0 280 -8 0 0 0 1 0 1 0 -1 0 0 3020.dat
1 0 280 -8 80 0 0 1 0 1 0 -1 0 0 3020.dat
1 0 360 -8 -80 0 0 1 0 1 0 -1 0 0 3020.dat
1 0 360 -8 0 0 0 1 0 1 0 -1 0 0 3020.dat
1 0 360 -8 80 0 0 1 0 1 0 -1 0 0 3020.dat
1 0 440 -8 -80 0 0 1 0 1 0 -1 0 0 3020.dat
1 0 440 -8 0 0 0 1 0 1 0 -1 0 0 3020.dat
1 0 440 -8 80 0 0 1 0 1 0 -1 0 0 3020.dat
1 0 520 -8 -80 0 0 1 0 1 0 -1 0 0 3020.dat
1 0 520 -8 0 0 0 1 0 1 0 -1 0 0 3020.dat
1 0 520 -8 80 0 0 1 0 1 0 -1 0 0 3020.dat
1 0 600 -8 -80 0 0 1 0 1 0 -1 0 0 3020.dat
1 0 600 -8 0 0 0 1 0 1 0 -1 0 0 3020.dat
1 0 600 -8 80 0 0 1 0 1 0 -1 0 0 3020.dat
1 0 680 -8 -80 0 0 1 0 1 0 -1 0 0 3020.dat
1 0 680 -8 0 0 0 1 0 1 0 -1 0 0 3020.dat
1 0 680 -8 80 0 0 1 0 1 0 -1 0 0 3020.dat
1 0 760 -8 -80 0 0 1 0 1 0 -1 0 0 3020.dat
1 0 760 -8 0 0 0 1 0 1 0 -1 0 0 3020.dat
1 0 760 -8 80 0 0 1 0 1 0 -1 0 0 3020.dat
1 0 840 -8 -80 0 0 1 0 1 0 -1 0 0 3020.dat
1 0 840 -8 0 0 0 1 0 1 0 -1 0 0 3020.dat
1 0 840 -8 80 0 0 1 0 1 0 -1 0 0 3020.dat
1 0 920 -8 -80 0 0 1 0 1 0 -1 0 0 3020.dat
1 0 920 -8 0 0 0 1 0 1 0 -1 0 0 3020.dat
1 0 920 -8 80 0 0 1 0 1 0 -1 0 0 3020.dat
1 0 1000 -8 -80 0 0 1 0 1 0 -1 0 0 3020.dat
1 0 1000 -8 0 0 0 1 0 1 0 -1 0 0 3020.dat
1 0 1000 -8 80 0 0 1 0 1 0 -1 0 0 3020.dat
1 0 1080 -8 -80 0 0 1 0 1 0 -1 0 0 3020.dat
1 0 1080 -8 0 0 0 1 0 1 0 -1 0 0 3020.dat
1 0 1080 -8 80 0 0 1 0 1 0 -1 0 0 3020.dat
0 STEP
1 0 -1080 -16 -90 1 0 0 0 1 0 0 0 1 3710.dat
1 0 -1000 -16 -90 1 0 0 0 1 0 0 0 1 3710.dat
1 0 -920 -16 -90 1 0 0 0 1 0 0 0 1 3710.dat
1 0 -840 -16 -90 1 0 0 0 1 0 0 0 1 3710.dat
1 0 -760 -16 -90 1 0 0 0 1 0 0 0 1 3710.dat
1 0 -680 -16 -90 1 0 0 0 1 0 0 0 1 3710.dat
1 0 -600 -16 -90 1 0 0 0 1 0 0 0 1 3710.dat
1 0 -520 -16 -90 1 0 0 0 1 0 0 0 1 3710.dat
1 0 -440 -16 -90 1 0 0 0 1 0 0 0 1 3710.dat
1 0 -360 -16 -90 1 0 0 0 1 0 0 0 1 3710.dat
1 0 -280 -16 -90 1 0 0 0 1 0 0 0 1 3710.dat
1 0 -200 -16 -90 1 0 0 0 1 0 0 0 1 3710.dat
1 0 -120 -16 -90 1 0 0 0 1 0 0 0 1 3710.dat
1 0 -40 -16 -90 1 0 0 0 1 0 0 0 1 3710.dat
1 0 40 -16 -90 1 0 0 0 1 0 0 0 1 3710.dat
1 0 120 -16 -90 1 0 0 0 1 0 0 0 1 3710.dat
1 0 200 -16 -90 1 0 0 0 1 0 0 0 1 3710.dat
1 0 280 -16 -90 1 0 0 0 1 0 0 0 1 3710.dat
1 0 360 -16 -90 1 0 0 0 1 0 0 0 1 3710.dat
1 0 440 -16 -90 1 0 0 0 1 0 0 0 1 3710.dat
1 0 520 -16 -90 1 0 0 0 1 0 0 0 1 3710.dat
1 0 600 -16 -90 1 0 0 0 1 0 0 0 1 3710.dat
1 0 680 -16 -90 1 0 0 0 1 0 0 0 1 3710.dat
1 0 760 -16 -90 1 0 0 0 1 0 0 0 1 3710.dat
1 0 840 -16 -90 1 0 0 0 1 0 0 0 1 3710.dat
1 0 920 -16 -90 1 0 0 0 1 0 0 0 1 3710.dat
1 0 1000 -16 -90 1 0 0 0 1 0 0 0 1 3710.dat
1 0 1080 -16 -90 1 0 0 0 1 0 0 0 1 3710.dat
1 0 -1080 -16 90 1 0 0 0 1 0 0 0 1 3710.dat
1 0 -1000 -16 90 1 0 0 0 1 0 0 0 1 3710.dat
1 0 -920 -16 90 1 0 0 0 1 0 0 0 1 3710.dat
1 0 -840 -16 90 1 0 0 0 1 0 0 0 1 3710.dat
1 0 -760 -16 90 1 0 0 0 1 0 0 0 1 3710.dat
1 0 -680 -16 90 1 0 0 0 1 0 0 0 1 3710.dat
1 0 -600 -16 90 1 0 0 0 1 0 0 0 1 3710.dat
1 0 -520 -16 90 1 0 0 0 1 0 0 0 1 3710.dat
1 0 -440 -16 90 1 0 0 0 1 0 0 0 1 3710.dat
1 0 -360 -16 90 1 0 0 0 1 0 0 0 1 3710.dat
1 0 -280 -16 90 1 0 0 0 1 0 0 0 1 3710.dat
1 0 -200 -16 90 1 0 0 0 1 0 0 0 1 3710.dat
1 0 -120 -16 90 1 0 0 0 1 0 0 0 1 3710.dat
1 0 -40 -16 90 1 0 0 0 1 0 0 0 1 3710.dat
1 0 40 -16 90 1 0 0 0 1 0 0 0 1 3710.dat
1 0 120 -16 90 1 0 0 0 1 0 0 0 1 3710.dat
1 0 200 -16 90 1 0 0 0 1 0 0 0 1 3710.dat
1 0 280 -16 90 1 0 0 0 1 0 0 0 1 3710.dat
1 0 360 -16 90 1 0 0 0 1 0 0 0 1 3710.dat
1 0 440 -16 90 1 0 0 0 1 0 0 0 1 3710.dat
1 0 520 -16 90 1 0 0 0 1 0 0 0 1 3710.dat
1 0 600 -16 90 1 0 0 0 1 0 0 0 1 3710.dat
1 0 680 -16 90 1 0 0 0 1 0 0 0 1 3710.dat
1 0 760 -16 90 1 0 0 0 1 0 0 0 1 3710.dat
1 0 840 -16 90 1 0 0 0 1 0 0 0 1 3710.dat
1 0 920 -16 90 1 0 0 0 1 0 0 0 1 3710.dat
1 0 1000 -16 90 1 0 0 0 1 0 0 0 1 3710.dat
1 0 1080 -16 90 1 0 0 0 1 0 0 0 1 3710.dat
0 STEP
1 72 -1080 -24 -90 1 0 0 0 1 0 0 0 1 2431.dat
1 72 -1000 -24 -90 1 0 0 0 1 0 0 0 1 2431.dat
1 72 -920 -24 -90 1 0 0 0 1 0 0 0 1 2431.dat
1 72 -840 -24 -90 1 0 0 0 1 0 0 0 1 2431.dat
1 72 -760 -24 -90 1 0 0 0 1 0 0 0 1 2431.dat
1 72 -680 -24 -90 1 0 0 0 1 0 0 0 1 2431.dat
1 72 -600 -24 -90 1 0 0 0 1 0 0 0 1 2431.dat
1 72 -520 -24 -90 1 0 0 0 1 0 0 0 1 2431.dat
1 72 -440 -24 -90 1 0 0 0 1 0 0 0 1 2431.dat
1 72 -360 -24 -90 1 0 0 0 1 0 0 0 1 2431.dat
1 72 -280 -24 -90 1 0 0 0 1 0 0 0 1 2431.dat
1 72 -200 -24 -90 1 0 0 0 1 0 0 0 1 2431.dat
1 72 -120 -24 -90 1 0 0 0 1 0 0 0 1 2431.dat
1 72 -40 -24 -90 1 0 0 0 1 0 0 0 1 2431.dat
1 72 40 -24 -90 1 0 0 0 1 0 0 0 1 2431.dat
1 72 120 -24 -90 1 0 0 0 1 0 0 0 1 2431.dat
1 72 200 -24 -90 1 0 0 0 1 0 0 0 1 2431.dat
1 72 280 -24 -90 1 0 0 0 1 0 0 0 1 2431.dat
1 72 360 -24 -90 1 0 0 0 1 0 0 0 1 2431.dat
1 72 440 -24 -90 1 0 0 0 1 0 0 0 1 2431.dat
1 72 520 -24 -90 1 0 0 0 1 0 0 0 1 2431.dat
1 72 600 -24 -90 1 0 0 0 1 0 0 0 1 2431.dat
1 72 680 -24 -90 1 0 0 0 1 0 0 0 1 2431.dat
1 72 760 -24 -90 1 0 0 0 1 0 0 0 1 2431.dat
1 72 840 -24 -90 1 0 0 0 1 0 0 0 1 2431.dat
1 72 920 -24 -90 1 0 0 0 1 0 0 0 1 2431.dat
1 72 1000 -24 -90 1 0 0 0 1 0 0 0 1 2431.dat
1 72 1080 -24 -90 1 0 0 0 1 0 0 0 1 2431.dat
1 72 -1080 -24 90 1 0 0 0 1 0 0 0 1 2431.dat
1 72 -1000 -24 90 1 0 0 0 1 0 0 0 1 2431.dat
1 72 -920 -24 90 1 0 0 0 1 0 0 0 1 2431.dat
1 72 -840 -24 90 1 0 0 0 1 0 0 0 1 2431.dat
1 72 -760 -24 90 1 0 0 0 1 0 0 0 1 2431.dat
1 72 -680 -24 90 1 0 0 0 1 0 0 0 1 2431.dat
1 72 -600 -24 90 1 0 0 0 1 0 0 0 1 2431.dat
1 72 -520 -24 90 1 0 0 0 1 0 0 0 1 2431.dat
1 72 -440 -24 90 1 0 0 0 1 0 0 0 1 2431.dat
1 72 -360 -24 90 1 0 0 0 1 0 0 0 1 2431.dat
1 72 -280 -24 90 1 0 0 0 1 0 0 0 1 2431.dat
1 72 -200 -24 90 1 0 0 0 1 0 0 0 1 2431.dat
1 72 -120 -24 90 1 0 0 0 1 0 0 0 1 2431.dat
1 72 -40 -24 90 1 0 0 0 1 0 0 0 1 2431.dat
1 72 40 -24 90 1 0 0 0 1 0 0 0 1 2431.dat
1 72 120 -24 90 1 0 0 0 1 0 0 0 1 2431.dat
1 72 200 -24 90 1 0 0 0 1 0 0 0 1 2431.dat
1 72 280 -24 90 1 0 0 0 1 0 0 0 1 2431.dat
1 72 360 -24 90 1 0 0 0 1 0 0 0 1 2431.dat
1 72 440 -24 90 1 0 0 0 1 0 0 0 1 2431.dat
1 72 520 -24 90 1 0 0 0 1 0 0 0 1 2431.dat
1 72 600 -24 90 1 0 0 0 1 0 0 0 1 2431.dat
1 72 680 -24 90 1 0 0 0 1 0 0 0 1 2431.dat
1 72 760 -24 90 1 0 0 0 1 0 0 0 1 2431.dat
1 72 840 -24 90 1 0 0 0 1 0 0 0 1 2431.dat
1 72 920 -24 90 1 0 0 0 1 0 0 0 1 2431.dat
1 72 1000 -24 90 1 0 0 0 1 0 0 0 1 2431.dat
1 72 1080 -24 90 1 0 0 0 1 0 0 0 1 2431.dat
0 STEP
1 0 -1080 -16 -110 1 0 0 0 1 0 0 0 1 15712.dat
1 0 -1080 -16 110 1 0 0 0 1 0 0 0 1 15712.dat
1 0 -1000 -16 -110 1 0 0 0 1 0 0 0 1 15712.dat
1 0 -1000 -16 110 1 0 0 0 1 0 0 0 1 15712.dat
1 0 -920 -16 -110 1 0 0 0 1 0 0 0 1 15712.dat
1 0 -920 -16 110 1 0 0 0 1 0 0 0 1 15712.dat
1 0 -840 -16 -110 1 0 0 0 1 0 0 0 1 15712.dat
1 0 -840 -16 110 1 0 0 0 1 0 0 0 1 15712.dat
1 0 -760 -16 -110 1 0 0 0 1 0 0 0 1 15712.dat
1 0 -760 -16 110 1 0 0 0 1 0 0 0 1 15712.dat
1 0 -680 -16 -110 1 0 0 0 1 0 0 0 1 15712.dat
1 0 -680 -16 110 1 0 0 0 1 0 0 0 1 15712.dat
1 0 -600 -16 -110 1 0 0 0 1 0 0 0 1 15712.dat
1 0 -600 -16 110 1 0 0 0 1 0 0 0 1 15712.dat
1 0 -520 -16 -110 1 0 0 0 1 0 0 0 1 15712.dat
1 0 -520 -16 110 1 0 0 0 1 0 0 0 1 15712.dat
1 0 -440 -16 -110 1 0 0 0 1 0 0 0 1 15712.dat
1 0 -440 -16 110 1 0 0 0 1 0 0 0 1 15712.dat
1 0 -360 -16 -110 1 0 0 0 1 0 0 0 1 15712.dat
1 0 -360 -16 110 1 0 0 0 1 0 0 0 1 15712.dat
1 0 -280 -16 -110 1 0 0 0 1 0 0 0 1 15712.dat
1 0 -280 -16 110 1 0 0 0 1 0 0 0 1 15712.dat
1 0 -200 -16 -110 1 0 0 0 1 0 0 0 1 15712.dat
1 0 -200 -16 110 1 0 0 0 1 0 0 0 1 15712.dat
1 0 -120 -16 -110 1 0 0 0 1 0 0 0 1 15712.dat
1 0 -120 -16 110 1 0 0 0 1 0 0 0 1 15712.dat
1 0 -40 -16 -110 1 0 0 0 1 0 0 0 1 15712.dat
1 0 -40 -16 110 1 0 0 0 1 0 0 0 1 15712.dat
1 0 40 -16 -110 1 0 0 0 1 0 0 0 1 15712.dat
1 0 40 -16 110 1 0 0 0 1 0 0 0 1 15712.dat
1 0 120 -16 -110 1 0 0 0 1 0 0 0 1 15712.dat
1 0 120 -16 110 1 0 0 0 1 0 0 0 1 15712.dat
1 0 200 -16 -110 1 0 0 0 1 0 0 0 1 15712.dat
1 0 200 -16 110 1 0 0 0 1 0 0 0 1 15712.dat
1 0 280 -16 -110 1 0 0 0 1 0 0 0 1 15712.dat
1 0 280 -16 110 1 0 0 0 1 0 0 0 1 15712.dat
1 0 360 -16 -110 1 0 0 0 1 0 0 0 1 15712.dat
1 0 360 -16 110 1 0 0 0 1 0 0 0 1 15712.dat
1 0 440 -16 -110 1 0 0 0 1 0 0 0 1 15712.dat
1 0 440 -16 110 1 0 0 0 1 0 0 0 1 15712.dat
1 0 520 -16 -110 1 0 0 0 1 0 0 0 1 15712.dat
1 0 520 -16 110 1 0 0 0 1 0 0 0 1 15712.dat
1 0 600 -16 -110 1 0 0 0 1 0 0 0 1 15712.dat
1 0 600 -16 110 1 0 0 0 1 0 0 0 1 15712.dat
1 0 680 -16 -110 1 0 0 0 1 0 0 0 1 15712.dat
1 0 680 -16 110 1 0 0 0 1 0 0 0 1 15712.dat
1 0 760 -16 -110 1 0 0 0 1 0 0 0 1 15712.dat
1 0 760 -16 110 1 0 0 0 1 0 0 0 1 15712.dat
1 0 840 -16 -110 1 0 0 0 1 0 0 0 1 15712.dat
1 0 840 -16 110 1 0 0 0 1 0 0 0 1 15712.dat
1 0 920 -16 -110 1 0 0 0 1 0 0 0 1 15712.dat
1 0 920 -16 110 1 0 0 0 1 0 0 0 1 15712.dat
1 0 1000 -16 -110 1 0 0 0 1 0 0 0 1 15712.dat
1 0 1000 -16 110 1 0 0 0 1 0 0 0 1 15712.dat
1 0 1080 -16 -110 1 0 0 0 1 0 0 0 1 15712.dat
1 0 1080 -16 110 1 0 0 0 1 0 0 0 1 15712.dat
0 STEP
1 0 360 -78 0 0 0 1 0 1 0 -1 0 0 50451.dat
1 0 360 -78.0007 -106 1 0 0 0 1 0 0 0 1 56908.dat
1 0 360 -78.0007 106 1 0 0 0 1 0 0 0 1 56908.dat
1 0 500 -78 0 0 0 1 0 1 0 -1 0 0 50451.dat
1 0 500 -78.0007 -106 1 0 0 0 1 0 0 0 1 56908.dat
1 0 500 -78.0007 106 1 0 0 0 1 0 0 0 1 56908.dat
1 0 640 -78 0 0 0 1 0 1 0 -1 0 0 50451.dat
1 0 640 -78.0007 -106 1 0 0 0 1 0 0 0 1 56908.dat
1 0 640 -78.0007 106 1 0 0 0 1 0 0 0 1 56908.dat
1 0 780 -78 0 0 0 1 0 1 0 -1 0 0 50451.dat
1 0 780 -78.0007 -106 1 0 0 0 1 0 0 0 1 56908.dat
1 0 780 -78.0007 106 1 0 0 0 1 0 0 0 1 56908.dat
0 STEP
1 0 360 -78 -66.9997 1 0 0 0 0 1 0 -1 0 11213.dat
1 0 360 -78 71.0003 1 0 0 0 0 1 0 -1 0 11213.dat
1 0 500 -78 -66.9997 1 0 0 0 0 1 0 -1 0 11213.dat
1 0 500 -78 71.0003 1 0 0 0 0 1 0 -1 0 11213.dat
1 0 640 -78 -66.9997 1 0 0 0 0 1 0 -1 0 11213.dat
1 0 640 -78 71.0003 1 0 0 0 0 1 0 -1 0 11213.dat
1 0 780 -78 -66.9997 1 0 0 0 0 1 0 -1 0 11213.dat
1 0 780 -78 71.0003 1 0 0 0 0 1 0 -1 0 11213.dat
0 STEP
1 72 360 -76 -152 1 0 0 0 1 0 0 0 1 3031.dat
1 72 360 -100 -152 1 0 0 0 1 0 0 0 1 3003.dat
1 72 360 -108 -152 1 0 0 0 1 0 0 0 1 3031.dat
1 0 360 -94 -128 1 0 0 0 0 1 0 -1 0 3941.dat
1 72 360 -76 152 1 0 0 0 1 0 0 0 1 3031.dat
1 72 360 -100 152 1 0 0 0 1 0 0 0 1 3003.dat
1 72 360 -108 152 1 0 0 0 1 0 0 0 1 3031.dat
1 0 360 -94 176 1 0 0 0 0 1 0 -1 0 3941.dat
1 72 500 -76 -152 1 0 0 0 1 0 0 0 1 3031.dat
1 72 500 -100 -152 1 0 0 0 1 0 0 0 1 3003.dat
1 72 500 -108 -152 1 0 0 0 1 0 0 0 1 3031.dat
1 0 500 -94 -128 1 0 0 0 0 1 0 -1 0 3941.dat
1 72 500 -76 152 1 0 0 0 1 0 0 0 1 3031.dat
1 72 500 -100 152 1 0 0 0 1 0 0 0 1 3003.dat
1 72 500 -108 152 1 0 0 0 1 0 0 0 1 3031.dat
1 0 500 -94 176 1 0 0 0 0 1 0 -1 0 3941.dat
1 72 640 -76 -152 1 0 0 0 1 0 0 0 1 3031.dat
1 72 640 -100 -152 1 0 0 0 1 0 0 0 1 3003.dat
1 72 640 -108 -152 1 0 0 0 1 0 0 0 1 3031.dat
1 0 640 -94 -128 1 0 0 0 0 1 0 -1 0 3941.dat
1 72 640 -76 152 1 0 0 0 1 0 0 0 1 3031.dat
1 72 640 -100 152 1 0 0 0 1 0 0 0 1 3003.dat
1 72 640 -108 152 1 0 0 0 1 0 0 0 1 3031.dat
1 0 640 -94 176 1 0 0 0 0 1 0 -1 0 3941.dat
1 72 780 -76 -152 1 0 0 0 1 0 0 0 1 3031.dat
1 72 780 -100 -152 1 0 0 0 1 0 0 0 1 3003.dat
1 72 780 -108 -152 1 0 0 0 1 0 0 0 1 3031.dat
1 0 780 -94 -128 1 0 0 0 0 1 0 -1 0 3941.dat
1 72 780 -76 152 1 0 0 0 1 0 0 0 1 3031.dat
1 72 780 -100 152 1 0 0 0 1 0 0 0 1 3003.dat
1 72 780 -108 152 1 0 0 0 1 0 0 0 1 3031.dat
1 0 780 -94 176 1 0 0 0 0 1 0 -1 0 3941.dat
0 STEP
1 72 330 -132 -150 1 0 0 0 1 0 0 0 1 3010.dat
1 72 330 -156 -150 1 0 0 0 1 0 0 0 1 3010.dat
1 72 410 -132 -150 1 0 0 0 1 0 0 0 1 3010.dat
1 72 410 -156 -150 1 0 0 0 1 0 0 0 1 3010.dat
1 72 490 -132 -150 1 0 0 0 1 0 0 0 1 3010.dat
1 72 490 -156 -150 1 0 0 0 1 0 0 0 1 3010.dat
1 72 570 -132 -150 1 0 0 0 1 0 0 0 1 3010.dat
1 72 570 -156 -150 1 0 0 0 1 0 0 0 1 3010.dat
1 72 650 -132 -150 1 0 0 0 1 0 0 0 1 3010.dat
1 72 650 -156 -150 1 0 0 0 1 0 0 0 1 3010.dat
1 72 730 -132 -150 1 0 0 0 1 0 0 0 1 3010.dat
1 72 730 -156 -150 1 0 0 0 1 0 0 0 1 3010.dat
1 72 810 -132 -150 1 0 0 0 1 0 0 0 1 3010.dat
1 72 810 -156 -150 1 0 0 0 1 0 0 0 1 3010.dat
1 72 330 -132 150 1 0 0 0 1 0 0 0 1 3010.dat
1 72 330 -156 150 1 0 0 0 1 0 0 0 1 3010.dat
1 72 410 -132 150 1 0 0 0 1 0 0 0 1 3010.dat
1 72 410 -156 150 1 0 0 0 1 0 0 0 1 3010.dat
1 72 490 -132 150 1 0 0 0 1 0 0 0 1 3010.dat
1 72 490 -156 150 1 0 0 0 1 0 0 0 1 3010.dat
1 72 570 -132 150 1 0 0 0 1 0 0 0 1 3010.dat
1 72 570 -156 150 1 0 0 0 1 0 0 0 1 3010.dat
1 72 650 -132 150 1 0 0 0 1 0 0 0 1 3010.dat
1 72 650 -156 150 1 0 0 0 1 0 0 0 1 3010.dat
1 72 730 -132 150 1 0 0 0 1 0 0 0 1 3010.dat
1 72 730 -156 150 1 0 0 0 1 0 0 0 1 3010.dat
1 72 810 -132 150 1 0 0 0 1 0 0 0 1 3010.dat
1 72 810 -156 150 1 0 0 0 1 0 0 0 1 3010.dat
1 0 360 -140 -80 1 0 0 0 1 0 0 0 1 3031.dat
1 0 360 -140 0 1 0 0 0 1 0 0 0 1 3031.dat
1 0 360 -140 80 1 0 0 0 1 0 0 0 1 3031.dat
1 0 500 -140 -80 1 0 0 0 1 0 0 0 1 3031.dat
1 0 500 -140 0 1 0 0 0 1 0 0 0 1 3031.dat
1 0 500 -140 80 1 0 0 0 1 0 0 0 1 3031.dat
1 0 640 -140 -80 1 0 0 0 1 0 0 0 1 3031.dat
1 0 640 -140 0 1 0 0 0 1 0 0 0 1 3031.dat
1 0 640 -140 80 1 0 0 0 1 0 0 0 1 3031.dat
1 0 780 -140 -80 1 0 0 0 1 0 0 0 1 3031.dat
1 0 780 -140 0 1 0 0 0 1 0 0 0 1 3031.dat
1 0 780 -140 80 1 0 0 0 1 0 0 0 1 3031.dat
0 STEP
1 0 332 -118 -150 1 0 0 0 1 0 0 0 1 3941.dat
1 0 332 -150 -150 1 0 0 0 1 0 0 0 1 2412b.dat
1 0 388 -118 -150 1 0 0 0 1 0 0 0 1 3941.dat
1 0 388 -150 -150 1 0 0 0 1 0 0 0 1 2412b.dat
1 0 332 -118 150 1 0 0 0 1 0 0 0 1 3941.dat
1 0 332 -150 150 1 0 0 0 1 0 0 0 1 2412b.dat
1 0 388 -118 150 1 0 0 0 1 0 0 0 1 3941.dat
1 0 388 -150 150 1 0 0 0 1 0 0 0 1 2412b.dat
1 0 472 -118 -150 1 0 0 0 1 0 0 0 1 3941.dat
1 0 472 -150 -150 1 0 0 0 1 0 0 0 1 2412b.dat
1 0 528 -118 -150 1 0 0 0 1 0 0 0 1 3941.dat
1 0 528 -150 -150 1 0 0 0 1 0 0 0 1 2412b.dat
1 0 472 -118 150 1 0 0 0 1 0 0 0 1 3941.dat
1 0 472 -150 150 1 0 0 0 1 0 0 0 1 2412b.dat
1 0 528 -118 150 1 0 0 0 1 0 0 0 1 3941.dat
1 0 528 -150 150 1 0 0 0 1 0 0 0 1 2412b.dat
1 0 612 -118 -150 1 0 0 0 1 0 0 0 1 3941.dat
1 0 612 -150 -150 1 0 0 0 1 0 0 0 1 2412b.dat
1 0 668 -118 -150 1 0 0 0 1 0 0 0 1 3941.dat
1 0 668 -150 -150 1 0 0 0 1 0 0 0 1 2412b.dat
1 0 612 -118 150 1 0 0 0 1 0 0 0 1 3941.dat
1 0 612 -150 150 1 0 0 0 1 0 0 0 1 2412b.dat
1 0 668 -118 150 1 0 0 0 1 0 0 0 1 3941.dat
1 0 668 -150 150 1 0 0 0 1 0 0 0 1 2412b.dat
1 0 752 -118 -150 1 0 0 0 1 0 0 0 1 3941.dat
1 0 752 -150 -150 1 0 0 0 1 0 0 0 1 2412b.dat
1 0 808 -118 -150 1 0 0 0 1 0 0 0 1 3941.dat
1 0 808 -150 -150 1 0 0 0 1 0 0 0 1 2412b.dat
1 0 752 -118 150 1 0 0 0 1 0 0 0 1 3941.dat
1 0 752 -150 150 1 0 0 0 1 0 0 0 1 2412b.dat
1 0 808 -118 150 1 0 0 0 1 0 0 0 1 3941.dat
1 0 808 -150 150 1 0 0 0 1 0 0 0 1 2412b.dat
0 STEP
1 0 430 -160 -80 0 0 1 0 1 0 -1 0 0 3001.dat
1 0 430 -160 0 0 0 1 0 1 0 -1 0 0 3001.dat
1 0 430 -160 80 0 0 1 0 1 0 -1 0 0 3001.dat
1 0 570 -160 -80 0 0 1 0 1 0 -1 0 0 3001.dat
1 0 570 -160 0 0 0 1 0 1 0 -1 0 0 3001.dat
1 0 570 -160 80 0 0 1 0 1 0 -1 0 0 3001.dat
1 0 710 -160 -80 0 0 1 0 1 0 -1 0 0 3001.dat
1 0 710 -160 0 0 0 1 0 1 0 -1 0 0 3001.dat
1 0 710 -160 80 0 0 1 0 1 0 -1 0 0 3001.dat
0 STEP
1 0 -780 -78 0 0 0 1 0 1 0 -1 0 0 50451.dat
1 0 -780 -78.0007 -106 1 0 0 0 1 0 0 0 1 56908.dat
1 0 -780 -78.0007 106 1 0 0 0 1 0 0 0 1 56908.dat
1 0 -640 -78 0 0 0 1 0 1 0 -1 0 0 50451.dat
1 0 -640 -78.0007 -106 1 0 0 0 1 0 0 0 1 56908.dat
1 0 -640 -78.0007 106 1 0 0 0 1 0 0 0 1 56908.dat
1 0 -500 -78 0 0 0 1 0 1 0 -1 0 0 50451.dat
1 0 -500 -78.0007 -106 1 0 0 0 1 0 0 0 1 56908.dat
1 0 -500 -78.0007 106 1 0 0 0 1 0 0 0 1 56908.dat
1 0 -360 -78 0 0 0 1 0 1 0 -1 0 0 50451.dat
1 0 -360 -78.0007 -106 1 0 0 0 1 0 0 0 1 56908.dat
1 0 -360 -78.0007 106 1 0 0 0 1 0 0 0 1 56908.dat
0 STEP
1 0 -780 -78 -66.9997 1 0 0 0 0 1 0 -1 0 11213.dat
1 0 -780 -78 71.0003 1 0 0 0 0 1 0 -1 0 11213.dat
1 0 -640 -78 -66.9997 1 0 0 0 0 1 0 -1 0 11213.dat
1 0 -640 -78 71.0003 1 0 0 0 0 1 0 -1 0 11213.dat
1 0 -500 -78 -66.9997 1 0 0 0 0 1 0 -1 0 11213.dat
1 0 -500 -78 71.0003 1 0 0 0 0 1 0 -1 0 11213.dat
1 0 -360 -78 -66.9997 1 0 0 0 0 1 0 -1 0 11213.dat
1 0 -360 -78 71.0003 1 0 0 0 0 1 0 -1 0 11213.dat
0 STEP
1 72 -780 -76 -152 1 0 0 0 1 0 0 0 1 3031.dat
1 72 -780 -100 -152 1 0 0 0 1 0 0 0 1 3003.dat
1 72 -780 -108 -152 1 0 0 0 1 0 0 0 1 3031.dat
1 0 -780 -94 -128 1 0 0 0 0 1 0 -1 0 3941.dat
1 72 -780 -76 152 1 0 0 0 1 0 0 0 1 3031.dat
1 72 -780 -100 152 1 0 0 0 1 0 0 0 1 3003.dat
1 72 -780 -108 152 1 0 0 0 1 0 0 0 1 3031.dat
1 0 -780 -94 176 1 0 0 0 0 1 0 -1 0 3941.dat
1 72 -640 -76 -152 1 0 0 0 1 0 0 0 1 3031.dat
1 72 -640 -100 -152 1 0 0 0 1 0 0 0 1 3003.dat
1 72 -640 -108 -152 1 0 0 0 1 0 0 0 1 3031.dat
1 0 -640 -94 -128 1 0 0 0 0 1 0 -1 0 3941.dat
1 72 -640 -76 152 1 0 0 0 1 0 0 0 1 3031.dat
1 72 -640 -100 152 1 0 0 0 1 0 0 0 1 3003.dat
1 72 -640 -108 152 1 0 0 0 1 0 0 0 1 3031.dat
1 0 -640 -94 176 1 0 0 0 0 1 0 -1 0 3941.dat
1 72 -500 -76 -152 1 0 0 0 1 0 0 0 1 3031.dat
1 72 -500 -100 -152 1 0 0 0 1 0 0 0 1 3003.dat
1 72 -500 -108 -152 1 0 0 0 1 0 0 0 1 3031.dat
1 0 -500 -94 -128 1 0 0 0 0 1 0 -1 0 3941.dat
1 72 -500 -76 152 1 0 0 0 1 0 0 0 1 3031.dat
1 72 -500 -100 152 1 0 0 0 1 0 0 0 1 3003.dat
1 72 -500 -108 152 1 0 0 0 1 0 0 0 1 3031.dat
1 0 -500 -94 176 1 0 0 0 0 1 0 -1 0 3941.dat
1 72 -360 -76 -152 1 0 0 0 1 0 0 0 1 3031.dat
1 72 -360 -100 -152 1 0 0 0 1 0 0 0 1 3003.dat
1 72 -360 -108 -152 1 0 0 0 1 0 0 0 1 3031.dat
1 0 -360 -94 -128 1 0 0 0 0 1 0 -1 0 3941.dat
1 72 -360 -76 152 1 0 0 0 1 0 0 0 1 3031.dat
1 72 -360 -100 152 1 0 0 0 1 0 0 0 1 3003.dat
1 72 -360 -108 152 1 0 0 0 1 0 0 0 1 3031.dat
1 0 -360 -94 176 1 0 0 0 0 1 0 -1 0 3941.dat
0 STEP
1 72 -810 -132 -150 1 0 0 0 1 0 0 0 1 3010.dat
1 72 -810 -156 -150 1 0 0 0 1 0 0 0 1 3010.dat
1 72 -730 -132 -150 1 0 0 0 1 0 0 0 1 3010.dat
1 72 -730 -156 -150 1 0 0 0 1 0 0 0 1 3010.dat
1 72 -650 -132 -150 1 0 0 0 1 0 0 0 1 3010.dat
1 72 -650 -156 -150 1 0 0 0 1 0 0 0 1 3010.dat
1 72 -570 -132 -150 1 0 0 0 1 0 0 0 1 3010.dat
1 72 -570 -156 -150 1 0 0 0 1 0 0 0 1 3010.dat
1 72 -490 -132 -150 1 0 0 0 1 0 0 0 1 3010.dat
1 72 -490 -156 -150 1 0 0 0 1 0 0 0 1 3010.dat
1 72 -410 -132 -150 1 0 0 0 1 0 0 0 1 3010.dat
1 72 -410 -156 -150 1 0 0 0 1 0 0 0 1 3010.dat
1 72 -330 -132 -150 1 0 0 0 1 0 0 0 1 3010.dat
1 72 -330 -156 -150 1 0 0 0 1 0 0 0 1 3010.dat
1 72 -810 -132 150 1 0 0 0 1 0 0 0 1 3010.dat
1 72 -810 -156 150 1 0 0 0 1 0 0 0 1 3010.dat
1 72 -730 -132 150 1 0 0 0 1 0 0 0 1 3010.dat
1 72 -730 -156 150 1 0 0 0 1 0 0 0 1 3010.dat
1 72 -650 -132 150 1 0 0 0 1 0 0 0 1 3010.dat
1 72 -650 -156 150 1 0 0 0 1 0 0 0 1 3010.dat
1 72 -570 -132 150 1 0 0 0 1 0 0 0 1 3010.dat
1 72 -570 -156 150 1 0 0 0 1 0 0 0 1 3010.dat
1 72 -490 -132 150 1 0 0 0 1 0 0 0 1 3010.dat
1 72 -490 -156 150 1 0 0 0 1 0 0 0 1 3010.dat
1 72 -410 -132 150 1 0 0 0 1 0 0 0 1 3010.dat
1 72 -410 -156 150 1 0 0 0 1 0 0 0 1 3010.dat
1 72 -330 -132 150 1 0 0 0 1 0 0 0 1 3010.dat
1 72 -330 -156 150 1 0 0 0 1 0 0 0 1 3010.dat
1 0 -780 -140 -80 1 0 0 0 1 0 0 0 1 3031.dat
1 0 -780 -140 0 1 0 0 0 1 0 0 0 1 3031.dat
1 0 -780 -140 80 1 0 0 0 1 0 0 0 1 3031.dat
1 0 -640 -140 -80 1 0 0 0 1 0 0 0 1 3031.dat
1 0 -640 -140 0 1 0 0 0 1 0 0 0 1 3031.dat
1 0 -640 -140 80 1 0 0 0 1 0 0 0 1 3031.dat
1 0 -500 -140 -80 1 0 0 0 1 0 0 0 1 3031.dat
1 0 -500 -140 0 1 0 0 0 1 0 0 0 1 3031.dat
1 0 -500 -140 80 1 0 0 0 1 0 0 0 1 3031.dat
1 0 -360 -140 -80 1 0 0 0 1 0 0 0 1 3031.dat
1 0 -360 -140 0 1 0 0 0 1 0 0 0 1 3031.dat
1 0 -360 -140 80 1 0 0 0 1 0 0 0 1 3031.dat
0 STEP
1 0 -808 -118 -150 1 0 0 0 1 0 0 0 1 3941.dat
1 0 -808 -150 -150 1 0 0 0 1 0 0 0 1 2412b.dat
1 0 -752 -118 -150 1 0 0 0 1 0 0 0 1 3941.dat
1 0 -752 -150 -150 1 0 0 0 1 0 0 0 1 2412b.dat
1 0 -808 -118 150 1 0 0 0 1 0 0 0 1 3941.dat
1 0 -808 -150 150 1 0 0 0 1 0 0 0 1 2412b.dat
1 0 -752 -118 150 1 0 0 0 1 0 0 0 1 3941.dat
1 0 -752 -150 150 1 0 0 0 1 0 0 0 1 2412b.dat
1 0 -668 -118 -150 1 0 0 0 1 0 0 0 1 3941.dat
1 0 -668 -150 -150 1 0 0 0 1 0 0 0 1 2412b.dat
1 0 -612 -118 -150 1 0 0 0 1 0 0 0 1 3941.dat
1 0 -612 -150 -150 1 0 0 0 1 0 0 0 1 2412b.dat
1 0 -668 -118 150 1 0 0 0 1 0 0 0 1 3941.dat
1 0 -668 -150 150 1 0 0 0 1 0 0 0 1 2412b.dat
1 0 -612 -118 150 1 0 0 0 1 0 0 0 1 3941.dat
1 0 -612 -150 150 1 0 0 0 1 0 0 0 1 2412b.dat
1 0 -528 -118 -150 1 0 0 0 1 0 0 0 1 3941.dat
1 0 -528 -150 -150 1 0 0 0 1 0 0 0 1 2412b.dat
1 0 -472 -118 -150 1 0 0 0 1 0 0 0 1 3941.dat
1 0 -472 -150 -150 1 0 0 0 1 0 0 0 1 2412b.dat
1 0 -528 -118 150 1 0 0 0 1 0 0 0 1 3941.dat
1 0 -528 -150 150 1 0 0 0 1 0 0 0 1 2412b.dat
1 0 -472 -118 150 1 0 0 0 1 0 0 0 1 3941.dat
1 0 -472 -150 150 1 0 0 0 1 0 0 0 1 2412b.dat
1 0 -388 -118 -150 1 0 0 0 1 0 0 0 1 3941.dat
1 0 -388 -150 -150 1 0 0 0 1 0 0 0 1 2412b.dat
1 0 -332 -118 -150 1 0 0 0 1 0 0 0 1 3941.dat
1 0 -332 -150 -150 1 0 0 0 1 0 0 0 1 2412b.dat
1 0 -388 -118 150 1 0 0 0 1 0 0 0 1 3941.dat
1 0 -388 -150 150 1 0 0 0 1 0 0 0 1 2412b.dat
1 0 -332 -118 150 1 0 0 0 1 0 0 0 1 3941.dat
1 0 -332 -150 150 1 0 0 0 1 0 0 0 1 2412b.dat
0 STEP
1 0 -710 -160 -80 0 0 1 0 1 0 -1 0 0 3001.dat
1 0 -710 -160 0 0 0 1 0 1 0 -1 0 0 3001.dat
1 0 -710 -160 80 0 0 1 0 1 0 -1 0 0 3001.dat
1 0 -570 -160 -80 0 0 1 0 1 0 -1 0 0 3001.dat
1 0 -570 -160 0 0 0 1 0 1 0 -1 0 0 3001.dat
1 0 -570 -160 80 0 0 1 0 1 0 -1 0 0 3001.dat
1 0 -430 -160 -80 0 0 1 0 1 0 -1 0 0 3001.dat
1 0 -430 -160 0 0 0 1 0 1 0 -1 0 0 3001.dat
1 0 -430 -160 80 0 0 1 0 1 0 -1 0 0 3001.dat
0 STEP
1 0 -840 -168 -140 1 0 0 0 1 0 0 0 1 3020.dat
1 0 -840 -168 -100 1 0 0 0 1 0 0 0 1 3020.dat
1 0 -840 -168 -60 1 0 0 0 1 0 0 0 1 3020.dat
1 0 -840 -168 -20 1 0 0 0 1 0 0 0 1 3020.dat
1 0 -840 -168 20 1 0 0 0 1 0 0 0 1 3020.dat
1 0 -840 -168 60 1 0 0 0 1 0 0 0 1 3020.dat
1 0 -840 -168 100 1 0 0 0 1 0 0 0 1 3020.dat
1 0 -840 -168 140 1 0 0 0 1 0 0 0 1 3020.dat
1 0 -760 -168 -140 1 0 0 0 1 0 0 0 1 3020.dat
1 0 -760 -168 -100 1 0 0 0 1 0 0 0 1 3020.dat
1 0 -760 -168 -60 1 0 0 0 1 0 0 0 1 3020.dat
1 0 -760 -168 -20 1 0 0 0 1 0 0 0 1 3020.dat
1 0 -760 -168 20 1 0 0 0 1 0 0 0 1 3020.dat
1 0 -760 -168 60 1 0 0 0 1 0 0 0 1 3020.dat
1 0 -760 -168 100 1 0 0 0 1 0 0 0 1 3020.dat
1 0 -760 -168 140 1 0 0 0 1 0 0 0 1 3020.dat
1 0 -680 -168 -140 1 0 0 0 1 0 0 0 1 3020.dat
1 0 -680 -168 -100 1 0 0 0 1 0 0 0 1 3020.dat
1 0 -680 -168 -60 1 0 0 0 1 0 0 0 1 3020.dat
1 0 -680 -168 -20 1 0 0 0 1 0 0 0 1 3020.dat
1 0 -680 -168 20 1 0 0 0 1 0 0 0 1 3020.dat
1 0 -680 -168 60 1 0 0 0 1 0 0 0 1 3020.dat
1 0 -680 -168 100 1 0 0 0 1 0 0 0 1 3020.dat
1 0 -680 -168 140 1 0 0 0 1 0 0 0 1 3020.dat
1 0 -600 -168 -140 1 0 0 0 1 0 0 0 1 3020.dat
1 0 -600 -168 -100 1 0 0 0 1 0 0 0 1 3020.dat
1 0 -600 -168 -60 1 0 0 0 1 0 0 0 1 3020.dat
1 0 -600 -168 -20 1 0 0 0 1 0 0 0 1 3020.dat
1 0 -600 -168 20 1 0 0 0 1 0 0 0 1 3020.dat
1 0 -600 -168 60 1 0 0 0 1 0 0 0 1 3020.dat
1 0 -600 -168 100 1 0 0 0 1 0 0 0 1 3020.dat
1 0 -600 -168 140 1 0 0 0 1 0 0 0 1 3020.dat
1 0 -520 -168 -140 1 0 0 0 1 0 0 0 1 3020.dat
1 0 -520 -168 -100 1 0 0 0 1 0 0 0 1 3020.dat
1 0 -520 -168 -60 1 0 0 0 1 0 0 0 1 3020.dat
1 0 -520 -168 -20 1 0 0 0 1 0 0 0 1 3020.dat
1 0 -520 -168 20 1 0 0 0 1 0 0 0 1 3020.dat
1 0 -520 -168 60 1 0 0 0 1 0 0 0 1 3020.dat
1 0 -520 -168 100 1 0 0 0 1 0 0 0 1 3020.dat
1 0 -520 -168 140 1 0 0 0 1 0 0 0 1 3020.dat
1 0 -440 -168 -140 1 0 0 0 1 0 0 0 1 3020.dat
1 0 -440 -168 -100 1 0 0 0 1 0 0 0 1 3020.dat
1 0 -440 -168 -60 1 0 0 0 1 0 0 0 1 3020.dat
1 0 -440 -168 -20 1 0 0 0 1 0 0 0 1 3020.dat
1 0 -440 -168 20 1 0 0 0 1 0 0 0 1 3020.dat
1 0 -440 -168 60 1 0 0 0 1 0 0 0 1 3020.dat
1 0 -440 -168 100 1 0 0 0 1 0 0 0 1 3020.dat
1 0 -440 -168 140 1 0 0 0 1 0 0 0 1 3020.dat
1 0 -360 -168 -140 1 0 0 0 1 0 0 0 1 3020.dat
1 0 -360 -168 -100 1 0 0 0 1 0 0 0 1 3020.dat
1 0 -360 -168 -60 1 0 0 0 1 0 0 0 1 3020.dat
1 0 -360 -168 -20 1 0 0 0 1 0 0 0 1 3020.dat
1 0 -360 -168 20 1 0 0 0 1 0 0 0 1 3020.dat
1 0 -360 -168 60 1 0 0 0 1 0 0 0 1 3020.dat
1 0 -360 -168 100 1 0 0 0 1 0 0 0 1 3020.dat
1 0 -360 -168 140 1 0 0 0 1 0 0 0 1 3020.dat
1 0 -280 -168 -140 1 0 0 0 1 0 0 0 1 3020.dat
1 0 -280 -168 -100 1 0 0 0 1 0 0 0 1 3020.dat
1 0 -280 -168 -60 1 0 0 0 1 0 0 0 1 3020.dat
1 0 -280 -168 -20 1 0 0 0 1 0 0 0 1 3020.dat
1 0 -280 -168 20 1 0 0 0 1 0 0 0 1 3020.dat
1 0 -280 -168 60 1 0 0 0 1 0 0 0 1 3020.dat
1 0 -280 -168 100 1 0 0 0 1 0 0 0 1 3020.dat
1 0 -280 -168 140 1 0 0 0 1 0 0 0 1 3020.dat
1 0 -200 -168 -140 1 0 0 0 1 0 0 0 1 3020.dat
1 0 -200 -168 -100 1 0 0 0 1 0 0 0 1 3020.dat
1 0 -200 -168 -60 1 0 0 0 1 0 0 0 1 3020.dat
1 0 -200 -168 -20 1 0 0 0 1 0 0 0 1 3020.dat
1 0 -200 -168 20 1 0 0 0 1 0 0 0 1 3020.dat
1 0 -200 -168 60 1 0 0 0 1 0 0 0 1 3020.dat
1 0 -200 -168 100 1 0 0 0 1 0 0 0 1 3020.dat
1 0 -200 -168 140 1 0 0 0 1 0 0 0 1 3020.dat
1 0 -120 -168 -140 1 0 0 0 1 0 0 0 1 3020.dat
1 0 -120 -168 -100 1 0 0 0 1 0 0 0 1 3020.dat
1 0 -120 -168 -60 1 0 0 0 1 0 0 0 1 3020.dat
1 0 -120 -168 -20 1 0 0 0 1 0 0 0 1 3020.dat
1 0 -120 -168 20 1 0 0 0 1 0 0 0 1 3020.dat
1 0 -120 -168 60 1 0 0 0 1 0 0 0 1 3020.dat
1 0 -120 -168 100 1 0 0 0 1 0 0 0 1 3020.dat
1 0 -120 -168 140 1 0 0 0 1 0 0 0 1 3020.dat
1 0 -40 -168 -140 1 0 0 0 1 0 0 0 1 3020.dat
1 0 -40 -168 -100 1 0 0 0 1 0 0 0 1 3020.dat
1 0 -40 -168 -60 1 0 0 0 1 0 0 0 1 3020.dat
1 0 -40 -168 -20 1 0 0 0 1 0 0 0 1 3020.dat
1 0 -40 -168 20 1 0 0 0 1 0 0 0 1 3020.dat
1 0 -40 -168 60 1 0 0 0 1 0 0 0 1 3020.dat
1 0 -40 -168 100 1 0 0 0 1 0 0 0 1 3020.dat
1 0 -40 -168 140 1 0 0 0 1 0 0 0 1 3020.dat
1 0 40 -168 -140 1 0 0 0 1 0 0 0 1 3020.dat
1 0 40 -168 -100 1 0 0 0 1 0 0 0 1 3020.dat
1 0 40 -168 -60 1 0 0 0 1 0 0 0 1 3020.dat
1 0 40 -168 -20 1 0 0 0 1 0 0 0 1 3020.dat
1 0 40 -168 20 1 0 0 0 1 0 0 0 1 3020.dat
1 0 40 -168 60 1 0 0 0 1 0 0 0 1 3020.dat
1 0 40 -168 100 1 0 0 0 1 0 0 0 1 3020.dat
1 0 40 -168 140 1 0 0 0 1 0 0 0 1 3020.dat
1 0 120 -168 -140 1 0 0 0 1 0 0 0 1 3020.dat
1 0 120 -168 -100 1 0 0 0 1 0 0 0 1 3020.dat
1 0 120 -168 -60 1 0 0 0 1 0 0 0 1 3020.dat
1 0 120 -168 -20 1 0 0 0 1 0 0 0 1 3020.dat
1 0 120 -168 20 1 0 0 0 1 0 0 0 1 3020.dat
1 0 120 -168 60 1 0 0 0 1 0 0 0 1 3020.dat
1 0 120 -168 100 1 0 0 0 1 0 0 0 1 3020.dat
1 0 120 -168 140 1 0 0 0 1 0 0 0 1 3020.dat
1 0 200 -168 -140 1 0 0 0 1 0 0 0 1 3020.dat
1 0 200 -168 -100 1 0 0 0 1 0 0 0 1 3020.dat
1 0 200 -168 -60 1 0 0 0 1 0 0 0 1 3020.dat
1 0 200 -168 -20 1 0 0 0 1 0 0 0 1 3020.dat
1 0 200 -168 20 1 0 0 0 1 0 0 0 1 3020.dat
1 0 200 -168 60 1 0 0 0 1 0 0 0 1 3020.dat
1 0 200 -168 100 1 0 0 0 1 0 0 0 1 3020.dat
1 0 200 -168 140 1 0 0 0 1 0 0 0 1 3020.dat
1 0 280 -168 -140 1 0 0 0 1 0 0 0 1 3020.dat
1 0 280 -168 -100 1 0 0 0 1 0 0 0 1 3020.dat
1 0 280 -168 -60 1 0 0 0 1 0 0 0 1 3020.dat
1 0 280 -168 -20 1 0 0 0 1 0 0 0 1 3020.dat
1 0 280 -168 20 1 0 0 0 1 0 0 0 1 3020.dat
1 0 280 -168 60 1 0 0 0 1 0 0 0 1 3020.dat
1 0 280 -168 100 1 0 0 0 1 0 0 0 1 3020.dat
1 0 280 -168 140 1 0 0 0 1 0 0 0 1 3020.dat
1 0 360 -168 -140 1 0 0 0 1 0 0 0 1 3020.dat
1 0 360 -168 -100 1 0 0 0 1 0 0 0 1 3020.dat
1 0 360 -168 -60 1 0 0 0 1 0 0 0 1 3020.dat
1 0 360 -168 -20 1 0 0 0 1 0 0 0 1 3020.dat
1 0 360 -168 20 1 0 0 0 1 0 0 0 1 3020.dat
1 0 360 -168 60 1 0 0 0 1 0 0 0 1 3020.dat
1 0 360 -168 100 1 0 0 0 1 0 0 0 1 3020.dat
1 0 360 -168 140 1 0 0 0 1 0 0 0 1 3020.dat
1 0 440 -168 -140 1 0 0 0 1 0 0 0 1 3020.dat
1 0 440 -168 -100 1 0 0 0 1 0 0 0 1 3020.dat
1 0 440 -168 -60 1 0 0 0 1 0 0 0 1 3020.dat
1 0 440 -168 -20 1 0 0 0 1 0 0 0 1 3020.dat
1 0 440 -168 20 1 0 0 0 1 0 0 0 1 3020.dat
1 0 440 -168 60 1 0 0 0 1 0 0 0 1 3020.dat
1 0 440 -168 100 1 0 0 0 1 0 0 0 1 3020.dat
1 0 440 -168 140 1 0 0 0 1 0 0 0 1 3020.dat
1 0 520 -168 -140 1 0 0 0 1 0 0 0 1 3020.dat
1 0 520 -168 -100 1 0 0 0 1 0 0 0 1 3020.dat
1 0 520 -168 -60 1 0 0 0 1 0 0 0 1 3020.dat
1 0 520 -168 -20 1 0 0 0 1 0 0 0 1 3020.dat
1 0 520 -168 20 1 0 0 0 1 0 0 0 1 3020.dat
1 0 520 -168 60 1 0 0 0 1 0 0 0 1 3020.dat
1 0 520 -168 100 1 0 0 0 1 0 0 0 1 3020.dat
1 0 520 -168 140 1 0 0 0 1 0 0 0 1 3020.dat
1 0 600 -168 -140 1 0 0 0 1 0 0 0 1 3020.dat
1 0 600 -168 -100 1 0 0 0 1 0 0 0 1 3020.dat
1 0 600 -168 -60 1 0 0 0 1 0 0 0 1 3020.dat
1 0 600 -168 -20 1 0 0 0 1 0 0 0 1 3020.dat
1 0 600 -168 20 1 0 0 0 1 0 0 0 1 3020.dat
1 0 600 -168 60 1 0 0 0 1 0 0 0 1 3020.dat
1 0 600 -168 100 1 0 0 0 1 0 0 0 1 3020.dat
1 0 600 -168 140 1 0 0 0 1 0 0 0 1 3020.dat
1 0 680 -168 -140 1 0 0 0 1 0 0 0 1 3020.dat
1 0 680 -168 -100 1 0 0 0 1 0 0 0 1 3020.dat
1 0 680 -168 -60 1 0 0 0 1 0 0 0 1 3020.dat
1 0 680 -168 -20 1 0 0 0 1 0 0 0 1 3020.dat
1 0 680 -168 20 1 0 0 0 1 0 0 0 1 3020.dat
1 0 680 -168 60 1 0 0 0 1 0 0 0 1 3020.dat
1 0 680 -168 100 1 0 0 0 1 0 0 0 1 3020.dat
1 0 680 -168 140 1 0 0 0 1 0 0 0 1 3020.dat
1 0 760 -168 -140 1 0 0 0 1 0 0 0 1 3020.dat
1 0 760 -168 -100 1 0 0 0 1 0 0 0 1 3020.dat
1 0 760 -168 -60 1 0 0 0 1 0 0 0 1 3020.dat
1 0 760 -168 -20 1 0 0 0 1 0 0 0 1 3020.dat
1 0 760 -168 20 1 0 0 0 1 0 0 0 1 3020.dat
1 0 760 -168 60 1 0 0 0 1 0 0 0 1 3020.dat
1 0 760 -168 100 1 0 0 0 1 0 0 0 1 3020.dat
1 0 760 -168 140 1 0 0 0 1 0 0 0 1 3020.dat
1 0 840 -168 -140 1 0 0 0 1 0 0 0 1 3020.dat
1 0 840 -168 -100 1 0 0 0 1 0 0 0 1 3020.dat
1 0 840 -168 -60 1 0 0 0 1 0 0 0 1 3020.dat
1 0 840 -168 -20 1 0 0 0 1 0 0 0 1 3020.dat
1 0 840 -168 20 1 0 0 0 1 0 0 0 1 3020.dat
1 0 840 -168 60 1 0 0 0 1 0 0 0 1 3020.dat
1 0 840 -168 100 1 0 0 0 1 0 0 0 1 3020.dat
1 0 840 -168 140 1 0 0 0 1 0 0 0 1 3020.dat
0 STEP
1 0 -840 -192 -120 0 0 1 0 1 0 -1 0 0 3001.dat
1 0 -840 -192 -40 0 0 1 0 1 0 -1 0 0 3001.dat
1 0 -840 -192 40 0 0 1 0 1 0 -1 0 0 3001.dat
1 0 -840 -192 120 0 0 1 0 1 0 -1 0 0 3001.dat
1 0 -760 -192 -120 0 0 1 0 1 0 -1 0 0 3001.dat
1 0 -760 -192 -40 0 0 1 0 1 0 -1 0 0 3001.dat
1 0 -760 -192 40 0 0 1 0 1 0 -1 0 0 3001.dat
1 0 -760 -192 120 0 0 1 0 1 0 -1 0 0 3001.dat
1 0 -680 -192 -120 0 0 1 0 1 0 -1 0 0 3001.dat
1 0 -680 -192 -40 0 0 1 0 1 0 -1 0 0 3001.dat
1 0 -680 -192 40 0 0 1 0 1 0 -1 0 0 3001.dat
1 0 -680 -192 120 0 0 1 0 1 0 -1 0 0 3001.dat
1 0 -600 -192 -120 0 0 1 0 1 0 -1 0 0 3001.dat
1 0 -600 -192 -40 0 0 1 0 1 0 -1 0 0 3001.dat
1 0 -600 -192 40 0 0 1 0 1 0 -1 0 0 3001.dat
1 0 -600 -192 120 0 0 1 0 1 0 -1 0 0 3001.dat
1 0 -520 -192 -120 0 0 1 0 1 0 -1 0 0 3001.dat
1 0 -520 -192 -40 0 0 1 0 1 0 -1 0 0 3001.dat
1 0 -520 -192 40 0 0 1 0 1 0 -1 0 0 3001.dat
1 0 -520 -192 120 0 0 1 0 1 0 -1 0 0 3001.dat
1 0 -440 -192 -120 0 0 1 0 1 0 -1 0 0 3001.dat
1 0 -440 -192 -40 0 0 1 0 1 0 -1 0 0 3001.dat
1 0 -440 -192 40 0 0 1 0 1 0 -1 0 0 3001.dat
1 0 -440 -192 120 0 0 1 0 1 0 -1 0 0 3001.dat
1 0 -360 -192 -120 0 0 1 0 1 0 -1 0 0 3001.dat
1 0 -360 -192 -40 0 0 1 0 1 0 -1 0 0 3001.dat
1 0 -360 -192 40 0 0 1 0 1 0 -1 0 0 3001.dat
1 0 -360 -192 120 0 0 1 0 1 0 -1 0 0 3001.dat
1 0 -280 -192 -120 0 0 1 0 1 0 -1 0 0 3001.dat
1 0 -280 -192 -40 0 0 1 0 1 0 -1 0 0 3001.dat
1 0 -280 -192 40 0 0 1 0 1 0 -1 0 0 3001.dat
1 0 -280 -192 120 0 0 1 0 1 0 -1 0 0 3001.dat
1 0 -200 -192 -120 0 0 1 0 1 0 -1 0 0 3001.dat
1 0 -200 -192 -40 0 0 1 0 1 0 -1 0 0 3001.dat
1 0 -200 -192 40 0 0 1 0 1 0 -1 0 0 3001.dat
1 0 -200 -192 120 0 0 1 0 1 0 -1 0 0 3001.dat
1 0 -120 -192 -120 0 0 1 0 1 0 -1 0 0 3001.dat
1 0 -120 -192 -40 0 0 1 0 1 0 -1 0 0 3001.dat
1 0 -120 -192 40 0 0 1 0 1 0 -1 0 0 3001.dat
1 0 -120 -192 120 0 0 1 0 1 0 -1 0 0 3001.dat
1 0 -40 -192 -120 0 0 1 0 1 0 -1 0 0 3001.dat
1 0 -40 -192 -40 0 0 1 0 1 0 -1 0 0 3001.dat
1 0 -40 -192 40 0 0 1 0 1 0 -1 0 0 3001.dat
1 0 -40 -192 120 0 0 1 0 1 0 -1 0 0 3001.dat
1 0 40 -192 -120 0 0 1 0 1 0 -1 0 0 3001.dat
1 0 40 -192 -40 0 0 1 0 1 0 -1 0 0 3001.dat
1 0 40 -192 40 0 0 1 0 1 0 -1 0 0 3001.dat
1 0 40 -192 120 0 0 1 0 1 0 -1 0 0 3001.dat
1 0 120 -192 -120 0 0 1 0 1 0 -1 0 0 3001.dat
1 0 120 -192 -40 0 0 1 0 1 0 -1 0 0 3001.dat
1 0 120 -192 40 0 0 1 0 1 0 -1 0 0 3001.dat
1 0 120 -192 120 0 0 1 0 1 0 -1 0 0 3001.dat
1 0 200 -192 -120 0 0 1 0 1 0 -1 0 0 3001.dat
1 0 200 -192 -40 0 0 1 0 1 0 -1 0 0 3001.dat
1 0 200 -192 40 0 0 1 0 1 0 -1 0 0 3001.dat
1 0 200 -192 120 0 0 1 0 1 0 -1 0 0 3001.dat
1 0 280 -192 -120 0 0 1 0 1 0 -1 0 0 3001.dat
1 0 280 -192 -40 0 0 1 0 1 0 -1 0 0 3001.dat
1 0 280 -192 40 0 0 1 0 1 0 -1 0 0 3001.dat
1 0 280 -192 120 0 0 1 0 1 0 -1 0 0 3001.dat
1 0 360 -192 -120 0 0 1 0 1 0 -1 0 0 3001.dat
1 0 360 -192 -40 0 0 1 0 1 0 -1 0 0 3001.dat
1 0 360 -192 40 0 0 1 0 1 0 -1 0 0 3001.dat
1 0 360 -192 120 0 0 1 0 1 0 -1 0 0 3001.dat
1 0 440 -192 -120 0 0 1 0 1 0 -1 0 0 3001.dat
1 0 440 -192 -40 0 0 1 0 1 0 -1 0 0 3001.dat
1 0 440 -192 40 0 0 1 0 1 0 -1 0 0 3001.dat
1 0 440 -192 120 0 0 1 0 1 0 -1 0 0 3001.dat
1 0 520 -192 -120 0 0 1 0 1 0 -1 0 0 3001.dat
1 0 520 -192 -40 0 0 1 0 1 0 -1 0 0 3001.dat
1 0 520 -192 40 0 0 1 0 1 0 -1 0 0 3001.dat
1 0 520 -192 120 0 0 1 0 1 0 -1 0 0 3001.dat
1 0 600 -192 -120 0 0 1 0 1 0 -1 0 0 3001.dat
1 0 600 -192 -40 0 0 1 0 1 0 -1 0 0 3001.dat
1 0 600 -192 40 0 0 1 0 1 0 -1 0 0 3001.dat
1 0 600 -192 120 0 0 1 0 1 0 -1 0 0 3001.dat
1 0 680 -192 -120 0 0 1 0 1 0 -1 0 0 3001.dat
1 0 680 -192 -40 0 0 1 0 1 0 -1 0 0 3001.dat
1 0 680 -192 40 0 0 1 0 1 0 -1 0 0 3001.dat
1 0 680 -192 120 0 0 1 0 1 0 -1 0 0 3001.dat
1 0 760 -192 -120 0 0 1 0 1 0 -1 0 0 3001.dat
1 0 760 -192 -40 0 0 1 0 1 0 -1 0 0 3001.dat
1 0 760 -192 40 0 0 1 0 1 0 -1 0 0 3001.dat
1 0 760 -192 120 0 0 1 0 1 0 -1 0 0 3001.dat
1 0 840 -192 -120 0 0 1 0 1 0 -1 0 0 3001.dat
1 0 840 -192 -40 0 0 1 0 1 0 -1 0 0 3001.dat
1 0 840 -192 40 0 0 1 0 1 0 -1 0 0 3001.dat
1 0 840 -192 120 0 0 1 0 1 0 -1 0 0 3001.dat
0 STEP
1 72 -840 -192 -170 1 0 0 0 1 0 0 0 1 3010.dat
1 72 -840 -192 170 1 0 0 0 1 0 0 0 1 3010.dat
1 72 -760 -192 -170 1 0 0 0 1 0 0 0 1 3010.dat
1 72 -760 -192 170 1 0 0 0 1 0 0 0 1 3010.dat
1 72 -680 -192 -170 1 0 0 0 1 0 0 0 1 3010.dat
1 72 -680 -192 170 1 0 0 0 1 0 0 0 1 3010.dat
1 72 -600 -192 -170 1 0 0 0 1 0 0 0 1 3010.dat
1 72 -600 -192 170 1 0 0 0 1 0 0 0 1 3010.dat
1 72 -520 -192 -170 1 0 0 0 1 0 0 0 1 3010.dat
1 72 -520 -192 170 1 0 0 0 1 0 0 0 1 3010.dat
1 72 -440 -192 -170 1 0 0 0 1 0 0 0 1 3010.dat
1 72 -440 -192 170 1 0 0 0 1 0 0 0 1 3010.dat
1 72 -360 -192 -170 1 0 0 0 1 0 0 0 1 3010.dat
1 72 -360 -192 170 1 0 0 0 1 0 0 0 1 3010.dat
1 72 -280 -192 -170 1 0 0 0 1 0 0 0 1 3010.dat
1 72 -280 -192 170 1 0 0 0 1 0 0 0 1 3010.dat
1 72 -200 -192 -170 1 0 0 0 1 0 0 0 1 3010.dat
1 72 -200 -192 170 1 0 0 0 1 0 0 0 1 3010.dat
1 72 -120 -192 -170 1 0 0 0 1 0 0 0 1 3010.dat
1 72 -120 -192 170 1 0 0 0 1 0 0 0 1 3010.dat
1 72 -40 -192 -170 1 0 0 0 1 0 0 0 1 3010.dat
1 72 -40 -192 170 1 0 0 0 1 0 0 0 1 3010.dat
1 72 40 -192 -170 1 0 0 0 1 0 0 0 1 3010.dat
1 72 40 -192 170 1 0 0 0 1 0 0 0 1 3010.dat
1 72 120 -192 -170 1 0 0 0 1 0 0 0 1 3010.dat
1 72 120 -192 170 1 0 0 0 1 0 0 0 1 3010.dat
1 72 200 -192 -170 1 0 0 0 1 0 0 0 1 3010.dat
1 72 200 -192 170 1 0 0 0 1 0 0 0 1 3010.dat
1 72 280 -192 -170 1 0 0 0 1 0 0 0 1 3010.dat
1 72 280 -192 170 1 0 0 0 1 0 0 0 1 3010.dat
1 72 360 -192 -170 1 0 0 0 1 0 0 0 1 3010.dat
1 72 360 -192 170 1 0 0 0 1 0 0 0 1 3010.dat
1 72 440 -192 -170 1 0 0 0 1 0 0 0 1 3010.dat
1 72 440 -192 170 1 0 0 0 1 0 0 0 1 3010.dat
1 72 520 -192 -170 1 0 0 0 1 0 0 0 1 3010.dat
1 72 520 -192 170 1 0 0 0 1 0 0 0 1 3010.dat
1 72 600 -192 -170 1 0 0 0 1 0 0 0 1 3010.dat
1 72 600 -192 170 1 0 0 0 1 0 0 0 1 3010.dat
1 72 680 -192 -170 1 0 0 0 1 0 0 0 1 3010.dat
1 72 680 -192 170 1 0 0 0 1 0 0 0 1 3010.dat
1 72 760 -192 -170 1 0 0 0 1 0 0 0 1 3010.dat
1 72 760 -192 170 1 0 0 0 1 0 0 0 1 3010.dat
1 72 840 -192 -170 1 0 0 0 1 0 0 0 1 3010.dat
1 72 840 -192 170 1 0 0 0 1 0 0 0 1 3010.dat
0 STEP
1 72 -840 -200 -140 1 0 0 0 1 0 0 0 1 3020.dat
1 72 -840 -200 -100 1 0 0 0 1 0 0 0 1 3020.dat
1 72 -840 -200 -60 1 0 0 0 1 0 0 0 1 3020.dat
1 72 -840 -200 -20 1 0 0 0 1 0 0 0 1 3020.dat
1 72 -840 -200 20 1 0 0 0 1 0 0 0 1 3020.dat
1 72 -840 -200 60 1 0 0 0 1 0 0 0 1 3020.dat
1 72 -840 -200 100 1 0 0 0 1 0 0 0 1 3020.dat
1 72 -840 -200 140 1 0 0 0 1 0 0 0 1 3020.dat
1 72 -760 -200 -140 1 0 0 0 1 0 0 0 1 3020.dat
1 72 -760 -200 -100 1 0 0 0 1 0 0 0 1 3020.dat
1 72 -760 -200 -60 1 0 0 0 1 0 0 0 1 3020.dat
1 72 -760 -200 -20 1 0 0 0 1 0 0 0 1 3020.dat
1 72 -760 -200 20 1 0 0 0 1 0 0 0 1 3020.dat
1 72 -760 -200 60 1 0 0 0 1 0 0 0 1 3020.dat
1 72 -760 -200 100 1 0 0 0 1 0 0 0 1 3020.dat
1 72 -760 -200 140 1 0 0 0 1 0 0 0 1 3020.dat
1 72 -680 -200 -140 1 0 0 0 1 0 0 0 1 3020.dat
1 72 -680 -200 -100 1 0 0 0 1 0 0 0 1 3020.dat
1 72 -680 -200 -60 1 0 0 0 1 0 0 0 1 3020.dat
1 72 -680 -200 -20 1 0 0 0 1 0 0 0 1 3020.dat
1 72 -680 -200 20 1 0 0 0 1 0 0 0 1 3020.dat
1 72 -680 -200 60 1 0 0 0 1 0 0 0 1 3020.dat
1 72 -680 -200 100 1 0 0 0 1 0 0 0 1 3020.dat
1 72 -680 -200 140 1 0 0 0 1 0 0 0 1 3020.dat
1 72 -600 -200 -140 1 0 0 0 1 0 0 0 1 3020.dat
1 72 -600 -200 -100 1 0 0 0 1 0 0 0 1 3020.dat
1 72 -600 -200 -60 1 0 0 0 1 0 0 0 1 3020.dat
1 72 -600 -200 -20 1 0 0 0 1 0 0 0 1 3020.dat
1 72 -600 -200 20 1 0 0 0 1 0 0 0 1 3020.dat
1 72 -600 -200 60 1 0 0 0 1 0 0 0 1 3020.dat
1 72 -600 -200 100 1 0 0 0 1 0 0 0 1 3020.dat
1 72 -600 -200 140 1 0 0 0 1 0 0 0 1 3020.dat
1 72 -520 -200 -140 1 0 0 0 1 0 0 0 1 3020.dat
1 72 -520 -200 -100 1 0 0 0 1 0 0 0 1 3020.dat
1 72 -520 -200 -60 1 0 0 0 1 0 0 0 1 3020.dat
1 72 -520 -200 -20 1 0 0 0 1 0 0 0 1 3020.dat
1 72 -520 -200 20 1 0 0 0 1 0 0 0 1 3020.dat
1 72 -520 -200 60 1 0 0 0 1 0 0 0 1 3020.dat
1 72 -520 -200 100 1 0 0 0 1 0 0 0 1 3020.dat
1 72 -520 -200 140 1 0 0 0 1 0 0 0 1 3020.dat
1 72 -440 -200 -140 1 0 0 0 1 0 0 0 1 3020.dat
1 72 -440 -200 -100 1 0 0 0 1 0 0 0 1 3020.dat
1 72 -440 -200 -60 1 0 0 0 1 0 0 0 1 3020.dat
1 72 -440 -200 -20 1 0 0 0 1 0 0 0 1 3020.dat
1 72 -440 -200 20 1 0 0 0 1 0 0 0 1 3020.dat
1 72 -440 -200 60 1 0 0 0 1 0 0 0 1 3020.dat
1 72 -440 -200 100 1 0 0 0 1 0 0 0 1 3020.dat
1 72 -440 -200 140 1 0 0 0 1 0 0 0 1 3020.dat
1 72 -360 -200 -140 1 0 0 0 1 0 0 0 1 3020.dat
1 72 -360 -200 -100 1 0 0 0 1 0 0 0 1 3020.dat
1 72 -360 -200 -60 1 0 0 0 1 0 0 0 1 3020.dat
1 72 -360 -200 -20 1 0 0 0 1 0 0 0 1 3020.dat
1 72 -360 -200 20 1 0 0 0 1 0 0 0 1 3020.dat
1 72 -360 -200 60 1 0 0 0 1 0 0 0 1 3020.dat
1 72 -360 -200 100 1 0 0 0 1 0 0 0 1 3020.dat
1 72 -360 -200 140 1 0 0 0 1 0 0 0 1 3020.dat
1 72 -280 -200 -140 1 0 0 0 1 0 0 0 1 3020.dat
1 72 -280 -200 -100 1 0 0 0 1 0 0 0 1 3020.dat
1 72 -280 -200 -60 1 0 0 0 1 0 0 0 1 3020.dat
1 72 -280 -200 -20 1 0 0 0 1 0 0 0 1 3020.dat
1 72 -280 -200 20 1 0 0 0 1 0 0 0 1 3020.dat
1 72 -280 -200 60 1 0 0 0 1 0 0 0 1 3020.dat
1 72 -280 -200 100 1 0 0 0 1 0 0 0 1 3020.dat
1 72 -280 -200 140 1 0 0 0 1 0 0 0 1 3020.dat
1 72 -200 -200 -140 1 0 0 0 1 0 0 0 1 3020.dat
1 72 -200 -200 -100 1 0 0 0 1 0 0 0 1 3020.dat
1 72 -200 -200 -60 1 0 0 0 1 0 0 0 1 3020.dat
1 72 -200 -200 -20 1 0 0 0 1 0 0 0 1 3020.dat
1 72 -200 -200 20 1 0 0 0 1 0 0 0 1 3020.dat
1 72 -200 -200 60 1 0 0 0 1 0 0 0 1 3020.dat
1 72 -200 -200 100 1 0 0 0 1 0 0 0 1 3020.dat
1 72 -200 -200 140 1 0 0 0 1 0 0 0 1 3020.dat
1 72 -120 -200 -140 1 0 0 0 1 0 0 0 1 3020.dat
1 72 -120 -200 -100 1 0 0 0 1 0 0 0 1 3020.dat
1 72 -120 -200 -60 1 0 0 0 1 0 0 0 1 3020.dat
1 72 -120 -200 -20 1 0 0 0 1 0 0 0 1 3020.dat
1 72 -120 -200 20 1 0 0 0 1 0 0 0 1 3020.dat
1 72 -120 -200 60 1 0 0 0 1 0 0 0 1 3020.dat
1 72 -120 -200 100 1 0 0 0 1 0 0 0 1 3020.dat
1 72 -120 -200 140 1 0 0 0 1 0 0 0 1 3020.dat
1 72 -40 -200 -140 1 0 0 0 1 0 0 0 1 3020.dat
1 72 -40 -200 -100 1 0 0 0 1 0 0 0 1 3020.dat
1 72 -40 -200 -60 1 0 0 0 1 0 0 0 1 3020.dat
1 72 -40 -200 -20 1 0 0 0 1 0 0 0 1 3020.dat
1 72 -40 -200 20 1 0 0 0 1 0 0 0 1 3020.dat
1 72 -40 -200 60 1 0 0 0 1 0 0 0 1 3020.dat
1 72 -40 -200 100 1 0 0 0 1 0 0 0 1 3020.dat
1 72 -40 -200 140 1 0 0 0 1 0 0 0 1 3020.dat
1 72 40 -200 -140 1 0 0 0 1 0 0 0 1 3020.dat
1 72 40 -200 -100 1 0 0 0 1 0 0 0 1 3020.dat
1 72 40 -200 -60 1 0 0 0 1 0 0 0 1 3020.dat
1 72 40 -200 -20 1 0 0 0 1 0 0 0 1 3020.dat
1 72 40 -200 20 1 0 0 0 1 0 0 0 1 3020.dat
1 72 40 -200 60 1 0 0 0 1 0 0 0 1 3020.dat
1 72 40 -200 100 1 0 0 0 1 0 0 0 1 3020.dat
1 72 40 -200 140 1 0 0 0 1 0 0 0 1 3020.dat
1 72 120 -200 -140 1 0 0 0 1 0 0 0 1 3020.dat
1 72 120 -200 -100 1 0 0 0 1 0 0 0 1 3020.dat
1 72 120 -200 -60 1 0 0 0 1 0 0 0 1 3020.dat
1 72 120 -200 -20 1 0 0 0 1 0 0 0 1 3020.dat
1 72 120 -200 20 1 0 0 0 1 0 0 0 1 3020.dat
1 72 120 -200 60 1 0 0 0 1 0 0 0 1 3020.dat
1 72 120 -200 100 1 0 0 0 1 0 0 0 1 3020.dat
1 72 120 -200 140 1 0 0 0 1 0 0 0 1 3020.dat
1 72 200 -200 -140 1 0 0 0 1 0 0 0 1 3020.dat
1 72 200 -200 -100 1 0 0 0 1 0 0 0 1 3020.dat
1 72 200 -200 -60 1 0 0 0 1 0 0 0 1 3020.dat
1 72 200 -200 -20 1 0 0 0 1 0 0 0 1 3020.dat
1 72 200 -200 20 1 0 0 0 1 0 0 0 1 3020.dat
1 72 200 -200 60 1 0 0 0 1 0 0 0 1 3020.dat
1 72 200 -200 100 1 0 0 0 1 0 0 0 1 3020.dat
1 72 200 -200 140 1 0 0 0 1 0 0 0 1 3020.dat
1 72 280 -200 -140 1 0 0 0 1 0 0 0 1 3020.dat
1 72 280 -200 -100 1 0 0 0 1 0 0 0 1 3020.dat
1 72 280 -200 -60 1 0 0 0 1 0 0 0 1 3020.dat
1 72 280 -200 -20 1 0 0 0 1 0 0 0 1 3020.dat
1 72 280 -200 20 1 0 0 0 1 0 0 0 1 3020.dat
1 72 280 -200 60 1 0 0 0 1 0 0 0 1 3020.dat
1 72 280 -200 100 1 0 0 0 1 0 0 0 1 3020.dat
1 72 280 -200 140 1 0 0 0 1 0 0 0 1 3020.dat
1 72 360 -200 -140 1 0 0 0 1 0 0 0 1 3020.dat
1 72 360 -200 -100 1 0 0 0 1 0 0 0 1 3020.dat
1 72 360 -200 -60 1 0 0 0 1 0 0 0 1 3020.dat
1 72 360 -200 -20 1 0 0 0 1 0 0 0 1 3020.dat
1 72 360 -200 20 1 0 0 0 1 0 0 0 1 3020.dat
1 72 360 -200 60 1 0 0 0 1 0 0 0 1 3020.dat
1 72 360 -200 100 1 0 0 0 1 0 0 0 1 3020.dat
1 72 360 -200 140 1 0 0 0 1 0 0 0 1 3020.dat
1 72 440 -200 -140 1 0 0 0 1 0 0 0 1 3020.dat
1 72 440 -200 -100 1 0 0 0 1 0 0 0 1 3020.dat
1 72 440 -200 -60 1 0 0 0 1 0 0 0 1 3020.dat
1 72 440 -200 -20 1 0 0 0 1 0 0 0 1 3020.dat
1 72 440 -200 20 1 0 0 0 1 0 0 0 1 3020.dat
1 72 440 -200 60 1 0 0 0 1 0 0 0 1 3020.dat
1 72 440 -200 100 1 0 0 0 1 0 0 0 1 3020.dat
1 72 440 -200 140 1 0 0 0 1 0 0 0 1 3020.dat
1 72 520 -200 -140 1 0 0 0 1 0 0 0 1 3020.dat
1 72 520 -200 -100 1 0 0 0 1 0 0 0 1 3020.dat
1 72 520 -200 -60 1 0 0 0 1 0 0 0 1 3020.dat
1 72 520 -200 -20 1 0 0 0 1 0 0 0 1 3020.dat
1 72 520 -200 20 1 0 0 0 1 0 0 0 1 3020.dat
1 72 520 -200 60 1 0 0 0 1 0 0 0 1 3020.dat
1 72 520 -200 100 1 0 0 0 1 0 0 0 1 3020.dat
1 72 520 -200 140 1 0 0 0 1 0 0 0 1 3020.dat
1 72 600 -200 -140 1 0 0 0 1 0 0 0 1 3020.dat
1 72 600 -200 -100 1 0 0 0 1 0 0 0 1 3020.dat
1 72 600 -200 -60 1 0 0 0 1 0 0 0 1 3020.dat
1 72 600 -200 -20 1 0 0 0 1 0 0 0 1 3020.dat
1 72 600 -200 20 1 0 0 0 1 0 0 0 1 3020.dat
1 72 600 -200 60 1 0 0 0 1 0 0 0 1 3020.dat
1 72 600 -200 100 1 0 0 0 1 0 0 0 1 3020.dat
1 72 600 -200 140 1 0 0 0 1 0 0 0 1 3020.dat
1 72 680 -200 -140 1 0 0 0 1 0 0 0 1 3020.dat
1 72 680 -200 -100 1 0 0 0 1 0 0 0 1 3020.dat
1 72 680 -200 -60 1 0 0 0 1 0 0 0 1 3020.dat
1 72 680 -200 -20 1 0 0 0 1 0 0 0 1 3020.dat
1 72 680 -200 20 1 0 0 0 1 0 0 0 1 3020.dat
1 72 680 -200 60 1 0 0 0 1 0 0 0 1 3020.dat
1 72 680 -200 100 1 0 0 0 1 0 0 0 1 3020.dat
1 72 680 -200 140 1 0 0 0 1 0 0 0 1 3020.dat
1 72 760 -200 -140 1 0 0 0 1 0 0 0 1 3020.dat
1 72 760 -200 -100 1 0 0 0 1 0 0 0 1 3020.dat
1 72 760 -200 -60 1 0 0 0 1 0 0 0 1 3020.dat
1 72 760 -200 -20 1 0 0 0 1 0 0 0 1 3020.dat
1 72 760 -200 20 1 0 0 0 1 0 0 0 1 3020.dat
1 72 760 -200 60 1 0 0 0 1 0 0 0 1 3020.dat
1 72 760 -200 100 1 0 0 0 1 0 0 0 1 3020.dat
1 72 760 -200 140 1 0 0 0 1 0 0 0 1 3020.dat
1 72 840 -200 -140 1 0 0 0 1 0 0 0 1 3020.dat
1 72 840 -200 -100 1 0 0 0 1 0 0 0 1 3020.dat
1 72 840 -200 -60 1 0 0 0 1 0 0 0 1 3020.dat
1 72 840 -200 -20 1 0 0 0 1 0 0 0 1 3020.dat
1 72 840 -200 20 1 0 0 0 1 0 0 0 1 3020.dat
1 72 840 -200 60 1 0 0 0 1 0 0 0 1 3020.dat
1 72 840 -200 100 1 0 0 0 1 0 0 0 1 3020.dat
1 72 840 -200 140 1 0 0 0 1 0 0 0 1 3020.dat
0 STEP
1 0 -840 -208 -140 1 0 0 0 1 0 0 0 1 3020.dat
1 0 -840 -208 -100 1 0 0 0 1 0 0 0 1 3020.dat
1 0 -840 -208 -60 1 0 0 0 1 0 0 0 1 3020.dat
1 0 -840 -208 -20 1 0 0 0 1 0 0 0 1 3020.dat
1 0 -840 -208 20 1 0 0 0 1 0 0 0 1 3020.dat
1 0 -840 -208 60 1 0 0 0 1 0 0 0 1 3020.dat
1 0 -840 -208 100 1 0 0 0 1 0 0 0 1 3020.dat
1 0 -840 -208 140 1 0 0 0 1 0 0 0 1 3020.dat
1 0 -760 -208 -140 1 0 0 0 1 0 0 0 1 3020.dat
1 0 -760 -208 -100 1 0 0 0 1 0 0 0 1 3020.dat
1 0 -760 -208 -60 1 0 0 0 1 0 0 0 1 3020.dat
1 0 -760 -208 -20 1 0 0 0 1 0 0 0 1 3020.dat
1 0 -760 -208 20 1 0 0 0 1 0 0 0 1 3020.dat
1 0 -760 -208 60 1 0 0 0 1 0 0 0 1 3020.dat
1 0 -760 -208 100 1 0 0 0 1 0 0 0 1 3020.dat
1 0 -760 -208 140 1 0 0 0 1 0 0 0 1 3020.dat
1 0 -680 -208 -140 1 0 0 0 1 0 0 0 1 3020.dat
1 0 -680 -208 -100 1 0 0 0 1 0 0 0 1 3020.dat
1 0 -680 -208 -60 1 0 0 0 1 0 0 0 1 3020.dat
1 0 -680 -208 -20 1 0 0 0 1 0 0 0 1 3020.dat
1 0 -680 -208 20 1 0 0 0 1 0 0 0 1 3020.dat
1 0 -680 -208 60 1 0 0 0 1 0 0 0 1 3020.dat
1 0 -680 -208 100 1 0 0 0 1 0 0 0 1 3020.dat
1 0 -680 -208 140 1 0 0 0 1 0 0 0 1 3020.dat
1 0 -600 -208 -140 1 0 0 0 1 0 0 0 1 3020.dat
1 0 -600 -208 -100 1 0 0 0 1 0 0 0 1 3020.dat
1 0 -600 -208 -60 1 0 0 0 1 0 0 0 1 3020.dat
1 0 -600 -208 -20 1 0 0 0 1 0 0 0 1 3020.dat
1 0 -600 -208 20 1 0 0 0 1 0 0 0 1 3020.dat
1 0 -600 -208 60 1 0 0 0 1 0 0 0 1 3020.dat
1 0 -600 -208 100 1 0 0 0 1 0 0 0 1 3020.dat
1 0 -600 -208 140 1 0 0 0 1 0 0 0 1 3020.dat
1 0 -520 -208 -140 1 0 0 0 1 0 0 0 1 3020.dat
1 0 -520 -208 -100 1 0 0 0 1 0 0 0 1 3020.dat
1 0 -520 -208 -60 1 0 0 0 1 0 0 0 1 3020.dat
1 0 -520 -208 -20 1 0 0 0 1 0 0 0 1 3020.dat
1 0 -520 -208 20 1 0 0 0 1 0 0 0 1 3020.dat
1 0 -520 -208 60 1 0 0 0 1 0 0 0 1 3020.dat
1 0 -520 -208 100 1 0 0 0 1 0 0 0 1 3020.dat
1 0 -520 -208 140 1 0 0 0 1 0 0 0 1 3020.dat
1 0 -440 -208 -140 1 0 0 0 1 0 0 0 1 3020.dat
1 0 -440 -208 -100 1 0 0 0 1 0 0 0 1 3020.dat
1 0 -440 -208 -60 1 0 0 0 1 0 0 0 1 3020.dat
1 0 -440 -208 -20 1 0 0 0 1 0 0 0 1 3020.dat
1 0 -440 -208 20 1 0 0 0 1 0 0 0 1 3020.dat
1 0 -440 -208 60 1 0 0 0 1 0 0 0 1 3020.dat
1 0 -440 -208 100 1 0 0 0 1 0 0 0 1 3020.dat
1 0 -440 -208 140 1 0 0 0 1 0 0 0 1 3020.dat
1 0 -360 -208 -140 1 0 0 0 1 0 0 0 1 3020.dat
1 0 -360 -208 -100 1 0 0 0 1 0 0 0 1 3020.dat
1 0 -360 -208 -60 1 0 0 0 1 0 0 0 1 3020.dat
1 0 -360 -208 -20 1 0 0 0 1 0 0 0 1 3020.dat
1 0 -360 -208 20 1 0 0 0 1 0 0 0 1 3020.dat
1 0 -360 -208 60 1 0 0 0 1 0 0 0 1 3020.dat
1 0 -360 -208 100 1 0 0 0 1 0 0 0 1 3020.dat
1 0 -360 -208 140 1 0 0 0 1 0 0 0 1 3020.dat
1 0 -280 -208 -140 1 0 0 0 1 0 0 0 1 3020.dat
1 0 -280 -208 -100 1 0 0 0 1 0 0 0 1 3020.dat
1 0 -280 -208 -60 1 0 0 0 1 0 0 0 1 3020.dat
1 0 -280 -208 -20 1 0 0 0 1 0 0 0 1 3020.dat
1 0 -280 -208 20 1 0 0 0 1 0 0 0 1 3020.dat
1 0 -280 -208 60 1 0 0 0 1 0 0 0 1 3020.dat
1 0 -280 -208 100 1 0 0 0 1 0 0 0 1 3020.dat
1 0 -280 -208 140 1 0 0 0 1 0 0 0 1 3020.dat
1 0 -200 -208 -140 1 0 0 0 1 0 0 0 1 3020.dat
1 0 -200 -208 -100 1 0 0 0 1 0 0 0 1 3020.dat
1 0 -200 -208 -60 1 0 0 0 1 0 0 0 1 3020.dat
1 0 -200 -208 -20 1 0 0 0 1 0 0 0 1 3020.dat
1 0 -200 -208 20 1 0 0 0 1 0 0 0 1 3020.dat
1 0 -200 -208 60 1 0 0 0 1 0 0 0 1 3020.dat
1 0 -200 -208 100 1 0 0 0 1 0 0 0 1 3020.dat
1 0 -200 -208 140 1 0 0 0 1 0 0 0 1 3020.dat
1 0 -120 -208 -140 1 0 0 0 1 0 0 0 1 3020.dat
1 0 -120 -208 -100 1 0 0 0 1 0 0 0 1 3020.dat
1 0 -120 -208 -60 1 0 0 0 1 0 0 0 1 3020.dat
1 0 -120 -208 -20 1 0 0 0 1 0 0 0 1 3020.dat
1 0 -120 -208 20 1 0 0 0 1 0 0 0 1 3020.dat
1 0 -120 -208 60 1 0 0 0 1 0 0 0 1 3020.dat
1 0 -120 -208 100 1 0 0 0 1 0 0 0 1 3020.dat
1 0 -120 -208 140 1 0 0 0 1 0 0 0 1 3020.dat
1 0 -40 -208 -140 1 0 0 0 1 0 0 0 1 3020.dat
1 0 -40 -208 -100 1 0 0 0 1 0 0 0 1 3020.dat
1 0 -40 -208 -60 1 0 0 0 1 0 0 0 1 3020.dat
1 0 -40 -208 -20 1 0 0 0 1 0 0 0 1 3020.dat
1 0 -40 -208 20 1 0 0 0 1 0 0 0 1 3020.dat
1 0 -40 -208 60 1 0 0 0 1 0 0 0 1 3020.dat
1 0 -40 -208 100 1 0 0 0 1 0 0 0 1 3020.dat
1 0 -40 -208 140 1 0 0 0 1 0 0 0 1 3020.dat
1 0 40 -208 -140 1 0 0 0 1 0 0 0 1 3020.dat
1 0 40 -208 -100 1 0 0 0 1 0 0 0 1 3020.dat
1 0 40 -208 -60 1 0 0 0 1 0 0 0 1 3020.dat
1 0 40 -208 -20 1 0 0 0 1 0 0 0 1 3020.dat
1 0 40 -208 20 1 0 0 0 1 0 0 0 1 3020.dat
1 0 40 -208 60 1 0 0 0 1 0 0 0 1 3020.dat
1 0 40 -208 100 1 0 0 0 1 0 0 0 1 3020.dat
1 0 40 -208 140 1 0 0 0 1 0 0 0 1 3020.dat
1 0 120 -208 -140 1 0 0 0 1 0 0 0 1 3020.dat
1 0 120 -208 -100 1 0 0 0 1 0 0 0 1 3020.dat
1 0 120 -208 -60 1 0 0 0 1 0 0 0 1 3020.dat
1 0 120 -208 -20 1 0 0 0 1 0 0 0 1 3020.dat
1 0 120 -208 20 1 0 0 0 1 0 0 0 1 3020.dat
1 0 120 -208 60 1 0 0 0 1 0 0 0 1 3020.dat
1 0 120 -208 100 1 0 0 0 1 0 0 0 1 3020.dat
1 0 120 -208 140 1 0 0 0 1 0 0 0 1 3020.dat
1 0 200 -208 -140 1 0 0 0 1 0 0 0 1 3020.dat
1 0 200 -208 -100 1 0 0 0 1 0 0 0 1 3020.dat
1 0 200 -208 -60 1 0 0 0 1 0 0 0 1 3020.dat
1 0 200 -208 -20 1 0 0 0 1 0 0 0 1 3020.dat
1 0 200 -208 20 1 0 0 0 1 0 0 0 1 3020.dat
1 0 200 -208 60 1 0 0 0 1 0 0 0 1 3020.dat
1 0 200 -208 100 1 0 0 0 1 0 0 0 1 3020.dat
1 0 200 -208 140 1 0 0 0 1 0 0 0 1 3020.dat
1 0 280 -208 -140 1 0 0 0 1 0 0 0 1 3020.dat
1 0 280 -208 -100 1 0 0 0 1 0 0 0 1 3020.dat
1 0 280 -208 -60 1 0 0 0 1 0 0 0 1 3020.dat
1 0 280 -208 -20 1 0 0 0 1 0 0 0 1 3020.dat
1 0 280 -208 20 1 0 0 0 1 0 0 0 1 3020.dat
1 0 280 -208 60 1 0 0 0 1 0 0 0 1 3020.dat
1 0 280 -208 100 1 0 0 0 1 0 0 0 1 3020.dat
1 0 280 -208 140 1 0 0 0 1 0 0 0 1 3020.dat
1 0 360 -208 -140 1 0 0 0 1 0 0 0 1 3020.dat
1 0 360 -208 -100 1 0 0 0 1 0 0 0 1 3020.dat
1 0 360 -208 -60 1 0 0 0 1 0 0 0 1 3020.dat
1 0 360 -208 -20 1 0 0 0 1 0 0 0 1 3020.dat
1 0 360 -208 20 1 0 0 0 1 0 0 0 1 3020.dat
1 0 360 -208 60 1 0 0 0 1 0 0 0 1 3020.dat
1 0 360 -208 100 1 0 0 0 1 0 0 0 1 3020.dat
1 0 360 -208 140 1 0 0 0 1 0 0 0 1 3020.dat
1 0 440 -208 -140 1 0 0 0 1 0 0 0 1 3020.dat
1 0 440 -208 -100 1 0 0 0 1 0 0 0 1 3020.dat
1 0 440 -208 -60 1 0 0 0 1 0 0 0 1 3020.dat
1 0 440 -208 -20 1 0 0 0 1 0 0 0 1 3020.dat
1 0 440 -208 20 1 0 0 0 1 0 0 0 1 3020.dat
1 0 440 -208 60 1 0 0 0 1 0 0 0 1 3020.dat
1 0 440 -208 100 1 0 0 0 1 0 0 0 1 3020.dat
1 0 440 -208 140 1 0 0 0 1 0 0 0 1 3020.dat
1 0 520 -208 -140 1 0 0 0 1 0 0 0 1 3020.dat
1 0 520 -208 -100 1 0 0 0 1 0 0 0 1 3020.dat
1 0 520 -208 -60 1 0 0 0 1 0 0 0 1 3020.dat
1 0 520 -208 -20 1 0 0 0 1 0 0 0 1 3020.dat
1 0 520 -208 20 1 0 0 0 1 0 0 0 1 3020.dat
1 0 520 -208 60 1 0 0 0 1 0 0 0 1 3020.dat
1 0 520 -208 100 1 0 0 0 1 0 0 0 1 3020.dat
1 0 520 -208 140 1 0 0 0 1 0 0 0 1 3020.dat
1 0 600 -208 -140 1 0 0 0 1 0 0 0 1 3020.dat
1 0 600 -208 -100 1 0 0 0 1 0 0 0 1 3020.dat
1 0 600 -208 -60 1 0 0 0 1 0 0 0 1 3020.dat
1 0 600 -208 -20 1 0 0 0 1 0 0 0 1 3020.dat
1 0 600 -208 20 1 0 0 0 1 0 0 0 1 3020.dat
1 0 600 -208 60 1 0 0 0 1 0 0 0 1 3020.dat
1 0 600 -208 100 1 0 0 0 1 0 0 0 1 3020.dat
1 0 600 -208 140 1 0 0 0 1 0 0 0 1 3020.dat
1 0 680 -208 -140 1 0 0 0 1 0 0 0 1 3020.dat
1 0 680 -208 -100 1 0 0 0 1 0 0 0 1 3020.dat
1 0 680 -208 -60 1 0 0 0 1 0 0 0 1 3020.dat
1 0 680 -208 -20 1 0 0 0 1 0 0 0 1 3020.dat
1 0 680 -208 20 1 0 0 0 1 0 0 0 1 3020.dat
1 0 680 -208 60 1 0 0 0 1 0 0 0 1 3020.dat
1 0 680 -208 100 1 0 0 0 1 0 0 0 1 3020.dat
1 0 680 -208 140 1 0 0 0 1 0 0 0 1 3020.dat
1 0 760 -208 -140 1 0 0 0 1 0 0 0 1 3020.dat
1 0 760 -208 -100 1 0 0 0 1 0 0 0 1 3020.dat
1 0 760 -208 -60 1 0 0 0 1 0 0 0 1 3020.dat
1 0 760 -208 -20 1 0 0 0 1 0 0 0 1 3020.dat
1 0 760 -208 20 1 0 0 0 1 0 0 0 1 3020.dat
1 0 760 -208 60 1 0 0 0 1 0 0 0 1 3020.dat
1 0 760 -208 100 1 0 0 0 1 0 0 0 1 3020.dat
1 0 760 -208 140 1 0 0 0 1 0 0 0 1 3020.dat
1 0 840 -208 -140 1 0 0 0 1 0 0 0 1 3020.dat
1 0 840 -208 -100 1 0 0 0 1 0 0 0 1 3020.dat
1 0 840 -208 -60 1 0 0 0 1 0 0 0 1 3020.dat
1 0 840 -208 -20 1 0 0 0 1 0 0 0 1 3020.dat
1 0 840 -208 20 1 0 0 0 1 0 0 0 1 3020.dat
1 0 840 -208 60 1 0 0 0 1 0 0 0 1 3020.dat
1 0 840 -208 100 1 0 0 0 1 0 0 0 1 3020.dat
1 0 840 -208 140 1 0 0 0 1 0 0 0 1 3020.dat
0 STEP
1 0 -840 -200 -170 1 0 0 0 1 0 0 0 1 3710.dat
1 72 -840 -208 -170 1 0 0 0 1 0 0 0 1 2431.dat
1 0 -840 -200 170 1 0 0 0 1 0 0 0 1 3710.dat
1 72 -840 -208 170 1 0 0 0 1 0 0 0 1 2431.dat
1 0 -760 -200 -170 1 0 0 0 1 0 0 0 1 3710.dat
1 72 -760 -208 -170 1 0 0 0 1 0 0 0 1 2431.dat
1 0 -760 -200 170 1 0 0 0 1 0 0 0 1 3710.dat
1 72 -760 -208 170 1 0 0 0 1 0 0 0 1 2431.dat
1 0 -680 -200 -170 1 0 0 0 1 0 0 0 1 3710.dat
1 72 -680 -208 -170 1 0 0 0 1 0 0 0 1 2431.dat
1 0 -680 -200 170 1 0 0 0 1 0 0 0 1 3710.dat
1 72 -680 -208 170 1 0 0 0 1 0 0 0 1 2431.dat
1 0 -600 -200 -170 1 0 0 0 1 0 0 0 1 3710.dat
1 72 -600 -208 -170 1 0 0 0 1 0 0 0 1 2431.dat
1 0 -600 -200 170 1 0 0 0 1 0 0 0 1 3710.dat
1 72 -600 -208 170 1 0 0 0 1 0 0 0 1 2431.dat
1 0 -520 -200 -170 1 0 0 0 1 0 0 0 1 3710.dat
1 72 -520 -208 -170 1 0 0 0 1 0 0 0 1 2431.dat
1 0 -520 -200 170 1 0 0 0 1 0 0 0 1 3710.dat
1 72 -520 -208 170 1 0 0 0 1 0 0 0 1 2431.dat
1 0 -440 -200 -170 1 0 0 0 1 0 0 0 1 3710.dat
1 72 -440 -208 -170 1 0 0 0 1 0 0 0 1 2431.dat
1 0 -440 -200 170 1 0 0 0 1 0 0 0 1 3710.dat
1 72 -440 -208 170 1 0 0 0 1 0 0 0 1 2431.dat
1 0 -360 -200 -170 1 0 0 0 1 0 0 0 1 3710.dat
1 72 -360 -208 -170 1 0 0 0 1 0 0 0 1 2431.dat
1 0 -360 -200 170 1 0 0 0 1 0 0 0 1 3710.dat
1 72 -360 -208 170 1 0 0 0 1 0 0 0 1 2431.dat
1 0 -280 -200 -170 1 0 0 0 1 0 0 0 1 3710.dat
1 72 -280 -208 -170 1 0 0 0 1 0 0 0 1 2431.dat
1 0 -280 -200 170 1 0 0 0 1 0 0 0 1 3710.dat
1 72 -280 -208 170 1 0 0 0 1 0 0 0 1 2431.dat
1 0 -200 -200 -170 1 0 0 0 1 0 0 0 1 3710.dat
1 72 -200 -208 -170 1 0 0 0 1 0 0 0 1 2431.dat
1 0 -200 -200 170 1 0 0 0 1 0 0 0 1 3710.dat
1 72 -200 -208 170 1 0 0 0 1 0 0 0 1 2431.dat
1 0 -120 -200 -170 1 0 0 0 1 0 0 0 1 3710.dat
1 72 -120 -208 -170 1 0 0 0 1 0 0 0 1 2431.dat
1 0 -120 -200 170 1 0 0 0 1 0 0 0 1 3710.dat
1 72 -120 -208 170 1 0 0 0 1 0 0 0 1 2431.dat
1 0 -40 -200 -170 1 0 0 0 1 0 0 0 1 3710.dat
1 72 -40 -208 -170 1 0 0 0 1 0 0 0 1 2431.dat
1 0 -40 -200 170 1 0 0 0 1 0 0 0 1 3710.dat
1 72 -40 -208 170 1 0 0 0 1 0 0 0 1 2431.dat
1 0 40 -200 -170 1 0 0 0 1 0 0 0 1 3710.dat
1 72 40 -208 -170 1 0 0 0 1 0 0 0 1 2431.dat
1 0 40 -200 170 1 0 0 0 1 0 0 0 1 3710.dat
1 72 40 -208 170 1 0 0 0 1 0 0 0 1 2431.dat
1 0 120 -200 -170 1 0 0 0 1 0 0 0 1 3710.dat
1 72 120 -208 -170 1 0 0 0 1 0 0 0 1 2431.dat
1 0 120 -200 170 1 0 0 0 1 0 0 0 1 3710.dat
1 72 120 -208 170 1 0 0 0 1 0 0 0 1 2431.dat
1 0 200 -200 -170 1 0 0 0 1 0 0 0 1 3710.dat
1 72 200 -208 -170 1 0 0 0 1 0 0 0 1 2431.dat
1 0 200 -200 170 1 0 0 0 1 0 0 0 1 3710.dat
1 72 200 -208 170 1 0 0 0 1 0 0 0 1 2431.dat
1 0 280 -200 -170 1 0 0 0 1 0 0 0 1 3710.dat
1 72 280 -208 -170 1 0 0 0 1 0 0 0 1 2431.dat
1 0 280 -200 170 1 0 0 0 1 0 0 0 1 3710.dat
1 72 280 -208 170 1 0 0 0 1 0 0 0 1 2431.dat
1 0 360 -200 -170 1 0 0 0 1 0 0 0 1 3710.dat
1 72 360 -208 -170 1 0 0 0 1 0 0 0 1 2431.dat
1 0 360 -200 170 1 0 0 0 1 0 0 0 1 3710.dat
1 72 360 -208 170 1 0 0 0 1 0 0 0 1 2431.dat
1 0 440 -200 -170 1 0 0 0 1 0 0 0 1 3710.dat
1 72 440 -208 -170 1 0 0 0 1 0 0 0 1 2431.dat
1 0 440 -200 170 1 0 0 0 1 0 0 0 1 3710.dat
1 72 440 -208 170 1 0 0 0 1 0 0 0 1 2431.dat
1 0 520 -200 -170 1 0 0 0 1 0 0 0 1 3710.dat
1 72 520 -208 -170 1 0 0 0 1 0 0 0 1 2431.dat
1 0 520 -200 170 1 0 0 0 1 0 0 0 1 3710.dat
1 72 520 -208 170 1 0 0 0 1 0 0 0 1 2431.dat
1 0 600 -200 -170 1 0 0 0 1 0 0 0 1 3710.dat
1 72 600 -208 -170 1 0 0 0 1 0 0 0 1 2431.dat
1 0 600 -200 170 1 0 0 0 1 0 0 0 1 3710.dat
1 72 600 -208 170 1 0 0 0 1 0 0 0 1 2431.dat
1 0 680 -200 -170 1 0 0 0 1 0 0 0 1 3710.dat
1 72 680 -208 -170 1 0 0 0 1 0 0 0 1 2431.dat
1 0 680 -200 170 1 0 0 0 1 0 0 0 1 3710.dat
1 72 680 -208 170 1 0 0 0 1 0 0 0 1 2431.dat
1 0 760 -200 -170 1 0 0 0 1 0 0 0 1 3710.dat
1 72 760 -208 -170 1 0 0 0 1 0 0 0 1 2431.dat
1 0 760 -200 170 1 0 0 0 1 0 0 0 1 3710.dat
1 72 760 -208 170 1 0 0 0 1 0 0 0 1 2431.dat
1 0 840 -200 -170 1 0 0 0 1 0 0 0 1 3710.dat
1 72 840 -208 -170 1 0 0 0 1 0 0 0 1 2431.dat
1 0 840 -200 170 1 0 0 0 1 0 0 0 1 3710.dat
1 72 840 -208 170 1 0 0 0 1 0 0 0 1 2431.dat
0 STEP
1 0 -240 -120 -160 1 0 0 0 1 0 0 0 1 3020.dat
1 0 -240 -120 -120 1 0 0 0 1 0 0 0 1 3020.dat
1 0 -160 -120 -160 1 0 0 0 1 0 0 0 1 3020.dat
1 0 -160 -120 -120 1 0 0 0 1 0 0 0 1 3020.dat
1 72 -240 -144 -160 1 0 0 0 1 0 0 0 1 3001.dat
1 72 -240 -144 -120 1 0 0 0 1 0 0 0 1 3001.dat
1 72 -160 -144 -160 1 0 0 0 1 0 0 0 1 3001.dat
1 72 -160 -144 -120 1 0 0 0 1 0 0 0 1 3001.dat
1 72 -240 -168 -160 1 0 0 0 1 0 0 0 1 3001.dat
1 72 -240 -168 -120 1 0 0 0 1 0 0 0 1 3001.dat
1 72 -160 -168 -160 1 0 0 0 1 0 0 0 1 3001.dat
1 72 -160 -168 -120 1 0 0 0 1 0 0 0 1 3001.dat
1 0 -240 -120 120 1 0 0 0 1 0 0 0 1 3020.dat
1 0 -240 -120 160 1 0 0 0 1 0 0 0 1 3020.dat
1 0 -160 -120 120 1 0 0 0 1 0 0 0 1 3020.dat
1 0 -160 -120 160 1 0 0 0 1 0 0 0 1 3020.dat
1 72 -240 -144 120 1 0 0 0 1 0 0 0 1 3001.dat
1 72 -240 -144 160 1 0 0 0 1 0 0 0 1 3001.dat
1 72 -160 -144 120 1 0 0 0 1 0 0 0 1 3001.dat
1 72 -160 -144 160 1 0 0 0 1 0 0 0 1 3001.dat
1 72 -240 -168 120 1 0 0 0 1 0 0 0 1 3001.dat
1 72 -240 -168 160 1 0 0 0 1 0 0 0 1 3001.dat
1 72 -160 -168 120 1 0 0 0 1 0 0 0 1 3001.dat
1 72 -160 -168 160 1 0 0 0 1 0 0 0 1 3001.dat
1 0 0 -120 -160 1 0 0 0 1 0 0 0 1 3020.dat
1 0 0 -120 -120 1 0 0 0 1 0 0 0 1 3020.dat
1 0 80 -120 -160 1 0 0 0 1 0 0 0 1 3020.dat
1 0 80 -120 -120 1 0 0 0 1 0 0 0 1 3020.dat
1 72 0 -144 -160 1 0 0 0 1 0 0 0 1 3001.dat
1 72 0 -144 -120 1 0 0 0 1 0 0 0 1 3001.dat
1 72 80 -144 -160 1 0 0 0 1 0 0 0 1 3001.dat
1 72 80 -144 -120 1 0 0 0 1 0 0 0 1 3001.dat
1 72 0 -168 -160 1 0 0 0 1 0 0 0 1 3001.dat
1 72 0 -168 -120 1 0 0 0 1 0 0 0 1 3001.dat
1 72 80 -168 -160 1 0 0 0 1 0 0 0 1 3001.dat
1 72 80 -168 -120 1 0 0 0 1 0 0 0 1 3001.dat
1 0 0 -120 120 1 0 0 0 1 0 0 0 1 3020.dat
1 0 0 -120 160 1 0 0 0 1 0 0 0 1 3020.dat
1 0 80 -120 120 1 0 0 0 1 0 0 0 1 3020.dat
1 0 80 -120 160 1 0 0 0 1 0 0 0 1 3020.dat
1 72 0 -144 120 1 0 0 0 1 0 0 0 1 3001.dat
1 72 0 -144 160 1 0 0 0 1 0 0 0 1 3001.dat
1 72 80 -144 120 1 0 0 0 1 0 0 0 1 3001.dat
1 72 80 -144 160 1 0 0 0 1 0 0 0 1 3001.dat
1 72 0 -168 120 1 0 0 0 1 0 0 0 1 3001.dat
1 72 0 -168 160 1 0 0 0 1 0 0 0 1 3001.dat
1 72 80 -168 120 1 0 0 0 1 0 0 0 1 3001.dat
1 72 80 -168 160 1 0 0 0 1 0 0 0 1 3001.dat
1 0 160 -120 -160 1 0 0 0 1 0 0 0 1 3020.dat
1 0 160 -120 -120 1 0 0 0 1 0 0 0 1 3020.dat
1 0 240 -120 -160 1 0 0 0 1 0 0 0 1 3020.dat
1 0 240 -120 -120 1 0 0 0 1 0 0 0 1 3020.dat
1 72 160 -144 -160 1 0 0 0 1 0 0 0 1 3001.dat
1 72 160 -144 -120 1 0 0 0 1 0 0 0 1 3001.dat
1 72 240 -144 -160 1 0 0 0 1 0 0 0 1 3001.dat
1 72 240 -144 -120 1 0 0 0 1 0 0 0 1 3001.dat
1 72 160 -168 -160 1 0 0 0 1 0 0 0 1 3001.dat
1 72 160 -168 -120 1 0 0 0 1 0 0 0 1 3001.dat
1 72 240 -168 -160 1 0 0 0 1 0 0 0 1 3001.dat
1 72 240 -168 -120 1 0 0 0 1 0 0 0 1 3001.dat
1 0 160 -120 120 1 0 0 0 1 0 0 0 1 3020.dat
1 0 160 -120 160 1 0 0 0 1 0 0 0 1 3020.dat
1 0 240 -120 120 1 0 0 0 1 0 0 0 1 3020.dat
1 0 240 -120 160 1 0 0 0 1 0 0 0 1 3020.dat
1 72 160 -144 120 1 0 0 0 1 0 0 0 1 3001.dat
1 72 160 -144 160 1 0 0 0 1 0 0 0 1 3001.dat
1 72 240 -144 120 1 0 0 0 1 0 0 0 1 3001.dat
1 72 240 -144 160 1 0 0 0 1 0 0 0 1 3001.dat
1 72 160 -168 120 1 0 0 0 1 0 0 0 1 3001.dat
1 72 160 -168 160 1 0 0 0 1 0 0 0 1 3001.dat
1 72 240 -168 120 1 0 0 0 1 0 0 0 1 3001.dat
1 72 240 -168 160 1 0 0 0 1 0 0 0 1 3001.dat
0 STEP
1 0 -240 -134 -173 1 0 0 0 0 1 0 -1 0 2412b.dat
1 0 -320 -146 -181 0 1 0 -1 0 0 0 0 1 30374.dat
1 0 -240 -134 189 1 0 0 0 0 1 0 -1 0 2412b.dat
1 0 -320 -146 181 0 1 0 -1 0 0 0 0 1 30374.dat
1 0 -160 -134 -173 1 0 0 0 0 1 0 -1 0 2412b.dat
1 0 -240 -146 -181 0 1 0 -1 0 0 0 0 1 30374.dat
1 0 -160 -134 189 1 0 0 0 0 1 0 -1 0 2412b.dat
1 0 -240 -146 181 0 1 0 -1 0 0 0 0 1 30374.dat
1 0 0 -134 -173 1 0 0 0 0 1 0 -1 0 2412b.dat
1 0 -80 -146 -181 0 1 0 -1 0 0 0 0 1 30374.dat
1 0 0 -134 189 1 0 0 0 0 1 0 -1 0 2412b.dat
1 0 -80 -146 181 0 1 0 -1 0 0 0 0 1 30374.dat
1 0 80 -134 -173 1 0 0 0 0 1 0 -1 0 2412b.dat
1 0 0 -146 -181 0 1 0 -1 0 0 0 0 1 30374.dat
1 0 80 -134 189 1 0 0 0 0 1 0 -1 0 2412b.dat
1 0 0 -146 181 0 1 0 -1 0 0 0 0 1 30374.dat
1 0 160 -134 -173 1 0 0 0 0 1 0 -1 0 2412b.dat
1 0 80 -146 -181 0 1 0 -1 0 0 0 0 1 30374.dat
1 0 160 -134 189 1 0 0 0 0 1 0 -1 0 2412b.dat
1 0 80 -146 181 0 1 0 -1 0 0 0 0 1 30374.dat
1 0 240 -134 -173 1 0 0 0 0 1 0 -1 0 2412b.dat
1 0 160 -146 -181 0 1 0 -1 0 0 0 0 1 30374.dat
1 0 240 -134 189 1 0 0 0 0 1 0 -1 0 2412b.dat
1 0 160 -146 181 0 1 0 -1 0 0 0 0 1 30374.dat
0 STEP
1 14 -860 -168 -140 1 0 0 0 1 0 0 0 1 3003.dat
1 14 -860 -176 -140 1 0 0 0 1 0 0 0 1 3020.dat
1 14 -860 -168 -100 1 0 0 0 1 0 0 0 1 3003.dat
1 14 -860 -176 -100 1 0 0 0 1 0 0 0 1 3020.dat
1 14 -860 -168 -60 1 0 0 0 1 0 0 0 1 3003.dat
1 14 -860 -176 -60 1 0 0 0 1 0 0 0 1 3020.dat
1 14 -860 -168 -20 1 0 0 0 1 0 0 0 1 3003.dat
1 14 -860 -176 -20 1 0 0 0 1 0 0 0 1 3020.dat
1 14 -860 -168 20 1 0 0 0 1 0 0 0 1 3003.dat
1 14 -860 -176 20 1 0 0 0 1 0 0 0 1 3020.dat
1 14 -860 -168 60 1 0 0 0 1 0 0 0 1 3003.dat
1 14 -860 -176 60 1 0 0 0 1 0 0 0 1 3020.dat
1 14 -860 -168 100 1 0 0 0 1 0 0 0 1 3003.dat
1 14 -860 -176 100 1 0 0 0 1 0 0 0 1 3020.dat
1 14 -860 -168 140 1 0 0 0 1 0 0 0 1 3003.dat
1 14 -860 -176 140 1 0 0 0 1 0 0 0 1 3020.dat
1 14 860 -168 -140 1 0 0 0 1 0 0 0 1 3003.dat
1 14 860 -176 -140 1 0 0 0 1 0 0 0 1 3020.dat
1 14 860 -168 -100 1 0 0 0 1 0 0 0 1 3003.dat
1 14 860 -176 -100 1 0 0 0 1 0 0 0 1 3020.dat
1 14 860 -168 -60 1 0 0 0 1 0 0 0 1 3003.dat
1 14 860 -176 -60 1 0 0 0 1 0 0 0 1 3020.dat
1 14 860 -168 -20 1 0 0 0 1 0 0 0 1 3003.dat
1 14 860 -176 -20 1 0 0 0 1 0 0 0 1 3020.dat
1 14 860 -168 20 1 0 0 0 1 0 0 0 1 3003.dat
1 14 860 -176 20 1 0 0 0 1 0 0 0 1 3020.dat
1 14 860 -168 60 1 0 0 0 1 0 0 0 1 3003.dat
1 14 860 -176 60 1 0 0 0 1 0 0 0 1 3020.dat
1 14 860 -168 100 1 0 0 0 1 0 0 0 1 3003.dat
1 14 860 -176 100 1 0 0 0 1 0 0 0 1 3020.dat
1 14 860 -168 140 1 0 0 0 1 0 0 0 1 3003.dat
1 14 860 -176 140 1 0 0 0 1 0 0 0 1 3020.dat
0 STEP
1 0 -876 -156 -100 0 -1 0 1 0 0 0 0 1 3941.dat
1 0 -917.9997 -162 -100 0 -1 0 1 0 0 0 0 1 11213.dat
1 0 -876 -156 100 0 -1 0 1 0 0 0 0 1 3941.dat
1 0 -917.9997 -162 100 0 -1 0 1 0 0 0 0 1 11213.dat
1 0 -916 -150 0 0 0 -1 0 1 0 1 0 0 2920.dat
1 0 -940 -147 0 0 0 -1 0 1 0 1 0 0 73092.dat
1 0 876 -156 -100 0 1 0 -1 0 0 0 0 1 3941.dat
1 0 917.9997 -162 -100 0 1 0 -1 0 0 0 0 1 11213.dat
1 0 876 -156 100 0 1 0 -1 0 0 0 0 1 3941.dat
1 0 917.9997 -162 100 0 1 0 -1 0 0 0 0 1 11213.dat
1 0 916 -150 0 0 0 1 0 1 0 -1 0 0 2920.dat
1 0 940 -147 0 0 0 1 0 1 0 -1 0 0 73092.dat
0 STEP
1 14 -680 -144 -380 1 0 0 0 1 0 0 0 1 3020.dat
1 14 -680 -144 -340 1 0 0 0 1 0 0 0 1 3020.dat
1 14 -680 -144 -300 1 0 0 0 1 0 0 0 1 3020.dat
1 14 -680 -144 -260 1 0 0 0 1 0 0 0 1 3020.dat
1 14 -680 -152 -380 1 0 0 0 1 0 0 0 1 3020.dat
1 14 -680 -152 -340 1 0 0 0 1 0 0 0 1 3020.dat
1 14 -680 -152 -300 1 0 0 0 1 0 0 0 1 3020.dat
1 14 -680 -152 -260 1 0 0 0 1 0 0 0 1 3020.dat
1 14 -680 -160 -380 1 0 0 0 1 0 0 0 1 3020.dat
1 14 -680 -160 -340 1 0 0 0 1 0 0 0 1 3020.dat
1 14 -680 -160 -300 1 0 0 0 1 0 0 0 1 3020.dat
1 14 -680 -160 -260 1 0 0 0 1 0 0 0 1 3020.dat
1 72 -680 -48 -380 1 0 0 0 1 0 0 0 1 3941.dat
1 72 -680 -72 -380 1 0 0 0 1 0 0 0 1 3941.dat
1 72 -680 -96 -380 1 0 0 0 1 0 0 0 1 3941.dat
1 0 -680 -120 -380 1 0 0 0 1 0 0 0 1 3941.dat
1 0 -680 -144 -380 1 0 0 0 1 0 0 0 1 3941.dat
1 0 -680 -8 -380 1 0 0 0 1 0 0 0 1 3031.dat
1 0 -680 -16 -380 1 0 0 0 1 0 0 0 1 3031.dat
1 14 -680 -24 -380 1 0 0 0 1 0 0 0 1 3031.dat
1 0 -680 -168 -380 1 0 0 0 1 0 0 0 1 2431.dat
1 15 -680 -176 -380 1 0 0 0 1 0 0 0 1 4073.dat
1 0 -720 -136 -160 0 0 1 0 1 0 -1 0 0 3020.dat
1 0 -680 -136 -160 0 0 1 0 1 0 -1 0 0 3020.dat
1 0 -640 -136 -160 0 0 1 0 1 0 -1 0 0 3020.dat
1 14 -730 -160 -160 0 0 1 0 1 0 -1 0 0 3010.dat
1 14 -630 -160 -160 0 0 1 0 1 0 -1 0 0 3010.dat
1 0 -720 -136 -240 0 0 1 0 1 0 -1 0 0 3020.dat
1 14 -720 -168 -240 0 0 1 0 1 0 -1 0 0 3020.dat
1 0 -680 -136 -240 0 0 1 0 1 0 -1 0 0 3020.dat
1 14 -680 -168 -240 0 0 1 0 1 0 -1 0 0 3020.dat
1 0 -640 -136 -240 0 0 1 0 1 0 -1 0 0 3020.dat
1 14 -640 -168 -240 0 0 1 0 1 0 -1 0 0 3020.dat
1 14 -730 -160 -240 0 0 1 0 1 0 -1 0 0 3010.dat
1 14 -630 -160 -240 0 0 1 0 1 0 -1 0 0 3010.dat
0 STEP
1 14 -680 -144 260 1 0 0 0 1 0 0 0 1 3020.dat
1 14 -680 -144 300 1 0 0 0 1 0 0 0 1 3020.dat
1 14 -680 -144 340 1 0 0 0 1 0 0 0 1 3020.dat
1 14 -680 -144 380 1 0 0 0 1 0 0 0 1 3020.dat
1 14 -680 -152 260 1 0 0 0 1 0 0 0 1 3020.dat
1 14 -680 -152 300 1 0 0 0 1 0 0 0 1 3020.dat
1 14 -680 -152 340 1 0 0 0 1 0 0 0 1 3020.dat
1 14 -680 -152 380 1 0 0 0 1 0 0 0 1 3020.dat
1 14 -680 -160 260 1 0 0 0 1 0 0 0 1 3020.dat
1 14 -680 -160 300 1 0 0 0 1 0 0 0 1 3020.dat
1 14 -680 -160 340 1 0 0 0 1 0 0 0 1 3020.dat
1 14 -680 -160 380 1 0 0 0 1 0 0 0 1 3020.dat
1 72 -680 -48 380 1 0 0 0 1 0 0 0 1 3941.dat
1 72 -680 -72 380 1 0 0 0 1 0 0 0 1 3941.dat
1 72 -680 -96 380 1 0 0 0 1 0 0 0 1 3941.dat
1 0 -680 -120 380 1 0 0 0 1 0 0 0 1 3941.dat
1 0 -680 -144 380 1 0 0 0 1 0 0 0 1 3941.dat
1 0 -680 -8 380 1 0 0 0 1 0 0 0 1 3031.dat
1 0 -680 -16 380 1 0 0 0 1 0 0 0 1 3031.dat
1 14 -680 -24 380 1 0 0 0 1 0 0 0 1 3031.dat
1 0 -680 -168 380 1 0 0 0 1 0 0 0 1 2431.dat
1 15 -680 -176 380 1 0 0 0 1 0 0 0 1 4073.dat
1 0 -720 -136 160 0 0 1 0 1 0 -1 0 0 3020.dat
1 0 -680 -136 160 0 0 1 0 1 0 -1 0 0 3020.dat
1 0 -640 -136 160 0 0 1 0 1 0 -1 0 0 3020.dat
1 14 -730 -160 160 0 0 1 0 1 0 -1 0 0 3010.dat
1 14 -630 -160 160 0 0 1 0 1 0 -1 0 0 3010.dat
1 0 -720 -136 240 0 0 1 0 1 0 -1 0 0 3020.dat
1 14 -720 -168 240 0 0 1 0 1 0 -1 0 0 3020.dat
1 0 -680 -136 240 0 0 1 0 1 0 -1 0 0 3020.dat
1 14 -680 -168 240 0 0 1 0 1 0 -1 0 0 3020.dat
1 0 -640 -136 240 0 0 1 0 1 0 -1 0 0 3020.dat
1 14 -640 -168 240 0 0 1 0 1 0 -1 0 0 3020.dat
1 14 -730 -160 240 0 0 1 0 1 0 -1 0 0 3010.dat
1 14 -630 -160 240 0 0 1 0 1 0 -1 0 0 3010.dat
0 STEP
1 14 680 -144 -380 1 0 0 0 1 0 0 0 1 3020.dat
1 14 680 -144 -340 1 0 0 0 1 0 0 0 1 3020.dat
1 14 680 -144 -300 1 0 0 0 1 0 0 0 1 3020.dat
1 14 680 -144 -260 1 0 0 0 1 0 0 0 1 3020.dat
1 14 680 -152 -380 1 0 0 0 1 0 0 0 1 3020.dat
1 14 680 -152 -340 1 0 0 0 1 0 0 0 1 3020.dat
1 14 680 -152 -300 1 0 0 0 1 0 0 0 1 3020.dat
1 14 680 -152 -260 1 0 0 0 1 0 0 0 1 3020.dat
1 14 680 -160 -380 1 0 0 0 1 0 0 0 1 3020.dat
1 14 680 -160 -340 1 0 0 0 1 0 0 0 1 3020.dat
1 14 680 -160 -300 1 0 0 0 1 0 0 0 1 3020.dat
1 14 680 -160 -260 1 0 0 0 1 0 0 0 1 3020.dat
1 72 680 -48 -380 1 0 0 0 1 0 0 0 1 3941.dat
1 72 680 -72 -380 1 0 0 0 1 0 0 0 1 3941.dat
1 72 680 -96 -380 1 0 0 0 1 0 0 0 1 3941.dat
1 0 680 -120 -380 1 0 0 0 1 0 0 0 1 3941.dat
1 0 680 -144 -380 1 0 0 0 1 0 0 0 1 3941.dat
1 0 680 -8 -380 1 0 0 0 1 0 0 0 1 3031.dat
1 0 680 -16 -380 1 0 0 0 1 0 0 0 1 3031.dat
1 14 680 -24 -380 1 0 0 0 1 0 0 0 1 3031.dat
1 0 680 -168 -380 1 0 0 0 1 0 0 0 1 2431.dat
1 15 680 -176 -380 1 0 0 0 1 0 0 0 1 4073.dat
1 0 640 -136 -160 0 0 1 0 1 0 -1 0 0 3020.dat
1 0 680 -136 -160 0 0 1 0 1 0 -1 0 0 3020.dat
1 0 720 -136 -160 0 0 1 0 1 0 -1 0 0 3020.dat
1 14 630 -160 -160 0 0 1 0 1 0 -1 0 0 3010.dat
1 14 730 -160 -160 0 0 1 0 1 0 -1 0 0 3010.dat
1 0 640 -136 -240 0 0 1 0 1 0 -1 0 0 3020.dat
1 14 640 -168 -240 0 0 1 0 1 0 -1 0 0 3020.dat
1 0 680 -136 -240 0 0 1 0 1 0 -1 0 0 3020.dat
1 14 680 -168 -240 0 0 1 0 1 0 -1 0 0 3020.dat
1 0 720 -136 -240 0 0 1 0 1 0 -1 0 0 3020.dat
1 14 720 -168 -240 0 0 1 0 1 0 -1 0 0 3020.dat
1 14 630 -160 -240 0 0 1 0 1 0 -1 0 0 3010.dat
1 14 730 -160 -240 0 0 1 0 1 0 -1 0 0 3010.dat
0 STEP
1 14 680 -144 260 1 0 0 0 1 0 0 0 1 3020.dat
1 14 680 -144 300 1 0 0 0 1 0 0 0 1 3020.dat
1 14 680 -144 340 1 0 0 0 1 0 0 0 1 3020.dat
1 14 680 -144 380 1 0 0 0 1 0 0 0 1 3020.dat
1 14 680 -152 260 1 0 0 0 1 0 0 0 1 3020.dat
1 14 680 -152 300 1 0 0 0 1 0 0 0 1 3020.dat
1 14 680 -152 340 1 0 0 0 1 0 0 0 1 3020.dat
1 14 680 -152 380 1 0 0 0 1 0 0 0 1 3020.dat
1 14 680 -160 260 1 0 0 0 1 0 0 0 1 3020.dat
1 14 680 -160 300 1 0 0 0 1 0 0 0 1 3020.dat
1 14 680 -160 340 1 0 0 0 1 0 0 0 1 3020.dat
1 14 680 -160 380 1 0 0 0 1 0 0 0 1 3020.dat
1 72 680 -48 380 1 0 0 0 1 0 0 0 1 3941.dat
1 72 680 -72 380 1 0 0 0 1 0 0 0 1 3941.dat
1 72 680 -96 380 1 0 0 0 1 0 0 0 1 3941.dat
1 0 680 -120 380 1 0 0 0 1 0 0 0 1 3941.dat
1 0 680 -144 380 1 0 0 0 1 0 0 0 1 3941.dat
1 0 680 -8 380 1 0 0 0 1 0 0 0 1 3031.dat
1 0 680 -16 380 1 0 0 0 1 0 0 0 1 3031.dat
1 14 680 -24 380 1 0 0 0 1 0 0 0 1 3031.dat
1 0 680 -168 380 1 0 0 0 1 0 0 0 1 2431.dat
1 15 680 -176 380 1 0 0 0 1 0 0 0 1 4073.dat
1 0 640 -136 160 0 0 1 0 1 0 -1 0 0 3020.dat
1 0 680 -136 160 0 0 1 0 1 0 -1 0 0 3020.dat
1 0 720 -136 160 0 0 1 0 1 0 -1 0 0 3020.dat
1 14 630 -160 160 0 0 1 0 1 0 -1 0 0 3010.dat
1 14 730 -160 160 0 0 1 0 1 0 -1 0 0 3010.dat
1 0 640 -136 240 0 0 1 0 1 0 -1 0 0 3020.dat
1 14 640 -168 240 0 0 1 0 1 0 -1 0 0 3020.dat
1 0 680 -136 240 0 0 1 0 1 0 -1 0 0 3020.dat
1 14 680 -168 240 0 0 1 0 1 0 -1 0 0 3020.dat
1 0 720 -136 240 0 0 1 0 1 0 -1 0 0 3020.dat
1 14 720 -168 240 0 0 1 0 1 0 -1 0 0 3020.dat
1 14 630 -160 240 0 0 1 0 1 0 -1 0 0 3010.dat
1 14 730 -160 240 0 0 1 0 1 0 -1 0 0 3010.dat
0 STEP
1 72 -200 -216 -80 1 0 0 0 1 0 0 0 1 3031.dat
1 0 -200 -224 -80 1 0 0 0 1 0 0 0 1 3031.dat
1 72 -200 -216 0 1 0 0 0 1 0 0 0 1 3031.dat
1 0 -200 -224 0 1 0 0 0 1 0 0 0 1 3031.dat
1 72 -200 -216 80 1 0 0 0 1 0 0 0 1 3031.dat
1 0 -200 -224 80 1 0 0 0 1 0 0 0 1 3031.dat
1 72 -120 -216 -80 1 0 0 0 1 0 0 0 1 3031.dat
1 0 -120 -224 -80 1 0 0 0 1 0 0 0 1 3031.dat
1 72 -120 -216 0 1 0 0 0 1 0 0 0 1 3031.dat
1 0 -120 -224 0 1 0 0 0 1 0 0 0 1 3031.dat
1 72 -120 -216 80 1 0 0 0 1 0 0 0 1 3031.dat
1 0 -120 -224 80 1 0 0 0 1 0 0 0 1 3031.dat
1 72 -40 -216 -80 1 0 0 0 1 0 0 0 1 3031.dat
1 0 -40 -224 -80 1 0 0 0 1 0 0 0 1 3031.dat
1 72 -40 -216 0 1 0 0 0 1 0 0 0 1 3031.dat
1 0 -40 -224 0 1 0 0 0 1 0 0 0 1 3031.dat
1 72 -40 -216 80 1 0 0 0 1 0 0 0 1 3031.dat
1 0 -40 -224 80 1 0 0 0 1 0 0 0 1 3031.dat
1 71 -120 -238 0 1 0 0 0 1 0 0 0 1 18939.dat
1 0 -120 -234 0 1 0 0 0 1 0 0 0 1 18938.dat
0 STEP
1 14 -680 -232 -140 1 0 0 0 1 0 0 0 1 3020.dat
1 14 -680 -232 -100 1 0 0 0 1 0 0 0 1 3020.dat
1 14 -680 -232 -60 1 0 0 0 1 0 0 0 1 3020.dat
1 14 -680 -232 -20 1 0 0 0 1 0 0 0 1 3020.dat
1 14 -680 -232 20 1 0 0 0 1 0 0 0 1 3020.dat
1 14 -680 -232 60 1 0 0 0 1 0 0 0 1 3020.dat
1 14 -680 -232 100 1 0 0 0 1 0 0 0 1 3020.dat
1 14 -680 -232 140 1 0 0 0 1 0 0 0 1 3020.dat
1 14 -600 -232 -140 1 0 0 0 1 0 0 0 1 3020.dat
1 14 -600 -232 -100 1 0 0 0 1 0 0 0 1 3020.dat
1 14 -600 -232 -60 1 0 0 0 1 0 0 0 1 3020.dat
1 14 -600 -232 -20 1 0 0 0 1 0 0 0 1 3020.dat
1 14 -600 -232 20 1 0 0 0 1 0 0 0 1 3020.dat
1 14 -600 -232 60 1 0 0 0 1 0 0 0 1 3020.dat
1 14 -600 -232 100 1 0 0 0 1 0 0 0 1 3020.dat
1 14 -600 -232 140 1 0 0 0 1 0 0 0 1 3020.dat
1 14 -520 -232 -140 1 0 0 0 1 0 0 0 1 3020.dat
1 14 -520 -232 -100 1 0 0 0 1 0 0 0 1 3020.dat
1 14 -520 -232 -60 1 0 0 0 1 0 0 0 1 3020.dat
1 14 -520 -232 -20 1 0 0 0 1 0 0 0 1 3020.dat
1 14 -520 -232 20 1 0 0 0 1 0 0 0 1 3020.dat
1 14 -520 -232 60 1 0 0 0 1 0 0 0 1 3020.dat
1 14 -520 -232 100 1 0 0 0 1 0 0 0 1 3020.dat
1 14 -520 -232 140 1 0 0 0 1 0 0 0 1 3020.dat
1 14 -440 -232 -140 1 0 0 0 1 0 0 0 1 3020.dat
1 14 -440 -232 -100 1 0 0 0 1 0 0 0 1 3020.dat
1 14 -440 -232 -60 1 0 0 0 1 0 0 0 1 3020.dat
1 14 -440 -232 -20 1 0 0 0 1 0 0 0 1 3020.dat
1 14 -440 -232 20 1 0 0 0 1 0 0 0 1 3020.dat
1 14 -440 -232 60 1 0 0 0 1 0 0 0 1 3020.dat
1 14 -440 -232 100 1 0 0 0 1 0 0 0 1 3020.dat
1 14 -440 -232 140 1 0 0 0 1 0 0 0 1 3020.dat
1 14 -360 -232 -140 1 0 0 0 1 0 0 0 1 3020.dat
1 14 -360 -232 -100 1 0 0 0 1 0 0 0 1 3020.dat
1 14 -360 -232 -60 1 0 0 0 1 0 0 0 1 3020.dat
1 14 -360 -232 -20 1 0 0 0 1 0 0 0 1 3020.dat
1 14 -360 -232 20 1 0 0 0 1 0 0 0 1 3020.dat
1 14 -360 -232 60 1 0 0 0 1 0 0 0 1 3020.dat
1 14 -360 -232 100 1 0 0 0 1 0 0 0 1 3020.dat
1 14 -360 -232 140 1 0 0 0 1 0 0 0 1 3020.dat
1 14 -280 -232 -140 1 0 0 0 1 0 0 0 1 3020.dat
1 14 -280 -232 -100 1 0 0 0 1 0 0 0 1 3020.dat
1 14 -280 -232 -60 1 0 0 0 1 0 0 0 1 3020.dat
1 14 -280 -232 -20 1 0 0 0 1 0 0 0 1 3020.dat
1 14 -280 -232 20 1 0 0 0 1 0 0 0 1 3020.dat
1 14 -280 -232 60 1 0 0 0 1 0 0 0 1 3020.dat
1 14 -280 -232 100 1 0 0 0 1 0 0 0 1 3020.dat
1 14 -280 -232 140 1 0 0 0 1 0 0 0 1 3020.dat
1 14 -200 -232 -140 1 0 0 0 1 0 0 0 1 3020.dat
1 14 -200 -232 -100 1 0 0 0 1 0 0 0 1 3020.dat
1 14 -200 -232 -60 1 0 0 0 1 0 0 0 1 3020.dat
1 14 -200 -232 -20 1 0 0 0 1 0 0 0 1 3020.dat
1 14 -200 -232 20 1 0 0 0 1 0 0 0 1 3020.dat
1 14 -200 -232 60 1 0 0 0 1 0 0 0 1 3020.dat
1 14 -200 -232 100 1 0 0 0 1 0 0 0 1 3020.dat
1 14 -200 -232 140 1 0 0 0 1 0 0 0 1 3020.dat
1 14 -120 -232 -140 1 0 0 0 1 0 0 0 1 3020.dat
1 14 -120 -232 -100 1 0 0 0 1 0 0 0 1 3020.dat
1 14 -120 -232 -60 1 0 0 0 1 0 0 0 1 3020.dat
1 14 -120 -232 -20 1 0 0 0 1 0 0 0 1 3020.dat
1 14 -120 -232 20 1 0 0 0 1 0 0 0 1 3020.dat
1 14 -120 -232 60 1 0 0 0 1 0 0 0 1 3020.dat
1 14 -120 -232 100 1 0 0 0 1 0 0 0 1 3020.dat
1 14 -120 -232 140 1 0 0 0 1 0 0 0 1 3020.dat
1 14 -40 -232 -140 1 0 0 0 1 0 0 0 1 3020.dat
1 14 -40 -232 -100 1 0 0 0 1 0 0 0 1 3020.dat
1 14 -40 -232 -60 1 0 0 0 1 0 0 0 1 3020.dat
1 14 -40 -232 -20 1 0 0 0 1 0 0 0 1 3020.dat
1 14 -40 -232 20 1 0 0 0 1 0 0 0 1 3020.dat
1 14 -40 -232 60 1 0 0 0 1 0 0 0 1 3020.dat
1 14 -40 -232 100 1 0 0 0 1 0 0 0 1 3020.dat
1 14 -40 -232 140 1 0 0 0 1 0 0 0 1 3020.dat
1 14 40 -232 -140 1 0 0 0 1 0 0 0 1 3020.dat
1 14 40 -232 -100 1 0 0 0 1 0 0 0 1 3020.dat
1 14 40 -232 -60 1 0 0 0 1 0 0 0 1 3020.dat
1 14 40 -232 -20 1 0 0 0 1 0 0 0 1 3020.dat
1 14 40 -232 20 1 0 0 0 1 0 0 0 1 3020.dat
1 14 40 -232 60 1 0 0 0 1 0 0 0 1 3020.dat
1 14 40 -232 100 1 0 0 0 1 0 0 0 1 3020.dat
1 14 40 -232 140 1 0 0 0 1 0 0 0 1 3020.dat
1 14 120 -232 -140 1 0 0 0 1 0 0 0 1 3020.dat
1 14 120 -232 -100 1 0 0 0 1 0 0 0 1 3020.dat
1 14 120 -232 -60 1 0 0 0 1 0 0 0 1 3020.dat
1 14 120 -232 -20 1 0 0 0 1 0 0 0 1 3020.dat
1 14 120 -232 20 1 0 0 0 1 0 0 0 1 3020.dat
1 14 120 -232 60 1 0 0 0 1 0 0 0 1 3020.dat
1 14 120 -232 100 1 0 0 0 1 0 0 0 1 3020.dat
1 14 120 -232 140 1 0 0 0 1 0 0 0 1 3020.dat
1 14 200 -232 -140 1 0 0 0 1 0 0 0 1 3020.dat
1 14 200 -232 -100 1 0 0 0 1 0 0 0 1 3020.dat
1 14 200 -232 -60 1 0 0 0 1 0 0 0 1 3020.dat
1 14 200 -232 -20 1 0 0 0 1 0 0 0 1 3020.dat
1 14 200 -232 20 1 0 0 0 1 0 0 0 1 3020.dat
1 14 200 -232 60 1 0 0 0 1 0 0 0 1 3020.dat
1 14 200 -232 100 1 0 0 0 1 0 0 0 1 3020.dat
1 14 200 -232 140 1 0 0 0 1 0 0 0 1 3020.dat
1 14 280 -232 -140 1 0 0 0 1 0 0 0 1 3020.dat
1 14 280 -232 -100 1 0 0 0 1 0 0 0 1 3020.dat
1 14 280 -232 -60 1 0 0 0 1 0 0 0 1 3020.dat
1 14 280 -232 -20 1 0 0 0 1 0 0 0 1 3020.dat
1 14 280 -232 20 1 0 0 0 1 0 0 0 1 3020.dat
1 14 280 -232 60 1 0 0 0 1 0 0 0 1 3020.dat
1 14 280 -232 100 1 0 0 0 1 0 0 0 1 3020.dat
1 14 280 -232 140 1 0 0 0 1 0 0 0 1 3020.dat
1 14 360 -232 -140 1 0 0 0 1 0 0 0 1 3020.dat
1 14 360 -232 -100 1 0 0 0 1 0 0 0 1 3020.dat
1 14 360 -232 -60 1 0 0 0 1 0 0 0 1 3020.dat
1 14 360 -232 -20 1 0 0 0 1 0 0 0 1 3020.dat
1 14 360 -232 20 1 0 0 0 1 0 0 0 1 3020.dat
1 14 360 -232 60 1 0 0 0 1 0 0 0 1 3020.dat
1 14 360 -232 100 1 0 0 0 1 0 0 0 1 3020.dat
1 14 360 -232 140 1 0 0 0 1 0 0 0 1 3020.dat
1 14 440 -232 -140 1 0 0 0 1 0 0 0 1 3020.dat
1 14 440 -232 -100 1 0 0 0 1 0 0 0 1 3020.dat
1 14 440 -232 -60 1 0 0 0 1 0 0 0 1 3020.dat
1 14 440 -232 -20 1 0 0 0 1 0 0 0 1 3020.dat
1 14 440 -232 20 1 0 0 0 1 0 0 0 1 3020.dat
1 14 440 -232 60 1 0 0 0 1 0 0 0 1 3020.dat
1 14 440 -232 100 1 0 0 0 1 0 0 0 1 3020.dat
1 14 440 -232 140 1 0 0 0 1 0 0 0 1 3020.dat
1 14 520 -232 -140 1 0 0 0 1 0 0 0 1 3020.dat
1 14 520 -232 -100 1 0 0 0 1 0 0 0 1 3020.dat
1 14 520 -232 -60 1 0 0 0 1 0 0 0 1 3020.dat
1 14 520 -232 -20 1 0 0 0 1 0 0 0 1 3020.dat
1 14 520 -232 20 1 0 0 0 1 0 0 0 1 3020.dat
1 14 520 -232 60 1 0 0 0 1 0 0 0 1 3020.dat
1 14 520 -232 100 1 0 0 0 1 0 0 0 1 3020.dat
1 14 520 -232 140 1 0 0 0 1 0 0 0 1 3020.dat
1 14 600 -232 -140 1 0 0 0 1 0 0 0 1 3020.dat
1 14 600 -232 -100 1 0 0 0 1 0 0 0 1 3020.dat
1 14 600 -232 -60 1 0 0 0 1 0 0 0 1 3020.dat
1 14 600 -232 -20 1 0 0 0 1 0 0 0 1 3020.dat
1 14 600 -232 20 1 0 0 0 1 0 0 0 1 3020.dat
1 14 600 -232 60 1 0 0 0 1 0 0 0 1 3020.dat
1 14 600 -232 100 1 0 0 0 1 0 0 0 1 3020.dat
1 14 600 -232 140 1 0 0 0 1 0 0 0 1 3020.dat
0 STEP
1 14 -680 -240 -140 1 0 0 0 1 0 0 0 1 3020.dat
1 14 -680 -240 -100 1 0 0 0 1 0 0 0 1 3020.dat
1 14 -680 -240 -60 1 0 0 0 1 0 0 0 1 3020.dat
1 14 -680 -240 -20 1 0 0 0 1 0 0 0 1 3020.dat
1 14 -680 -240 20 1 0 0 0 1 0 0 0 1 3020.dat
1 14 -680 -240 60 1 0 0 0 1 0 0 0 1 3020.dat
1 14 -680 -240 100 1 0 0 0 1 0 0 0 1 3020.dat
1 14 -680 -240 140 1 0 0 0 1 0 0 0 1 3020.dat
1 14 -600 -240 -140 1 0 0 0 1 0 0 0 1 3020.dat
1 14 -600 -240 -100 1 0 0 0 1 0 0 0 1 3020.dat
1 14 -600 -240 -60 1 0 0 0 1 0 0 0 1 3020.dat
1 14 -600 -240 -20 1 0 0 0 1 0 0 0 1 3020.dat
1 14 -600 -240 20 1 0 0 0 1 0 0 0 1 3020.dat
1 14 -600 -240 60 1 0 0 0 1 0 0 0 1 3020.dat
1 14 -600 -240 100 1 0 0 0 1 0 0 0 1 3020.dat
1 14 -600 -240 140 1 0 0 0 1 0 0 0 1 3020.dat
1 14 -520 -240 -140 1 0 0 0 1 0 0 0 1 3020.dat
1 14 -520 -240 -100 1 0 0 0 1 0 0 0 1 3020.dat
1 14 -520 -240 -60 1 0 0 0 1 0 0 0 1 3020.dat
1 14 -520 -240 -20 1 0 0 0 1 0 0 0 1 3020.dat
1 14 -520 -240 20 1 0 0 0 1 0 0 0 1 3020.dat
1 14 -520 -240 60 1 0 0 0 1 0 0 0 1 3020.dat
1 14 -520 -240 100 1 0 0 0 1 0 0 0 1 3020.dat
1 14 -520 -240 140 1 0 0 0 1 0 0 0 1 3020.dat
1 14 -440 -240 -140 1 0 0 0 1 0 0 0 1 3020.dat
1 14 -440 -240 -100 1 0 0 0 1 0 0 0 1 3020.dat
1 14 -440 -240 -60 1 0 0 0 1 0 0 0 1 3020.dat
1 14 -440 -240 -20 1 0 0 0 1 0 0 0 1 3020.dat
1 14 -440 -240 20 1 0 0 0 1 0 0 0 1 3020.dat
1 14 -440 -240 60 1 0 0 0 1 0 0 0 1 3020.dat
1 14 -440 -240 100 1 0 0 0 1 0 0 0 1 3020.dat
1 14 -440 -240 140 1 0 0 0 1 0 0 0 1 3020.dat
1 14 -360 -240 -140 1 0 0 0 1 0 0 0 1 3020.dat
1 14 -360 -240 -100 1 0 0 0 1 0 0 0 1 3020.dat
1 14 -360 -240 -60 1 0 0 0 1 0 0 0 1 3020.dat
1 14 -360 -240 -20 1 0 0 0 1 0 0 0 1 3020.dat
1 14 -360 -240 20 1 0 0 0 1 0 0 0 1 3020.dat
1 14 -360 -240 60 1 0 0 0 1 0 0 0 1 3020.dat
1 14 -360 -240 100 1 0 0 0 1 0 0 0 1 3020.dat
1 14 -360 -240 140 1 0 0 0 1 0 0 0 1 3020.dat
1 14 -280 -240 -140 1 0 0 0 1 0 0 0 1 3020.dat
1 14 -280 -240 -100 1 0 0 0 1 0 0 0 1 3020.dat
1 14 -280 -240 -60 1 0 0 0 1 0 0 0 1 3020.dat
1 14 -280 -240 -20 1 0 0 0 1 0 0 0 1 3020.dat
1 14 -280 -240 20 1 0 0 0 1 0 0 0 1 3020.dat
1 14 -280 -240 60 1 0 0 0 1 0 0 0 1 3020.dat
1 14 -280 -240 100 1 0 0 0 1 0 0 0 1 3020.dat
1 14 -280 -240 140 1 0 0 0 1 0 0 0 1 3020.dat
1 14 -200 -240 -140 1 0 0 0 1 0 0 0 1 3020.dat
1 14 -200 -240 -100 1 0 0 0 1 0 0 0 1 3020.dat
1 14 -200 -240 -60 1 0 0 0 1 0 0 0 1 3020.dat
1 14 -200 -240 -20 1 0 0 0 1 0 0 0 1 3020.dat
1 14 -200 -240 20 1 0 0 0 1 0 0 0 1 3020.dat
1 14 -200 -240 60 1 0 0 0 1 0 0 0 1 3020.dat
1 14 -200 -240 100 1 0 0 0 1 0 0 0 1 3020.dat
1 14 -200 -240 140 1 0 0 0 1 0 0 0 1 3020.dat
1 14 -120 -240 -140 1 0 0 0 1 0 0 0 1 3020.dat
1 14 -120 -240 -100 1 0 0 0 1 0 0 0 1 3020.dat
1 14 -120 -240 -60 1 0 0 0 1 0 0 0 1 3020.dat
1 14 -120 -240 -20 1 0 0 0 1 0 0 0 1 3020.dat
1 14 -120 -240 20 1 0 0 0 1 0 0 0 1 3020.dat
1 14 -120 -240 60 1 0 0 0 1 0 0 0 1 3020.dat
1 14 -120 -240 100 1 0 0 0 1 0 0 0 1 3020.dat
1 14 -120 -240 140 1 0 0 0 1 0 0 0 1 3020.dat
1 14 -40 -240 -140 1 0 0 0 1 0 0 0 1 3020.dat
1 14 -40 -240 -100 1 0 0 0 1 0 0 0 1 3020.dat
1 14 -40 -240 -60 1 0 0 0 1 0 0 0 1 3020.dat
1 14 -40 -240 -20 1 0 0 0 1 0 0 0 1 3020.dat
1 14 -40 -240 20 1 0 0 0 1 0 0 0 1 3020.dat
1 14 -40 -240 60 1 0 0 0 1 0 0 0 1 3020.dat
1 14 -40 -240 100 1 0 0 0 1 0 0 0 1 3020.dat
1 14 -40 -240 140 1 0 0 0 1 0 0 0 1 3020.dat
1 14 40 -240 -140 1 0 0 0 1 0 0 0 1 3020.dat
1 14 40 -240 -100 1 0 0 0 1 0 0 0 1 3020.dat
1 14 40 -240 -60 1 0 0 0 1 0 0 0 1 3020.dat
1 14 40 -240 -20 1 0 0 0 1 0 0 0 1 3020.dat
1 14 40 -240 20 1 0 0 0 1 0 0 0 1 3020.dat
1 14 40 -240 60 1 0 0 0 1 0 0 0 1 3020.dat
1 14 40 -240 100 1 0 0 0 1 0 0 0 1 3020.dat
1 14 40 -240 140 1 0 0 0 1 0 0 0 1 3020.dat
1 14 120 -240 -140 1 0 0 0 1 0 0 0 1 3020.dat
1 14 120 -240 -100 1 0 0 0 1 0 0 0 1 3020.dat
1 14 120 -240 -60 1 0 0 0 1 0 0 0 1 3020.dat
1 14 120 -240 -20 1 0 0 0 1 0 0 0 1 3020.dat
1 14 120 -240 20 1 0 0 0 1 0 0 0 1 3020.dat
1 14 120 -240 60 1 0 0 0 1 0 0 0 1 3020.dat
1 14 120 -240 100 1 0 0 0 1 0 0 0 1 3020.dat
1 14 120 -240 140 1 0 0 0 1 0 0 0 1 3020.dat
1 14 200 -240 -140 1 0 0 0 1 0 0 0 1 3020.dat
1 14 200 -240 -100 1 0 0 0 1 0 0 0 1 3020.dat
1 14 200 -240 -60 1 0 0 0 1 0 0 0 1 3020.dat
1 14 200 -240 -20 1 0 0 0 1 0 0 0 1 3020.dat
1 14 200 -240 20 1 0 0 0 1 0 0 0 1 3020.dat
1 14 200 -240 60 1 0 0 0 1 0 0 0 1 3020.dat
1 14 200 -240 100 1 0 0 0 1 0 0 0 1 3020.dat
1 14 200 -240 140 1 0 0 0 1 0 0 0 1 3020.dat
1 14 280 -240 -140 1 0 0 0 1 0 0 0 1 3020.dat
1 14 280 -240 -100 1 0 0 0 1 0 0 0 1 3020.dat
1 14 280 -240 -60 1 0 0 0 1 0 0 0 1 3020.dat
1 14 280 -240 -20 1 0 0 0 1 0 0 0 1 3020.dat
1 14 280 -240 20 1 0 0 0 1 0 0 0 1 3020.dat
1 14 280 -240 60 1 0 0 0 1 0 0 0 1 3020.dat
1 14 280 -240 100 1 0 0 0 1 0 0 0 1 3020.dat
1 14 280 -240 140 1 0 0 0 1 0 0 0 1 3020.dat
1 14 360 -240 -140 1 0 0 0 1 0 0 0 1 3020.dat
1 14 360 -240 -100 1 0 0 0 1 0 0 0 1 3020.dat
1 14 360 -240 -60 1 0 0 0 1 0 0 0 1 3020.dat
1 14 360 -240 -20 1 0 0 0 1 0 0 0 1 3020.dat
1 14 360 -240 20 1 0 0 0 1 0 0 0 1 3020.dat
1 14 360 -240 60 1 0 0 0 1 0 0 0 1 3020.dat
1 14 360 -240 100 1 0 0 0 1 0 0 0 1 3020.dat
1 14 360 -240 140 1 0 0 0 1 0 0 0 1 3020.dat
1 14 440 -240 -140 1 0 0 0 1 0 0 0 1 3020.dat
1 14 440 -240 -100 1 0 0 0 1 0 0 0 1 3020.dat
1 14 440 -240 -60 1 0 0 0 1 0 0 0 1 3020.dat
1 14 440 -240 -20 1 0 0 0 1 0 0 0 1 3020.dat
1 14 440 -240 20 1 0 0 0 1 0 0 0 1 3020.dat
1 14 440 -240 60 1 0 0 0 1 0 0 0 1 3020.dat
1 14 440 -240 100 1 0 0 0 1 0 0 0 1 3020.dat
1 14 440 -240 140 1 0 0 0 1 0 0 0 1 3020.dat
1 14 520 -240 -140 1 0 0 0 1 0 0 0 1 3020.dat
1 14 520 -240 -100 1 0 0 0 1 0 0 0 1 3020.dat
1 14 520 -240 -60 1 0 0 0 1 0 0 0 1 3020.dat
1 14 520 -240 -20 1 0 0 0 1 0 0 0 1 3020.dat
1 14 520 -240 20 1 0 0 0 1 0 0 0 1 3020.dat
1 14 520 -240 60 1 0 0 0 1 0 0 0 1 3020.dat
1 14 520 -240 100 1 0 0 0 1 0 0 0 1 3020.dat
1 14 520 -240 140 1 0 0 0 1 0 0 0 1 3020.dat
1 14 600 -240 -140 1 0 0 0 1 0 0 0 1 3020.dat
1 14 600 -240 -100 1 0 0 0 1 0 0 0 1 3020.dat
1 14 600 -240 -60 1 0 0 0 1 0 0 0 1 3020.dat
1 14 600 -240 -20 1 0 0 0 1 0 0 0 1 3020.dat
1 14 600 -240 20 1 0 0 0 1 0 0 0 1 3020.dat
1 14 600 -240 60 1 0 0 0 1 0 0 0 1 3020.dat
1 14 600 -240 100 1 0 0 0 1 0 0 0 1 3020.dat
1 14 600 -240 140 1 0 0 0 1 0 0 0 1 3020.dat
0 STEP
1 14 -700 -264 -130 1 0 0 0 1 0 0 0 1 3004.dat
1 14 -660 -264 -130 1 0 0 0 1 0 0 0 1 3004.dat
1 14 -620 -264 -130 1 0 0 0 1 0 0 0 1 3004.dat
1 14 -580 -264 -130 1 0 0 0 1 0 0 0 1 3004.dat
1 14 -540 -264 -130 1 0 0 0 1 0 0 0 1 3004.dat
1 14 -500 -264 -130 1 0 0 0 1 0 0 0 1 3004.dat
1 14 -460 -264 -130 1 0 0 0 1 0 0 0 1 3004.dat
1 14 -420 -264 -130 1 0 0 0 1 0 0 0 1 3004.dat
1 14 -380 -264 -130 1 0 0 0 1 0 0 0 1 3004.dat
1 14 -340 -264 -130 1 0 0 0 1 0 0 0 1 3004.dat
1 14 -300 -264 -130 1 0 0 0 1 0 0 0 1 3004.dat
1 14 -260 -264 -130 1 0 0 0 1 0 0 0 1 3004.dat
1 14 -220 -264 -130 1 0 0 0 1 0 0 0 1 3004.dat
1 14 -180 -264 -130 1 0 0 0 1 0 0 0 1 3004.dat
1 14 -140 -264 -130 1 0 0 0 1 0 0 0 1 3004.dat
1 14 -100 -264 -130 1 0 0 0 1 0 0 0 1 3004.dat
1 14 -60 -264 -130 1 0 0 0 1 0 0 0 1 3004.dat
1 14 -20 -264 -130 1 0 0 0 1 0 0 0 1 3004.dat
1 14 20 -264 -130 1 0 0 0 1 0 0 0 1 3004.dat
1 14 60 -264 -130 1 0 0 0 1 0 0 0 1 3004.dat
1 14 100 -264 -130 1 0 0 0 1 0 0 0 1 3004.dat
1 14 140 -264 -130 1 0 0 0 1 0 0 0 1 3004.dat
1 14 -700 -264 130 1 0 0 0 1 0 0 0 1 3004.dat
1 14 -660 -264 130 1 0 0 0 1 0 0 0 1 3004.dat
1 14 -620 -264 130 1 0 0 0 1 0 0 0 1 3004.dat
1 14 -580 -264 130 1 0 0 0 1 0 0 0 1 3004.dat
1 14 -540 -264 130 1 0 0 0 1 0 0 0 1 3004.dat
1 14 -500 -264 130 1 0 0 0 1 0 0 0 1 3004.dat
1 14 -460 -264 130 1 0 0 0 1 0 0 0 1 3004.dat
1 14 -420 -264 130 1 0 0 0 1 0 0 0 1 3004.dat
1 14 -380 -264 130 1 0 0 0 1 0 0 0 1 3004.dat
1 14 -340 -264 130 1 0 0 0 1 0 0 0 1 3004.dat
1 14 -300 -264 130 1 0 0 0 1 0 0 0 1 3004.dat
1 14 -260 -264 130 1 0 0 0 1 0 0 0 1 3004.dat
1 14 -220 -264 130 1 0 0 0 1 0 0 0 1 3004.dat
1 14 -180 -264 130 1 0 0 0 1 0 0 0 1 3004.dat
1 14 -140 -264 130 1 0 0 0 1 0 0 0 1 3004.dat
1 14 -100 -264 130 1 0 0 0 1 0 0 0 1 3004.dat
1 14 -60 -264 130 1 0 0 0 1 0 0 0 1 3004.dat
1 14 -20 -264 130 1 0 0 0 1 0 0 0 1 3004.dat
1 14 20 -264 130 1 0 0 0 1 0 0 0 1 3004.dat
1 14 60 -264 130 1 0 0 0 1 0 0 0 1 3004.dat
1 14 100 -264 130 1 0 0 0 1 0 0 0 1 3004.dat
1 14 140 -264 130 1 0 0 0 1 0 0 0 1 3004.dat
1 14 -710 -264 -110 1 0 0 0 1 0 0 0 1 3005.dat
1 14 -710 -264 -90 1 0 0 0 1 0 0 0 1 3005.dat
1 14 -710 -264 -70 1 0 0 0 1 0 0 0 1 3005.dat
1 14 -710 -264 -50 1 0 0 0 1 0 0 0 1 3005.dat
1 14 -710 -264 -30 1 0 0 0 1 0 0 0 1 3005.dat
1 14 -710 -264 -10 1 0 0 0 1 0 0 0 1 3005.dat
1 14 -710 -264 10 1 0 0 0 1 0 0 0 1 3005.dat
1 14 -710 -264 30 1 0 0 0 1 0 0 0 1 3005.dat
1 14 -710 -264 50 1 0 0 0 1 0 0 0 1 3005.dat
1 14 -710 -264 70 1 0 0 0 1 0 0 0 1 3005.dat
1 14 -710 -264 90 1 0 0 0 1 0 0 0 1 3005.dat
1 14 -710 -264 110 1 0 0 0 1 0 0 0 1 3005.dat
1 14 150 -264 -110 1 0 0 0 1 0 0 0 1 3005.dat
1 14 150 -264 -90 1 0 0 0 1 0 0 0 1 3005.dat
1 14 150 -264 -70 1 0 0 0 1 0 0 0 1 3005.dat
1 14 150 -264 -50 1 0 0 0 1 0 0 0 1 3005.dat
1 14 150 -264 -30 1 0 0 0 1 0 0 0 1 3005.dat
1 14 150 -264 -10 1 0 0 0 1 0 0 0 1 3005.dat
1 14 150 -264 10 1 0 0 0 1 0 0 0 1 3005.dat
1 14 150 -264 30 1 0 0 0 1 0 0 0 1 3005.dat
1 14 150 -264 50 1 0 0 0 1 0 0 0 1 3005.dat
1 14 150 -264 70 1 0 0 0 1 0 0 0 1 3005.dat
1 14 150 -264 90 1 0 0 0 1 0 0 0 1 3005.dat
1 14 150 -264 110 1 0 0 0 1 0 0 0 1 3005.dat
1 14 -710 -288 -130 1 0 0 0 1 0 0 0 1 3005.dat
1 14 -680 -288 -130 1 0 0 0 1 0 0 0 1 3004.dat
1 14 -640 -288 -130 1 0 0 0 1 0 0 0 1 3004.dat
1 14 -600 -288 -130 1 0 0 0 1 0 0 0 1 3004.dat
1 14 -560 -288 -130 1 0 0 0 1 0 0 0 1 3004.dat
1 14 -520 -288 -130 1 0 0 0 1 0 0 0 1 3004.dat
1 14 -480 -288 -130 1 0 0 0 1 0 0 0 1 3004.dat
1 14 -440 -288 -130 1 0 0 0 1 0 0 0 1 3004.dat
1 14 -400 -288 -130 1 0 0 0 1 0 0 0 1 3004.dat
1 14 -360 -288 -130 1 0 0 0 1 0 0 0 1 3004.dat
1 14 -320 -288 -130 1 0 0 0 1 0 0 0 1 3004.dat
1 14 -280 -288 -130 1 0 0 0 1 0 0 0 1 3004.dat
1 14 -240 -288 -130 1 0 0 0 1 0 0 0 1 3004.dat
1 14 -200 -288 -130 1 0 0 0 1 0 0 0 1 3004.dat
1 14 -160 -288 -130 1 0 0 0 1 0 0 0 1 3004.dat
1 14 -120 -288 -130 1 0 0 0 1 0 0 0 1 3004.dat
1 14 -80 -288 -130 1 0 0 0 1 0 0 0 1 3004.dat
1 14 -40 -288 -130 1 0 0 0 1 0 0 0 1 3004.dat
1 14 0 -288 -130 1 0 0 0 1 0 0 0 1 3004.dat
1 14 40 -288 -130 1 0 0 0 1 0 0 0 1 3004.dat
1 14 80 -288 -130 1 0 0 0 1 0 0 0 1 3004.dat
1 14 120 -288 -130 1 0 0 0 1 0 0 0 1 3004.dat
1 14 150 -288 -130 1 0 0 0 1 0 0 0 1 3005.dat
1 14 -710 -288 130 1 0 0 0 1 0 0 0 1 3005.dat
1 14 -680 -288 130 1 0 0 0 1 0 0 0 1 3004.dat
1 14 -640 -288 130 1 0 0 0 1 0 0 0 1 3004.dat
1 14 -600 -288 130 1 0 0 0 1 0 0 0 1 3004.dat
1 14 -560 -288 130 1 0 0 0 1 0 0 0 1 3004.dat
1 14 -520 -288 130 1 0 0 0 1 0 0 0 1 3004.dat
1 14 -480 -288 130 1 0 0 0 1 0 0 0 1 3004.dat
1 14 -440 -288 130 1 0 0 0 1 0 0 0 1 3004.dat
1 14 -400 -288 130 1 0 0 0 1 0 0 0 1 3004.dat
1 14 -360 -288 130 1 0 0 0 1 0 0 0 1 3004.dat
1 14 -320 -288 130 1 0 0 0 1 0 0 0 1 3004.dat
1 14 -280 -288 130 1 0 0 0 1 0 0 0 1 3004.dat
1 14 -240 -288 130 1 0 0 0 1 0 0 0 1 3004.dat
1 14 -200 -288 130 1 0 0 0 1 0 0 0 1 3004.dat
1 14 -160 -288 130 1 0 0 0 1 0 0 0 1 3004.dat
1 14 -120 -288 130 1 0 0 0 1 0 0 0 1 3004.dat
1 14 -80 -288 130 1 0 0 0 1 0 0 0 1 3004.dat
1 14 -40 -288 130 1 0 0 0 1 0 0 0 1 3004.dat
1 14 0 -288 130 1 0 0 0 1 0 0 0 1 3004.dat
1 14 40 -288 130 1 0 0 0 1 0 0 0 1 3004.dat
1 14 80 -288 130 1 0 0 0 1 0 0 0 1 3004.dat
1 14 120 -288 130 1 0 0 0 1 0 0 0 1 3004.dat
1 14 150 -288 130 1 0 0 0 1 0 0 0 1 3005.dat
1 14 -710 -288 -110 1 0 0 0 1 0 0 0 1 3005.dat
1 14 -710 -288 -90 1 0 0 0 1 0 0 0 1 3005.dat
1 14 -710 -288 -70 1 0 0 0 1 0 0 0 1 3005.dat
1 14 -710 -288 -50 1 0 0 0 1 0 0 0 1 3005.dat
1 14 -710 -288 -30 1 0 0 0 1 0 0 0 1 3005.dat
1 14 -710 -288 -10 1 0 0 0 1 0 0 0 1 3005.dat
1 14 -710 -288 10 1 0 0 0 1 0 0 0 1 3005.dat
1 14 -710 -288 30 1 0 0 0 1 0 0 0 1 3005.dat
1 14 -710 -288 50 1 0 0 0 1 0 0 0 1 3005.dat
1 14 -710 -288 70 1 0 0 0 1 0 0 0 1 3005.dat
1 14 -710 -288 90 1 0 0 0 1 0 0 0 1 3005.dat
1 14 -710 -288 110 1 0 0 0 1 0 0 0 1 3005.dat
1 14 150 -288 -110 1 0 0 0 1 0 0 0 1 3005.dat
1 14 150 -288 -90 1 0 0 0 1 0 0 0 1 3005.dat
1 14 150 -288 -70 1 0 0 0 1 0 0 0 1 3005.dat
1 14 150 -288 -50 1 0 0 0 1 0 0 0 1 3005.dat
1 14 150 -288 -30 1 0 0 0 1 0 0 0 1 3005.dat
1 14 150 -288 -10 1 0 0 0 1 0 0 0 1 3005.dat
1 14 150 -288 10 1 0 0 0 1 0 0 0 1 3005.dat
1 14 150 -288 30 1 0 0 0 1 0 0 0 1 3005.dat
1 14 150 -288 50 1 0 0 0 1 0 0 0 1 3005.dat
1 14 150 -288 70 1 0 0 0 1 0 0 0 1 3005.dat
1 14 150 -288 90 1 0 0 0 1 0 0 0 1 3005.dat
1 14 150 -288 110 1 0 0 0 1 0 0 0 1 3005.dat
0 STEP
1 14 -700 -312 -130 1 0 0 0 1 0 0 0 1 3004.dat
1 14 -660 -312 -130 1 0 0 0 1 0 0 0 1 3004.dat
1 14 -620 -312 -130 1 0 0 0 1 0 0 0 1 3004.dat
1 14 -580 -312 -130 1 0 0 0 1 0 0 0 1 3004.dat
1 14 -540 -312 -130 1 0 0 0 1 0 0 0 1 3004.dat
1 14 -500 -312 -130 1 0 0 0 1 0 0 0 1 3004.dat
1 14 -460 -312 -130 1 0 0 0 1 0 0 0 1 3004.dat
1 14 -420 -312 -130 1 0 0 0 1 0 0 0 1 3004.dat
1 14 -380 -312 -130 1 0 0 0 1 0 0 0 1 3004.dat
1 14 -340 -312 -130 1 0 0 0 1 0 0 0 1 3004.dat
1 14 -300 -312 -130 1 0 0 0 1 0 0 0 1 3004.dat
1 14 -260 -312 -130 1 0 0 0 1 0 0 0 1 3004.dat
1 14 -220 -312 -130 1 0 0 0 1 0 0 0 1 3004.dat
1 14 -180 -312 -130 1 0 0 0 1 0 0 0 1 3004.dat
1 14 -140 -312 -130 1 0 0 0 1 0 0 0 1 3004.dat
1 14 -100 -312 -130 1 0 0 0 1 0 0 0 1 3004.dat
1 14 -60 -312 -130 1 0 0 0 1 0 0 0 1 3004.dat
1 14 -20 -312 -130 1 0 0 0 1 0 0 0 1 3004.dat
1 14 20 -312 -130 1 0 0 0 1 0 0 0 1 3004.dat
1 14 60 -312 -130 1 0 0 0 1 0 0 0 1 3004.dat
1 14 100 -312 -130 1 0 0 0 1 0 0 0 1 3004.dat
1 14 140 -312 -130 1 0 0 0 1 0 0 0 1 3004.dat
1 14 -700 -312 130 1 0 0 0 1 0 0 0 1 3004.dat
1 14 -660 -312 130 1 0 0 0 1 0 0 0 1 3004.dat
1 14 -620 -312 130 1 0 0 0 1 0 0 0 1 3004.dat
1 14 -580 -312 130 1 0 0 0 1 0 0 0 1 3004.dat
1 14 -540 -312 130 1 0 0 0 1 0 0 0 1 3004.dat
1 14 -500 -312 130 1 0 0 0 1 0 0 0 1 3004.dat
1 14 -460 -312 130 1 0 0 0 1 0 0 0 1 3004.dat
1 14 -420 -312 130 1 0 0 0 1 0 0 0 1 3004.dat
1 14 -380 -312 130 1 0 0 0 1 0 0 0 1 3004.dat
1 14 -340 -312 130 1 0 0 0 1 0 0 0 1 3004.dat
1 14 -300 -312 130 1 0 0 0 1 0 0 0 1 3004.dat
1 14 -260 -312 130 1 0 0 0 1 0 0 0 1 3004.dat
1 14 -220 -312 130 1 0 0 0 1 0 0 0 1 3004.dat
1 14 -180 -312 130 1 0 0 0 1 0 0 0 1 3004.dat
1 14 -140 -312 130 1 0 0 0 1 0 0 0 1 3004.dat
1 14 -100 -312 130 1 0 0 0 1 0 0 0 1 3004.dat
1 14 -60 -312 130 1 0 0 0 1 0 0 0 1 3004.dat
1 14 -20 -312 130 1 0 0 0 1 0 0 0 1 3004.dat
1 14 20 -312 130 1 0 0 0 1 0 0 0 1 3004.dat
1 14 60 -312 130 1 0 0 0 1 0 0 0 1 3004.dat
1 14 100 -312 130 1 0 0 0 1 0 0 0 1 3004.dat
1 14 140 -312 130 1 0 0 0 1 0 0 0 1 3004.dat
1 14 -710 -312 -110 1 0 0 0 1 0 0 0 1 3005.dat
1 14 -710 -312 -90 1 0 0 0 1 0 0 0 1 3005.dat
1 14 -710 -312 -70 1 0 0 0 1 0 0 0 1 3005.dat
1 14 -710 -312 -50 1 0 0 0 1 0 0 0 1 3005.dat
1 14 -710 -312 -30 1 0 0 0 1 0 0 0 1 3005.dat
1 14 -710 -312 -10 1 0 0 0 1 0 0 0 1 3005.dat
1 14 -710 -312 10 1 0 0 0 1 0 0 0 1 3005.dat
1 14 -710 -312 30 1 0 0 0 1 0 0 0 1 3005.dat
1 14 -710 -312 50 1 0 0 0 1 0 0 0 1 3005.dat
1 14 -710 -312 70 1 0 0 0 1 0 0 0 1 3005.dat
1 14 -710 -312 90 1 0 0 0 1 0 0 0 1 3005.dat
1 14 -710 -312 110 1 0 0 0 1 0 0 0 1 3005.dat
1 14 150 -312 -110 1 0 0 0 1 0 0 0 1 3005.dat
1 14 150 -312 -90 1 0 0 0 1 0 0 0 1 3005.dat
1 14 150 -312 -70 1 0 0 0 1 0 0 0 1 3005.dat
1 14 150 -312 -50 1 0 0 0 1 0 0 0 1 3005.dat
1 14 150 -312 -30 1 0 0 0 1 0 0 0 1 3005.dat
1 14 150 -312 -10 1 0 0 0 1 0 0 0 1 3005.dat
1 14 150 -312 10 1 0 0 0 1 0 0 0 1 3005.dat
1 14 150 -312 30 1 0 0 0 1 0 0 0 1 3005.dat
1 14 150 -312 50 1 0 0 0 1 0 0 0 1 3005.dat
1 14 150 -312 70 1 0 0 0 1 0 0 0 1 3005.dat
1 14 150 -312 90 1 0 0 0 1 0 0 0 1 3005.dat
1 14 150 -312 110 1 0 0 0 1 0 0 0 1 3005.dat
1 14 -710 -336 -130 1 0 0 0 1 0 0 0 1 3005.dat
1 14 -680 -336 -130 1 0 0 0 1 0 0 0 1 3004.dat
1 14 -640 -336 -130 1 0 0 0 1 0 0 0 1 3004.dat
1 14 -600 -336 -130 1 0 0 0 1 0 0 0 1 3004.dat
1 14 -560 -336 -130 1 0 0 0 1 0 0 0 1 3004.dat
1 14 -520 -336 -130 1 0 0 0 1 0 0 0 1 3004.dat
1 14 -480 -336 -130 1 0 0 0 1 0 0 0 1 3004.dat
1 14 -440 -336 -130 1 0 0 0 1 0 0 0 1 3004.dat
1 14 -400 -336 -130 1 0 0 0 1 0 0 0 1 3004.dat
1 14 -360 -336 -130 1 0 0 0 1 0 0 0 1 3004.dat
1 14 -320 -336 -130 1 0 0 0 1 0 0 0 1 3004.dat
1 14 -280 -336 -130 1 0 0 0 1 0 0 0 1 3004.dat
1 14 -240 -336 -130 1 0 0 0 1 0 0 0 1 3004.dat
1 14 -200 -336 -130 1 0 0 0 1 0 0 0 1 3004.dat
1 14 -160 -336 -130 1 0 0 0 1 0 0 0 1 3004.dat
1 14 -120 -336 -130 1 0 0 0 1 0 0 0 1 3004.dat
1 14 -80 -336 -130 1 0 0 0 1 0 0 0 1 3004.dat
1 14 -40 -336 -130 1 0 0 0 1 0 0 0 1 3004.dat
1 14 0 -336 -130 1 0 0 0 1 0 0 0 1 3004.dat
1 14 40 -336 -130 1 0 0 0 1 0 0 0 1 3004.dat
1 14 80 -336 -130 1 0 0 0 1 0 0 0 1 3004.dat
1 14 120 -336 -130 1 0 0 0 1 0 0 0 1 3004.dat
1 14 150 -336 -130 1 0 0 0 1 0 0 0 1 3005.dat
1 14 -710 -336 130 1 0 0 0 1 0 0 0 1 3005.dat
1 14 -680 -336 130 1 0 0 0 1 0 0 0 1 3004.dat
1 14 -640 -336 130 1 0 0 0 1 0 0 0 1 3004.dat
1 14 -600 -336 130 1 0 0 0 1 0 0 0 1 3004.dat
1 14 -560 -336 130 1 0 0 0 1 0 0 0 1 3004.dat
1 14 -520 -336 130 1 0 0 0 1 0 0 0 1 3004.dat
1 14 -480 -336 130 1 0 0 0 1 0 0 0 1 3004.dat
1 14 -440 -336 130 1 0 0 0 1 0 0 0 1 3004.dat
1 14 -400 -336 130 1 0 0 0 1 0 0 0 1 3004.dat
1 14 -360 -336 130 1 0 0 0 1 0 0 0 1 3004.dat
1 14 -320 -336 130 1 0 0 0 1 0 0 0 1 3004.dat
1 14 -280 -336 130 1 0 0 0 1 0 0 0 1 3004.dat
1 14 -240 -336 130 1 0 0 0 1 0 0 0 1 3004.dat
1 14 -200 -336 130 1 0 0 0 1 0 0 0 1 3004.dat
1 14 -160 -336 130 1 0 0 0 1 0 0 0 1 3004.dat
1 14 -120 -336 130 1 0 0 0 1 0 0 0 1 3004.dat
1 14 -80 -336 130 1 0 0 0 1 0 0 0 1 3004.dat
1 14 -40 -336 130 1 0 0 0 1 0 0 0 1 3004.dat
1 14 0 -336 130 1 0 0 0 1 0 0 0 1 3004.dat
1 14 40 -336 130 1 0 0 0 1 0 0 0 1 3004.dat
1 14 80 -336 130 1 0 0 0 1 0 0 0 1 3004.dat
1 14 120 -336 130 1 0 0 0 1 0 0 0 1 3004.dat
1 14 150 -336 130 1 0 0 0 1 0 0 0 1 3005.dat
1 14 -710 -336 -110 1 0 0 0 1 0 0 0 1 3005.dat
1 14 -710 -336 -90 1 0 0 0 1 0 0 0 1 3005.dat
1 14 -710 -336 -70 1 0 0 0 1 0 0 0 1 3005.dat
1 14 -710 -336 -50 1 0 0 0 1 0 0 0 1 3005.dat
1 14 -710 -336 -30 1 0 0 0 1 0 0 0 1 3005.dat
1 14 -710 -336 -10 1 0 0 0 1 0 0 0 1 3005.dat
1 14 -710 -336 10 1 0 0 0 1 0 0 0 1 3005.dat
1 14 -710 -336 30 1 0 0 0 1 0 0 0 1 3005.dat
1 14 -710 -336 50 1 0 0 0 1 0 0 0 1 3005.dat
1 14 -710 -336 70 1 0 0 0 1 0 0 0 1 3005.dat
1 14 -710 -336 90 1 0 0 0 1 0 0 0 1 3005.dat
1 14 -710 -336 110 1 0 0 0 1 0 0 0 1 3005.dat
1 14 150 -336 -110 1 0 0 0 1 0 0 0 1 3005.dat
1 14 150 -336 -90 1 0 0 0 1 0 0 0 1 3005.dat
1 14 150 -336 -70 1 0 0 0 1 0 0 0 1 3005.dat
1 14 150 -336 -50 1 0 0 0 1 0 0 0 1 3005.dat
1 14 150 -336 -30 1 0 0 0 1 0 0 0 1 3005.dat
1 14 150 -336 -10 1 0 0 0 1 0 0 0 1 3005.dat
1 14 150 -336 10 1 0 0 0 1 0 0 0 1 3005.dat
1 14 150 -336 30 1 0 0 0 1 0 0 0 1 3005.dat
1 14 150 -336 50 1 0 0 0 1 0 0 0 1 3005.dat
1 14 150 -336 70 1 0 0 0 1 0 0 0 1 3005.dat
1 14 150 -336 90 1 0 0 0 1 0 0 0 1 3005.dat
1 14 150 -336 110 1 0 0 0 1 0 0 0 1 3005.dat
0 STEP
1 14 -700 -360 -130 1 0 0 0 1 0 0 0 1 3004.dat
1 14 -660 -360 -130 1 0 0 0 1 0 0 0 1 3004.dat
1 14 -620 -360 -130 1 0 0 0 1 0 0 0 1 3004.dat
1 14 -580 -360 -130 1 0 0 0 1 0 0 0 1 3004.dat
1 14 -540 -360 -130 1 0 0 0 1 0 0 0 1 3004.dat
1 14 -500 -360 -130 1 0 0 0 1 0 0 0 1 3004.dat
1 14 -460 -360 -130 1 0 0 0 1 0 0 0 1 3004.dat
1 14 -420 -360 -130 1 0 0 0 1 0 0 0 1 3004.dat
1 14 -380 -360 -130 1 0 0 0 1 0 0 0 1 3004.dat
1 14 -340 -360 -130 1 0 0 0 1 0 0 0 1 3004.dat
1 14 -300 -360 -130 1 0 0 0 1 0 0 0 1 3004.dat
1 14 -260 -360 -130 1 0 0 0 1 0 0 0 1 3004.dat
1 14 -220 -360 -130 1 0 0 0 1 0 0 0 1 3004.dat
1 14 -180 -360 -130 1 0 0 0 1 0 0 0 1 3004.dat
1 14 -140 -360 -130 1 0 0 0 1 0 0 0 1 3004.dat
1 14 -100 -360 -130 1 0 0 0 1 0 0 0 1 3004.dat
1 14 -60 -360 -130 1 0 0 0 1 0 0 0 1 3004.dat
1 14 -20 -360 -130 1 0 0 0 1 0 0 0 1 3004.dat
1 14 20 -360 -130 1 0 0 0 1 0 0 0 1 3004.dat
1 14 60 -360 -130 1 0 0 0 1 0 0 0 1 3004.dat
1 14 100 -360 -130 1 0 0 0 1 0 0 0 1 3004.dat
1 14 140 -360 -130 1 0 0 0 1 0 0 0 1 3004.dat
1 14 -700 -360 130 1 0 0 0 1 0 0 0 1 3004.dat
1 14 -660 -360 130 1 0 0 0 1 0 0 0 1 3004.dat
1 14 -620 -360 130 1 0 0 0 1 0 0 0 1 3004.dat
1 14 -580 -360 130 1 0 0 0 1 0 0 0 1 3004.dat
1 14 -540 -360 130 1 0 0 0 1 0 0 0 1 3004.dat
1 14 -500 -360 130 1 0 0 0 1 0 0 0 1 3004.dat
1 14 -460 -360 130 1 0 0 0 1 0 0 0 1 3004.dat
1 14 -420 -360 130 1 0 0 0 1 0 0 0 1 3004.dat
1 14 -380 -360 130 1 0 0 0 1 0 0 0 1 3004.dat
1 14 -340 -360 130 1 0 0 0 1 0 0 0 1 3004.dat
1 14 -300 -360 130 1 0 0 0 1 0 0 0 1 3004.dat
1 14 -260 -360 130 1 0 0 0 1 0 0 0 1 3004.dat
1 14 -220 -360 130 1 0 0 0 1 0 0 0 1 3004.dat
1 14 -180 -360 130 1 0 0 0 1 0 0 0 1 3004.dat
1 14 -140 -360 130 1 0 0 0 1 0 0 0 1 3004.dat
1 14 -100 -360 130 1 0 0 0 1 0 0 0 1 3004.dat
1 14 -60 -360 130 1 0 0 0 1 0 0 0 1 3004.dat
1 14 -20 -360 130 1 0 0 0 1 0 0 0 1 3004.dat
1 14 20 -360 130 1 0 0 0 1 0 0 0 1 3004.dat
1 14 60 -360 130 1 0 0 0 1 0 0 0 1 3004.dat
1 14 100 -360 130 1 0 0 0 1 0 0 0 1 3004.dat
1 14 140 -360 130 1 0 0 0 1 0 0 0 1 3004.dat
1 14 -710 -360 -110 1 0 0 0 1 0 0 0 1 3005.dat
1 14 -710 -360 -90 1 0 0 0 1 0 0 0 1 3005.dat
1 14 -710 -360 -70 1 0 0 0 1 0 0 0 1 3005.dat
1 14 -710 -360 -50 1 0 0 0 1 0 0 0 1 3005.dat
1 14 -710 -360 -30 1 0 0 0 1 0 0 0 1 3005.dat
1 14 -710 -360 -10 1 0 0 0 1 0 0 0 1 3005.dat
1 14 -710 -360 10 1 0 0 0 1 0 0 0 1 3005.dat
1 14 -710 -360 30 1 0 0 0 1 0 0 0 1 3005.dat
1 14 -710 -360 50 1 0 0 0 1 0 0 0 1 3005.dat
1 14 -710 -360 70 1 0 0 0 1 0 0 0 1 3005.dat
1 14 -710 -360 90 1 0 0 0 1 0 0 0 1 3005.dat
1 14 -710 -360 110 1 0 0 0 1 0 0 0 1 3005.dat
1 14 150 -360 -110 1 0 0 0 1 0 0 0 1 3005.dat
1 14 150 -360 -90 1 0 0 0 1 0 0 0 1 3005.dat
1 14 150 -360 -70 1 0 0 0 1 0 0 0 1 3005.dat
1 14 150 -360 -50 1 0 0 0 1 0 0 0 1 3005.dat
1 14 150 -360 -30 1 0 0 0 1 0 0 0 1 3005.dat
1 14 150 -360 -10 1 0 0 0 1 0 0 0 1 3005.dat
1 14 150 -360 10 1 0 0 0 1 0 0 0 1 3005.dat
1 14 150 -360 30 1 0 0 0 1 0 0 0 1 3005.dat
1 14 150 -360 50 1 0 0 0 1 0 0 0 1 3005.dat
1 14 150 -360 70 1 0 0 0 1 0 0 0 1 3005.dat
1 14 150 -360 90 1 0 0 0 1 0 0 0 1 3005.dat
1 14 150 -360 110 1 0 0 0 1 0 0 0 1 3005.dat
1 14 -710 -384 -130 1 0 0 0 1 0 0 0 1 3005.dat
1 14 -680 -384 -130 1 0 0 0 1 0 0 0 1 3004.dat
1 14 -640 -384 -130 1 0 0 0 1 0 0 0 1 3004.dat
1 14 -600 -384 -130 1 0 0 0 1 0 0 0 1 3004.dat
1 14 -560 -384 -130 1 0 0 0 1 0 0 0 1 3004.dat
1 14 -520 -384 -130 1 0 0 0 1 0 0 0 1 3004.dat
1 14 -480 -384 -130 1 0 0 0 1 0 0 0 1 3004.dat
1 14 -440 -384 -130 1 0 0 0 1 0 0 0 1 3004.dat
1 14 -400 -384 -130 1 0 0 0 1 0 0 0 1 3004.dat
1 14 -360 -384 -130 1 0 0 0 1 0 0 0 1 3004.dat
1 14 -320 -384 -130 1 0 0 0 1 0 0 0 1 3004.dat
1 14 -280 -384 -130 1 0 0 0 1 0 0 0 1 3004.dat
1 14 -240 -384 -130 1 0 0 0 1 0 0 0 1 3004.dat
1 14 -200 -384 -130 1 0 0 0 1 0 0 0 1 3004.dat
1 14 -160 -384 -130 1 0 0 0 1 0 0 0 1 3004.dat
1 14 -120 -384 -130 1 0 0 0 1 0 0 0 1 3004.dat
1 14 -80 -384 -130 1 0 0 0 1 0 0 0 1 3004.dat
1 14 -40 -384 -130 1 0 0 0 1 0 0 0 1 3004.dat
1 14 0 -384 -130 1 0 0 0 1 0 0 0 1 3004.dat
1 14 40 -384 -130 1 0 0 0 1 0 0 0 1 3004.dat
1 14 80 -384 -130 1 0 0 0 1 0 0 0 1 3004.dat
1 14 120 -384 -130 1 0 0 0 1 0 0 0 1 3004.dat
1 14 150 -384 -130 1 0 0 0 1 0 0 0 1 3005.dat
1 14 -710 -384 130 1 0 0 0 1 0 0 0 1 3005.dat
1 14 -680 -384 130 1 0 0 0 1 0 0 0 1 3004.dat
1 14 -640 -384 130 1 0 0 0 1 0 0 0 1 3004.dat
1 14 -600 -384 130 1 0 0 0 1 0 0 0 1 3004.dat
1 14 -560 -384 130 1 0 0 0 1 0 0 0 1 3004.dat
1 14 -520 -384 130 1 0 0 0 1 0 0 0 1 3004.dat
1 14 -480 -384 130 1 0 0 0 1 0 0 0 1 3004.dat
1 14 -440 -384 130 1 0 0 0 1 0 0 0 1 3004.dat
1 14 -400 -384 130 1 0 0 0 1 0 0 0 1 3004.dat
1 14 -360 -384 130 1 0 0 0 1 0 0 0 1 3004.dat
1 14 -320 -384 130 1 0 0 0 1 0 0 0 1 3004.dat
1 14 -280 -384 130 1 0 0 0 1 0 0 0 1 3004.dat
1 14 -240 -384 130 1 0 0 0 1 0 0 0 1 3004.dat
1 14 -200 -384 130 1 0 0 0 1 0 0 0 1 3004.dat
1 14 -160 -384 130 1 0 0 0 1 0 0 0 1 3004.dat
1 14 -120 -384 130 1 0 0 0 1 0 0 0 1 3004.dat
1 14 -80 -384 130 1 0 0 0 1 0 0 0 1 3004.dat
1 14 -40 -384 130 1 0 0 0 1 0 0 0 1 3004.dat
1 14 0 -384 130 1 0 0 0 1 0 0 0 1 3004.dat
1 14 40 -384 130 1 0 0 0 1 0 0 0 1 3004.dat
1 14 80 -384 130 1 0 0 0 1 0 0 0 1 3004.dat
1 14 120 -384 130 1 0 0 0 1 0 0 0 1 3004.dat
1 14 150 -384 130 1 0 0 0 1 0 0 0 1 3005.dat
1 14 -710 -384 -110 1 0 0 0 1 0 0 0 1 3005.dat
1 14 -710 -384 -90 1 0 0 0 1 0 0 0 1 3005.dat
1 14 -710 -384 -70 1 0 0 0 1 0 0 0 1 3005.dat
1 14 -710 -384 -50 1 0 0 0 1 0 0 0 1 3005.dat
1 14 -710 -384 -30 1 0 0 0 1 0 0 0 1 3005.dat
1 14 -710 -384 -10 1 0 0 0 1 0 0 0 1 3005.dat
1 14 -710 -384 10 1 0 0 0 1 0 0 0 1 3005.dat
1 14 -710 -384 30 1 0 0 0 1 0 0 0 1 3005.dat
1 14 -710 -384 50 1 0 0 0 1 0 0 0 1 3005.dat
1 14 -710 -384 70 1 0 0 0 1 0 0 0 1 3005.dat
1 14 -710 -384 90 1 0 0 0 1 0 0 0 1 3005.dat
1 14 -710 -384 110 1 0 0 0 1 0 0 0 1 3005.dat
1 14 150 -384 -110 1 0 0 0 1 0 0 0 1 3005.dat
1 14 150 -384 -90 1 0 0 0 1 0 0 0 1 3005.dat
1 14 150 -384 -70 1 0 0 0 1 0 0 0 1 3005.dat
1 14 150 -384 -50 1 0 0 0 1 0 0 0 1 3005.dat
1 14 150 -384 -30 1 0 0 0 1 0 0 0 1 3005.dat
1 14 150 -384 -10 1 0 0 0 1 0 0 0 1 3005.dat
1 14 150 -384 10 1 0 0 0 1 0 0 0 1 3005.dat
1 14 150 -384 30 1 0 0 0 1 0 0 0 1 3005.dat
1 14 150 -384 50 1 0 0 0 1 0 0 0 1 3005.dat
1 14 150 -384 70 1 0 0 0 1 0 0 0 1 3005.dat
1 14 150 -384 90 1 0 0 0 1 0 0 0 1 3005.dat
1 14 150 -384 110 1 0 0 0 1 0 0 0 1 3005.dat
0 STEP
1 14 -700 -408 -130 1 0 0 0 1 0 0 0 1 3004.dat
1 14 -660 -408 -130 1 0 0 0 1 0 0 0 1 3004.dat
1 14 -620 -408 -130 1 0 0 0 1 0 0 0 1 3004.dat
1 14 -580 -408 -130 1 0 0 0 1 0 0 0 1 3004.dat
1 14 -540 -408 -130 1 0 0 0 1 0 0 0 1 3004.dat
1 14 -500 -408 -130 1 0 0 0 1 0 0 0 1 3004.dat
1 14 -460 -408 -130 1 0 0 0 1 0 0 0 1 3004.dat
1 14 -420 -408 -130 1 0 0 0 1 0 0 0 1 3004.dat
1 14 -380 -408 -130 1 0 0 0 1 0 0 0 1 3004.dat
1 14 -340 -408 -130 1 0 0 0 1 0 0 0 1 3004.dat
1 14 -300 -408 -130 1 0 0 0 1 0 0 0 1 3004.dat
1 14 -260 -408 -130 1 0 0 0 1 0 0 0 1 3004.dat
1 14 -220 -408 -130 1 0 0 0 1 0 0 0 1 3004.dat
1 14 -180 -408 -130 1 0 0 0 1 0 0 0 1 3004.dat
1 14 -140 -408 -130 1 0 0 0 1 0 0 0 1 3004.dat
1 14 -100 -408 -130 1 0 0 0 1 0 0 0 1 3004.dat
1 14 -60 -408 -130 1 0 0 0 1 0 0 0 1 3004.dat
1 14 -20 -408 -130 1 0 0 0 1 0 0 0 1 3004.dat
1 14 20 -408 -130 1 0 0 0 1 0 0 0 1 3004.dat
1 14 60 -408 -130 1 0 0 0 1 0 0 0 1 3004.dat
1 14 100 -408 -130 1 0 0 0 1 0 0 0 1 3004.dat
1 14 140 -408 -130 1 0 0 0 1 0 0 0 1 3004.dat
1 14 -700 -408 130 1 0 0 0 1 0 0 0 1 3004.dat
1 14 -660 -408 130 1 0 0 0 1 0 0 0 1 3004.dat
1 14 -620 -408 130 1 0 0 0 1 0 0 0 1 3004.dat
1 14 -580 -408 130 1 0 0 0 1 0 0 0 1 3004.dat
1 14 -540 -408 130 1 0 0 0 1 0 0 0 1 3004.dat
1 14 -500 -408 130 1 0 0 0 1 0 0 0 1 3004.dat
1 14 -460 -408 130 1 0 0 0 1 0 0 0 1 3004.dat
1 14 -420 -408 130 1 0 0 0 1 0 0 0 1 3004.dat
1 14 -380 -408 130 1 0 0 0 1 0 0 0 1 3004.dat
1 14 -340 -408 130 1 0 0 0 1 0 0 0 1 3004.dat
1 14 -300 -408 130 1 0 0 0 1 0 0 0 1 3004.dat
1 14 -260 -408 130 1 0 0 0 1 0 0 0 1 3004.dat
1 14 -220 -408 130 1 0 0 0 1 0 0 0 1 3004.dat
1 14 -180 -408 130 1 0 0 0 1 0 0 0 1 3004.dat
1 14 -140 -408 130 1 0 0 0 1 0 0 0 1 3004.dat
1 14 -100 -408 130 1 0 0 0 1 0 0 0 1 3004.dat
1 14 -60 -408 130 1 0 0 0 1 0 0 0 1 3004.dat
1 14 -20 -408 130 1 0 0 0 1 0 0 0 1 3004.dat
1 14 20 -408 130 1 0 0 0 1 0 0 0 1 3004.dat
1 14 60 -408 130 1 0 0 0 1 0 0 0 1 3004.dat
1 14 100 -408 130 1 0 0 0 1 0 0 0 1 3004.dat
1 14 140 -408 130 1 0 0 0 1 0 0 0 1 3004.dat
1 14 -710 -408 -110 1 0 0 0 1 0 0 0 1 3005.dat
1 14 -710 -408 -90 1 0 0 0 1 0 0 0 1 3005.dat
1 14 -710 -408 -70 1 0 0 0 1 0 0 0 1 3005.dat
1 14 -710 -408 -50 1 0 0 0 1 0 0 0 1 3005.dat
1 14 -710 -408 -30 1 0 0 0 1 0 0 0 1 3005.dat
1 14 -710 -408 -10 1 0 0 0 1 0 0 0 1 3005.dat
1 14 -710 -408 10 1 0 0 0 1 0 0 0 1 3005.dat
1 14 -710 -408 30 1 0 0 0 1 0 0 0 1 3005.dat
1 14 -710 -408 50 1 0 0 0 1 0 0 0 1 3005.dat
1 14 -710 -408 70 1 0 0 0 1 0 0 0 1 3005.dat
1 14 -710 -408 90 1 0 0 0 1 0 0 0 1 3005.dat
1 14 -710 -408 110 1 0 0 0 1 0 0 0 1 3005.dat
1 14 150 -408 -110 1 0 0 0 1 0 0 0 1 3005.dat
1 14 150 -408 -90 1 0 0 0 1 0 0 0 1 3005.dat
1 14 150 -408 -70 1 0 0 0 1 0 0 0 1 3005.dat
1 14 150 -408 -50 1 0 0 0 1 0 0 0 1 3005.dat
1 14 150 -408 -30 1 0 0 0 1 0 0 0 1 3005.dat
1 14 150 -408 -10 1 0 0 0 1 0 0 0 1 3005.dat
1 14 150 -408 10 1 0 0 0 1 0 0 0 1 3005.dat
1 14 150 -408 30 1 0 0 0 1 0 0 0 1 3005.dat
1 14 150 -408 50 1 0 0 0 1 0 0 0 1 3005.dat
1 14 150 -408 70 1 0 0 0 1 0 0 0 1 3005.dat
1 14 150 -408 90 1 0 0 0 1 0 0 0 1 3005.dat
1 14 150 -408 110 1 0 0 0 1 0 0 0 1 3005.dat
1 14 -710 -432 -130 1 0 0 0 1 0 0 0 1 3005.dat
1 14 -680 -432 -130 1 0 0 0 1 0 0 0 1 3004.dat
1 14 -640 -432 -130 1 0 0 0 1 0 0 0 1 3004.dat
1 14 -600 -432 -130 1 0 0 0 1 0 0 0 1 3004.dat
1 14 -560 -432 -130 1 0 0 0 1 0 0 0 1 3004.dat
1 14 -520 -432 -130 1 0 0 0 1 0 0 0 1 3004.dat
1 14 -480 -432 -130 1 0 0 0 1 0 0 0 1 3004.dat
1 14 -440 -432 -130 1 0 0 0 1 0 0 0 1 3004.dat
1 14 -400 -432 -130 1 0 0 0 1 0 0 0 1 3004.dat
1 14 -360 -432 -130 1 0 0 0 1 0 0 0 1 3004.dat
1 14 -320 -432 -130 1 0 0 0 1 0 0 0 1 3004.dat
1 14 -280 -432 -130 1 0 0 0 1 0 0 0 1 3004.dat
1 14 -240 -432 -130 1 0 0 0 1 0 0 0 1 3004.dat
1 14 -200 -432 -130 1 0 0 0 1 0 0 0 1 3004.dat
1 14 -160 -432 -130 1 0 0 0 1 0 0 0 1 3004.dat
1 14 -120 -432 -130 1 0 0 0 1 0 0 0 1 3004.dat
1 14 -80 -432 -130 1 0 0 0 1 0 0 0 1 3004.dat
1 14 -40 -432 -130 1 0 0 0 1 0 0 0 1 3004.dat
1 14 0 -432 -130 1 0 0 0 1 0 0 0 1 3004.dat
1 14 40 -432 -130 1 0 0 0 1 0 0 0 1 3004.dat
1 14 80 -432 -130 1 0 0 0 1 0 0 0 1 3004.dat
1 14 120 -432 -130 1 0 0 0 1 0 0 0 1 3004.dat
1 14 -710 -432 130 1 0 0 0 1 0 0 0 1 3005.dat
1 14 -680 -432 130 1 0 0 0 1 0 0 0 1 3004.dat
1 14 -640 -432 130 1 0 0 0 1 0 0 0 1 3004.dat
1 14 -600 -432 130 1 0 0 0 1 0 0 0 1 3004.dat
1 14 -560 -432 130 1 0 0 0 1 0 0 0 1 3004.dat
1 14 -520 -432 130 1 0 0 0 1 0 0 0 1 3004.dat
1 14 -480 -432 130 1 0 0 0 1 0 0 0 1 3004.dat
1 14 -440 -432 130 1 0 0 0 1 0 0 0 1 3004.dat
1 14 -400 -432 130 1 0 0 0 1 0 0 0 1 3004.dat
1 14 -360 -432 130 1 0 0 0 1 0 0 0 1 3004.dat
1 14 -320 -432 130 1 0 0 0 1 0 0 0 1 3004.dat
1 14 -280 -432 130 1 0 0 0 1 0 0 0 1 3004.dat
1 14 -240 -432 130 1 0 0 0 1 0 0 0 1 3004.dat
1 14 -200 -432 130 1 0 0 0 1 0 0 0 1 3004.dat
1 14 -160 -432 130 1 0 0 0 1 0 0 0 1 3004.dat
1 14 -120 -432 130 1 0 0 0 1 0 0 0 1 3004.dat
1 14 -80 -432 130 1 0 0 0 1 0 0 0 1 3004.dat
1 14 -40 -432 130 1 0 0 0 1 0 0 0 1 3004.dat
1 14 0 -432 130 1 0 0 0 1 0 0 0 1 3004.dat
1 14 40 -432 130 1 0 0 0 1 0 0 0 1 3004.dat
1 14 80 -432 130 1 0 0 0 1 0 0 0 1 3004.dat
1 14 120 -432 130 1 0 0 0 1 0 0 0 1 3004.dat
1 14 -710 -432 -110 1 0 0 0 1 0 0 0 1 3005.dat
1 14 -710 -432 -90 1 0 0 0 1 0 0 0 1 3005.dat
1 14 -710 -432 -70 1 0 0 0 1 0 0 0 1 3005.dat
1 14 -710 -432 -50 1 0 0 0 1 0 0 0 1 3005.dat
1 14 -710 -432 -30 1 0 0 0 1 0 0 0 1 3005.dat
1 14 -710 -432 -10 1 0 0 0 1 0 0 0 1 3005.dat
1 14 -710 -432 10 1 0 0 0 1 0 0 0 1 3005.dat
1 14 -710 -432 30 1 0 0 0 1 0 0 0 1 3005.dat
1 14 -710 -432 50 1 0 0 0 1 0 0 0 1 3005.dat
1 14 -710 -432 70 1 0 0 0 1 0 0 0 1 3005.dat
1 14 -710 -432 90 1 0 0 0 1 0 0 0 1 3005.dat
1 14 -710 -432 110 1 0 0 0 1 0 0 0 1 3005.dat
1 14 150 -432 -70 1 0 0 0 1 0 0 0 1 3005.dat
1 14 150 -432 -50 1 0 0 0 1 0 0 0 1 3005.dat
1 14 150 -432 -30 1 0 0 0 1 0 0 0 1 3005.dat
1 14 150 -432 -10 1 0 0 0 1 0 0 0 1 3005.dat
1 14 150 -432 10 1 0 0 0 1 0 0 0 1 3005.dat
1 14 150 -432 30 1 0 0 0 1 0 0 0 1 3005.dat
1 14 150 -432 50 1 0 0 0 1 0 0 0 1 3005.dat
1 14 150 -432 70 1 0 0 0 1 0 0 0 1 3005.dat
0 STEP
1 72 -560 -264 -80 1 0 0 0 1 0 0 0 1 3001.dat
1 72 -560 -288 -80 1 0 0 0 1 0 0 0 1 3001.dat
1 72 -560 -312 -80 1 0 0 0 1 0 0 0 1 3001.dat
1 72 -560 -336 -80 1 0 0 0 1 0 0 0 1 3001.dat
1 72 -560 -360 -80 1 0 0 0 1 0 0 0 1 3001.dat
1 72 -560 -384 -80 1 0 0 0 1 0 0 0 1 3001.dat
1 72 -560 -264 0 1 0 0 0 1 0 0 0 1 3001.dat
1 72 -560 -288 0 1 0 0 0 1 0 0 0 1 3001.dat
1 72 -560 -312 0 1 0 0 0 1 0 0 0 1 3001.dat
1 72 -560 -336 0 1 0 0 0 1 0 0 0 1 3001.dat
1 72 -560 -360 0 1 0 0 0 1 0 0 0 1 3001.dat
1 72 -560 -384 0 1 0 0 0 1 0 0 0 1 3001.dat
1 72 -560 -264 80 1 0 0 0 1 0 0 0 1 3001.dat
1 72 -560 -288 80 1 0 0 0 1 0 0 0 1 3001.dat
1 72 -560 -312 80 1 0 0 0 1 0 0 0 1 3001.dat
1 72 -560 -336 80 1 0 0 0 1 0 0 0 1 3001.dat
1 72 -560 -360 80 1 0 0 0 1 0 0 0 1 3001.dat
1 72 -560 -384 80 1 0 0 0 1 0 0 0 1 3001.dat
1 72 -320 -264 -80 1 0 0 0 1 0 0 0 1 3001.dat
1 72 -320 -288 -80 1 0 0 0 1 0 0 0 1 3001.dat
1 72 -320 -312 -80 1 0 0 0 1 0 0 0 1 3001.dat
1 72 -320 -336 -80 1 0 0 0 1 0 0 0 1 3001.dat
1 72 -320 -360 -80 1 0 0 0 1 0 0 0 1 3001.dat
1 72 -320 -384 -80 1 0 0 0 1 0 0 0 1 3001.dat
1 72 -320 -264 0 1 0 0 0 1 0 0 0 1 3001.dat
1 72 -320 -288 0 1 0 0 0 1 0 0 0 1 3001.dat
1 72 -320 -312 0 1 0 0 0 1 0 0 0 1 3001.dat
1 72 -320 -336 0 1 0 0 0 1 0 0 0 1 3001.dat
1 72 -320 -360 0 1 0 0 0 1 0 0 0 1 3001.dat
1 72 -320 -384 0 1 0 0 0 1 0 0 0 1 3001.dat
1 72 -320 -264 80 1 0 0 0 1 0 0 0 1 3001.dat
1 72 -320 -288 80 1 0 0 0 1 0 0 0 1 3001.dat
1 72 -320 -312 80 1 0 0 0 1 0 0 0 1 3001.dat
1 72 -320 -336 80 1 0 0 0 1 0 0 0 1 3001.dat
1 72 -320 -360 80 1 0 0 0 1 0 0 0 1 3001.dat
1 72 -320 -384 80 1 0 0 0 1 0 0 0 1 3001.dat
1 72 -80 -264 -80 1 0 0 0 1 0 0 0 1 3001.dat
1 72 -80 -288 -80 1 0 0 0 1 0 0 0 1 3001.dat
1 72 -80 -312 -80 1 0 0 0 1 0 0 0 1 3001.dat
1 72 -80 -336 -80 1 0 0 0 1 0 0 0 1 3001.dat
1 72 -80 -360 -80 1 0 0 0 1 0 0 0 1 3001.dat
1 72 -80 -384 -80 1 0 0 0 1 0 0 0 1 3001.dat
1 72 -80 -264 0 1 0 0 0 1 0 0 0 1 3001.dat
1 72 -80 -288 0 1 0 0 0 1 0 0 0 1 3001.dat
1 72 -80 -312 0 1 0 0 0 1 0 0 0 1 3001.dat
1 72 -80 -336 0 1 0 0 0 1 0 0 0 1 3001.dat
1 72 -80 -360 0 1 0 0 0 1 0 0 0 1 3001.dat
1 72 -80 -384 0 1 0 0 0 1 0 0 0 1 3001.dat
1 72 -80 -264 80 1 0 0 0 1 0 0 0 1 3001.dat
1 72 -80 -288 80 1 0 0 0 1 0 0 0 1 3001.dat
1 72 -80 -312 80 1 0 0 0 1 0 0 0 1 3001.dat
1 72 -80 -336 80 1 0 0 0 1 0 0 0 1 3001.dat
1 72 -80 -360 80 1 0 0 0 1 0 0 0 1 3001.dat
1 72 -80 -384 80 1 0 0 0 1 0 0 0 1 3001.dat
1 72 80 -264 -80 1 0 0 0 1 0 0 0 1 3001.dat
1 72 80 -288 -80 1 0 0 0 1 0 0 0 1 3001.dat
1 72 80 -312 -80 1 0 0 0 1 0 0 0 1 3001.dat
1 72 80 -336 -80 1 0 0 0 1 0 0 0 1 3001.dat
1 72 80 -360 -80 1 0 0 0 1 0 0 0 1 3001.dat
1 72 80 -384 -80 1 0 0 0 1 0 0 0 1 3001.dat
1 72 80 -264 0 1 0 0 0 1 0 0 0 1 3001.dat
1 72 80 -288 0 1 0 0 0 1 0 0 0 1 3001.dat
1 72 80 -312 0 1 0 0 0 1 0 0 0 1 3001.dat
1 72 80 -336 0 1 0 0 0 1 0 0 0 1 3001.dat
1 72 80 -360 0 1 0 0 0 1 0 0 0 1 3001.dat
1 72 80 -384 0 1 0 0 0 1 0 0 0 1 3001.dat
1 72 80 -264 80 1 0 0 0 1 0 0 0 1 3001.dat
1 72 80 -288 80 1 0 0 0 1 0 0 0 1 3001.dat
1 72 80 -312 80 1 0 0 0 1 0 0 0 1 3001.dat
1 72 80 -336 80 1 0 0 0 1 0 0 0 1 3001.dat
1 72 80 -360 80 1 0 0 0 1 0 0 0 1 3001.dat
1 72 80 -384 80 1 0 0 0 1 0 0 0 1 3001.dat
0 STEP
1 14 -680 -440 -120 1 0 0 0 1 0 0 0 1 3020.dat
1 14 -680 -440 -80 1 0 0 0 1 0 0 0 1 3020.dat
1 14 -680 -440 -40 1 0 0 0 1 0 0 0 1 3020.dat
1 14 -680 -440 0 1 0 0 0 1 0 0 0 1 3020.dat
1 14 -680 -440 40 1 0 0 0 1 0 0 0 1 3020.dat
1 14 -680 -440 80 1 0 0 0 1 0 0 0 1 3020.dat
1 14 -680 -440 120 1 0 0 0 1 0 0 0 1 3020.dat
1 14 -600 -440 -120 1 0 0 0 1 0 0 0 1 3020.dat
1 14 -600 -440 -80 1 0 0 0 1 0 0 0 1 3020.dat
1 14 -600 -440 -40 1 0 0 0 1 0 0 0 1 3020.dat
1 14 -600 -440 0 1 0 0 0 1 0 0 0 1 3020.dat
1 14 -600 -440 40 1 0 0 0 1 0 0 0 1 3020.dat
1 14 -600 -440 80 1 0 0 0 1 0 0 0 1 3020.dat
1 14 -600 -440 120 1 0 0 0 1 0 0 0 1 3020.dat
1 14 -520 -440 -120 1 0 0 0 1 0 0 0 1 3020.dat
1 14 -520 -440 -80 1 0 0 0 1 0 0 0 1 3020.dat
1 14 -520 -440 -40 1 0 0 0 1 0 0 0 1 3020.dat
1 14 -520 -440 0 1 0 0 0 1 0 0 0 1 3020.dat
1 14 -520 -440 40 1 0 0 0 1 0 0 0 1 3020.dat
1 14 -520 -440 80 1 0 0 0 1 0 0 0 1 3020.dat
1 14 -520 -440 120 1 0 0 0 1 0 0 0 1 3020.dat
1 14 -440 -440 -120 1 0 0 0 1 0 0 0 1 3020.dat
1 14 -440 -440 -80 1 0 0 0 1 0 0 0 1 3020.dat
1 14 -440 -440 -40 1 0 0 0 1 0 0 0 1 3020.dat
1 14 -440 -440 0 1 0 0 0 1 0 0 0 1 3020.dat
1 14 -440 -440 40 1 0 0 0 1 0 0 0 1 3020.dat
1 14 -440 -440 80 1 0 0 0 1 0 0 0 1 3020.dat
1 14 -440 -440 120 1 0 0 0 1 0 0 0 1 3020.dat
1 14 -360 -440 -120 1 0 0 0 1 0 0 0 1 3020.dat
1 14 -360 -440 -80 1 0 0 0 1 0 0 0 1 3020.dat
1 14 -360 -440 -40 1 0 0 0 1 0 0 0 1 3020.dat
1 14 -360 -440 0 1 0 0 0 1 0 0 0 1 3020.dat
1 14 -360 -440 40 1 0 0 0 1 0 0 0 1 3020.dat
1 14 -360 -440 80 1 0 0 0 1 0 0 0 1 3020.dat
1 14 -360 -440 120 1 0 0 0 1 0 0 0 1 3020.dat
1 14 -280 -440 -120 1 0 0 0 1 0 0 0 1 3020.dat
1 14 -280 -440 -80 1 0 0 0 1 0 0 0 1 3020.dat
1 14 -280 -440 -40 1 0 0 0 1 0 0 0 1 3020.dat
1 14 -280 -440 0 1 0 0 0 1 0 0 0 1 3020.dat
1 14 -280 -440 40 1 0 0 0 1 0 0 0 1 3020.dat
1 14 -280 -440 80 1 0 0 0 1 0 0 0 1 3020.dat
1 14 -280 -440 120 1 0 0 0 1 0 0 0 1 3020.dat
1 14 -200 -440 -120 1 0 0 0 1 0 0 0 1 3020.dat
1 14 -200 -440 -80 1 0 0 0 1 0 0 0 1 3020.dat
1 14 -200 -440 -40 1 0 0 0 1 0 0 0 1 3020.dat
1 14 -200 -440 0 1 0 0 0 1 0 0 0 1 3020.dat
1 14 -200 -440 40 1 0 0 0 1 0 0 0 1 3020.dat
1 14 -200 -440 80 1 0 0 0 1 0 0 0 1 3020.dat
1 14 -200 -440 120 1 0 0 0 1 0 0 0 1 3020.dat
1 14 -120 -440 -120 1 0 0 0 1 0 0 0 1 3020.dat
1 14 -120 -440 -80 1 0 0 0 1 0 0 0 1 3020.dat
1 14 -120 -440 -40 1 0 0 0 1 0 0 0 1 3020.dat
1 14 -120 -440 0 1 0 0 0 1 0 0 0 1 3020.dat
1 14 -120 -440 40 1 0 0 0 1 0 0 0 1 3020.dat
1 14 -120 -440 80 1 0 0 0 1 0 0 0 1 3020.dat
1 14 -120 -440 120 1 0 0 0 1 0 0 0 1 3020.dat
1 14 -40 -440 -120 1 0 0 0 1 0 0 0 1 3020.dat
1 14 -40 -440 -80 1 0 0 0 1 0 0 0 1 3020.dat
1 14 -40 -440 -40 1 0 0 0 1 0 0 0 1 3020.dat
1 14 -40 -440 0 1 0 0 0 1 0 0 0 1 3020.dat
1 14 -40 -440 40 1 0 0 0 1 0 0 0 1 3020.dat
1 14 -40 -440 80 1 0 0 0 1 0 0 0 1 3020.dat
1 14 -40 -440 120 1 0 0 0 1 0 0 0 1 3020.dat
1 14 40 -440 -120 1 0 0 0 1 0 0 0 1 3020.dat
1 14 40 -440 -80 1 0 0 0 1 0 0 0 1 3020.dat
1 14 40 -440 -40 1 0 0 0 1 0 0 0 1 3020.dat
1 14 40 -440 0 1 0 0 0 1 0 0 0 1 3020.dat
1 14 40 -440 40 1 0 0 0 1 0 0 0 1 3020.dat
1 14 40 -440 80 1 0 0 0 1 0 0 0 1 3020.dat
1 14 40 -440 120 1 0 0 0 1 0 0 0 1 3020.dat
1 14 120 -440 -120 1 0 0 0 1 0 0 0 1 3020.dat
1 14 120 -440 -80 1 0 0 0 1 0 0 0 1 3020.dat
1 14 120 -440 -40 1 0 0 0 1 0 0 0 1 3020.dat
1 14 120 -440 0 1 0 0 0 1 0 0 0 1 3020.dat
1 14 120 -440 40 1 0 0 0 1 0 0 0 1 3020.dat
1 14 120 -440 80 1 0 0 0 1 0 0 0 1 3020.dat
1 14 120 -440 120 1 0 0 0 1 0 0 0 1 3020.dat
0 STEP
1 14 -700 -448 -120 1 0 0 0 1 0 0 0 1 3069b.dat
1 14 -700 -448 -80 1 0 0 0 1 0 0 0 1 3069b.dat
1 14 -700 -448 80 1 0 0 0 1 0 0 0 1 3069b.dat
1 14 -700 -448 120 1 0 0 0 1 0 0 0 1 3069b.dat
1 14 -660 -448 -120 1 0 0 0 1 0 0 0 1 3069b.dat
1 14 -660 -448 -80 1 0 0 0 1 0 0 0 1 3069b.dat
1 14 -660 -448 80 1 0 0 0 1 0 0 0 1 3069b.dat
1 14 -660 -448 120 1 0 0 0 1 0 0 0 1 3069b.dat
1 14 -620 -448 -120 1 0 0 0 1 0 0 0 1 3069b.dat
1 14 -620 -448 -80 1 0 0 0 1 0 0 0 1 3069b.dat
1 14 -620 -448 80 1 0 0 0 1 0 0 0 1 3069b.dat
1 14 -620 -448 120 1 0 0 0 1 0 0 0 1 3069b.dat
1 14 -580 -448 -120 1 0 0 0 1 0 0 0 1 3069b.dat
1 14 -580 -448 -80 1 0 0 0 1 0 0 0 1 3069b.dat
1 14 -580 -448 80 1 0 0 0 1 0 0 0 1 3069b.dat
1 14 -580 -448 120 1 0 0 0 1 0 0 0 1 3069b.dat
1 14 -540 -448 -120 1 0 0 0 1 0 0 0 1 3069b.dat
1 14 -540 -448 -80 1 0 0 0 1 0 0 0 1 3069b.dat
1 14 -540 -448 80 1 0 0 0 1 0 0 0 1 3069b.dat
1 14 -540 -448 120 1 0 0 0 1 0 0 0 1 3069b.dat
1 14 -500 -448 -120 1 0 0 0 1 0 0 0 1 3069b.dat
1 14 -500 -448 -80 1 0 0 0 1 0 0 0 1 3069b.dat
1 14 -500 -448 80 1 0 0 0 1 0 0 0 1 3069b.dat
1 14 -500 -448 120 1 0 0 0 1 0 0 0 1 3069b.dat
1 14 -460 -448 -120 1 0 0 0 1 0 0 0 1 3069b.dat
1 14 -460 -448 -80 1 0 0 0 1 0 0 0 1 3069b.dat
1 14 -460 -448 80 1 0 0 0 1 0 0 0 1 3069b.dat
1 14 -460 -448 120 1 0 0 0 1 0 0 0 1 3069b.dat
1 14 -420 -448 -120 1 0 0 0 1 0 0 0 1 3069b.dat
1 14 -420 -448 -80 1 0 0 0 1 0 0 0 1 3069b.dat
1 14 -420 -448 80 1 0 0 0 1 0 0 0 1 3069b.dat
1 14 -420 -448 120 1 0 0 0 1 0 0 0 1 3069b.dat
1 14 -380 -448 -120 1 0 0 0 1 0 0 0 1 3069b.dat
1 14 -380 -448 -80 1 0 0 0 1 0 0 0 1 3069b.dat
1 14 -380 -448 80 1 0 0 0 1 0 0 0 1 3069b.dat
1 14 -380 -448 120 1 0 0 0 1 0 0 0 1 3069b.dat
1 14 -340 -448 -120 1 0 0 0 1 0 0 0 1 3069b.dat
1 14 -340 -448 -80 1 0 0 0 1 0 0 0 1 3069b.dat
1 14 -340 -448 80 1 0 0 0 1 0 0 0 1 3069b.dat
1 14 -340 -448 120 1 0 0 0 1 0 0 0 1 3069b.dat
1 14 -300 -448 -120 1 0 0 0 1 0 0 0 1 3069b.dat
1 14 -300 -448 -80 1 0 0 0 1 0 0 0 1 3069b.dat
1 14 -300 -448 80 1 0 0 0 1 0 0 0 1 3069b.dat
1 14 -300 -448 120 1 0 0 0 1 0 0 0 1 3069b.dat
1 14 -260 -448 -120 1 0 0 0 1 0 0 0 1 3069b.dat
1 14 -260 -448 -80 1 0 0 0 1 0 0 0 1 3069b.dat
1 14 -260 -448 80 1 0 0 0 1 0 0 0 1 3069b.dat
1 14 -260 -448 120 1 0 0 0 1 0 0 0 1 3069b.dat
1 14 -220 -448 -120 1 0 0 0 1 0 0 0 1 3069b.dat
1 14 -220 -448 -80 1 0 0 0 1 0 0 0 1 3069b.dat
1 14 -220 -448 80 1 0 0 0 1 0 0 0 1 3069b.dat
1 14 -220 -448 120 1 0 0 0 1 0 0 0 1 3069b.dat
1 14 -180 -448 -120 1 0 0 0 1 0 0 0 1 3069b.dat
1 14 -180 -448 -80 1 0 0 0 1 0 0 0 1 3069b.dat
1 14 -180 -448 80 1 0 0 0 1 0 0 0 1 3069b.dat
1 14 -180 -448 120 1 0 0 0 1 0 0 0 1 3069b.dat
1 14 -140 -448 -120 1 0 0 0 1 0 0 0 1 3069b.dat
1 14 -140 -448 -80 1 0 0 0 1 0 0 0 1 3069b.dat
1 14 -140 -448 80 1 0 0 0 1 0 0 0 1 3069b.dat
1 14 -140 -448 120 1 0 0 0 1 0 0 0 1 3069b.dat
1 14 -100 -448 -120 1 0 0 0 1 0 0 0 1 3069b.dat
1 14 -100 -448 -80 1 0 0 0 1 0 0 0 1 3069b.dat
1 14 -100 -448 80 1 0 0 0 1 0 0 0 1 3069b.dat
1 14 -100 -448 120 1 0 0 0 1 0 0 0 1 3069b.dat
1 14 -60 -448 -120 1 0 0 0 1 0 0 0 1 3069b.dat
1 14 -60 -448 120 1 0 0 0 1 0 0 0 1 3069b.dat
1 14 -20 -448 -120 1 0 0 0 1 0 0 0 1 3069b.dat
1 14 -20 -448 120 1 0 0 0 1 0 0 0 1 3069b.dat
1 14 20 -448 -120 1 0 0 0 1 0 0 0 1 3069b.dat
1 14 20 -448 120 1 0 0 0 1 0 0 0 1 3069b.dat
1 14 60 -448 -120 1 0 0 0 1 0 0 0 1 3069b.dat
1 14 60 -448 120 1 0 0 0 1 0 0 0 1 3069b.dat
1 14 100 -448 -120 1 0 0 0 1 0 0 0 1 3069b.dat
1 14 100 -448 120 1 0 0 0 1 0 0 0 1 3069b.dat
1 14 140 -448 -120 1 0 0 0 1 0 0 0 1 3069b.dat
1 14 140 -448 120 1 0 0 0 1 0 0 0 1 3069b.dat
1 0 -680 -448 -40 1 0 0 0 1 0 0 0 1 2412b.dat
1 0 -680 -448 0 1 0 0 0 1 0 0 0 1 2412b.dat
1 0 -680 -448 40 1 0 0 0 1 0 0 0 1 2412b.dat
1 0 -600 -448 -40 1 0 0 0 1 0 0 0 1 2412b.dat
1 0 -600 -448 0 1 0 0 0 1 0 0 0 1 2412b.dat
1 0 -600 -448 40 1 0 0 0 1 0 0 0 1 2412b.dat
1 0 -520 -448 -40 1 0 0 0 1 0 0 0 1 2412b.dat
1 0 -520 -448 0 1 0 0 0 1 0 0 0 1 2412b.dat
1 0 -520 -448 40 1 0 0 0 1 0 0 0 1 2412b.dat
1 0 -440 -448 -40 1 0 0 0 1 0 0 0 1 2412b.dat
1 0 -440 -448 0 1 0 0 0 1 0 0 0 1 2412b.dat
1 0 -440 -448 40 1 0 0 0 1 0 0 0 1 2412b.dat
1 0 -360 -448 -40 1 0 0 0 1 0 0 0 1 2412b.dat
1 0 -360 -448 0 1 0 0 0 1 0 0 0 1 2412b.dat
1 0 -360 -448 40 1 0 0 0 1 0 0 0 1 2412b.dat
1 0 -280 -448 -40 1 0 0 0 1 0 0 0 1 2412b.dat
1 0 -280 -448 0 1 0 0 0 1 0 0 0 1 2412b.dat
1 0 -280 -448 40 1 0 0 0 1 0 0 0 1 2412b.dat
1 0 -200 -448 -40 1 0 0 0 1 0 0 0 1 2412b.dat
1 0 -200 -448 0 1 0 0 0 1 0 0 0 1 2412b.dat
1 0 -200 -448 40 1 0 0 0 1 0 0 0 1 2412b.dat
1 0 -120 -448 -40 1 0 0 0 1 0 0 0 1 2412b.dat
1 0 -120 -448 0 1 0 0 0 1 0 0 0 1 2412b.dat
1 0 -120 -448 40 1 0 0 0 1 0 0 0 1 2412b.dat
0 STEP
1 14 -680 -264 -132.6 1 0 0 0 0 1 0 -1 0 2431.dat
1 14 -680 -304 -132.6 1 0 0 0 0 1 0 -1 0 2431.dat
1 14 -680 -344 -132.6 1 0 0 0 0 1 0 -1 0 2431.dat
1 14 -680 -384 -132.6 1 0 0 0 0 1 0 -1 0 2431.dat
1 0 -630 -364 -142 1 0 0 0 1 0 0 0 1 30374.dat
1 14 -680 -264 148.6 1 0 0 0 0 1 0 -1 0 2431.dat
1 14 -680 -304 148.6 1 0 0 0 0 1 0 -1 0 2431.dat
1 14 -680 -344 148.6 1 0 0 0 0 1 0 -1 0 2431.dat
1 14 -680 -384 148.6 1 0 0 0 0 1 0 -1 0 2431.dat
1 0 -630 -364 142 1 0 0 0 1 0 0 0 1 30374.dat
1 14 -520 -264 -132.6 1 0 0 0 0 1 0 -1 0 2431.dat
1 14 -520 -304 -132.6 1 0 0 0 0 1 0 -1 0 2431.dat
1 14 -520 -344 -132.6 1 0 0 0 0 1 0 -1 0 2431.dat
1 14 -520 -384 -132.6 1 0 0 0 0 1 0 -1 0 2431.dat
1 0 -470 -364 -142 1 0 0 0 1 0 0 0 1 30374.dat
1 14 -520 -264 148.6 1 0 0 0 0 1 0 -1 0 2431.dat
1 14 -520 -304 148.6 1 0 0 0 0 1 0 -1 0 2431.dat
1 14 -520 -344 148.6 1 0 0 0 0 1 0 -1 0 2431.dat
1 14 -520 -384 148.6 1 0 0 0 0 1 0 -1 0 2431.dat
1 0 -470 -364 142 1 0 0 0 1 0 0 0 1 30374.dat
1 14 -360 -264 -132.6 1 0 0 0 0 1 0 -1 0 2431.dat
1 14 -360 -304 -132.6 1 0 0 0 0 1 0 -1 0 2431.dat
1 14 -360 -344 -132.6 1 0 0 0 0 1 0 -1 0 2431.dat
1 14 -360 -384 -132.6 1 0 0 0 0 1 0 -1 0 2431.dat
1 0 -310 -364 -142 1 0 0 0 1 0 0 0 1 30374.dat
1 14 -360 -264 148.6 1 0 0 0 0 1 0 -1 0 2431.dat
1 14 -360 -304 148.6 1 0 0 0 0 1 0 -1 0 2431.dat
1 14 -360 -344 148.6 1 0 0 0 0 1 0 -1 0 2431.dat
1 14 -360 -384 148.6 1 0 0 0 0 1 0 -1 0 2431.dat
1 0 -310 -364 142 1 0 0 0 1 0 0 0 1 30374.dat
1 14 -200 -264 -132.6 1 0 0 0 0 1 0 -1 0 2431.dat
1 14 -200 -304 -132.6 1 0 0 0 0 1 0 -1 0 2431.dat
1 14 -200 -344 -132.6 1 0 0 0 0 1 0 -1 0 2431.dat
1 14 -200 -384 -132.6 1 0 0 0 0 1 0 -1 0 2431.dat
1 0 -150 -364 -142 1 0 0 0 1 0 0 0 1 30374.dat
1 14 -200 -264 148.6 1 0 0 0 0 1 0 -1 0 2431.dat
1 14 -200 -304 148.6 1 0 0 0 0 1 0 -1 0 2431.dat
1 14 -200 -344 148.6 1 0 0 0 0 1 0 -1 0 2431.dat
1 14 -200 -384 148.6 1 0 0 0 0 1 0 -1 0 2431.dat
1 0 -150 -364 142 1 0 0 0 1 0 0 0 1 30374.dat
1 14 -40 -264 -132.6 1 0 0 0 0 1 0 -1 0 2431.dat
1 14 -40 -304 -132.6 1 0 0 0 0 1 0 -1 0 2431.dat
1 14 -40 -344 -132.6 1 0 0 0 0 1 0 -1 0 2431.dat
1 14 -40 -384 -132.6 1 0 0 0 0 1 0 -1 0 2431.dat
1 0 10 -364 -142 1 0 0 0 1 0 0 0 1 30374.dat
1 14 -40 -264 148.6 1 0 0 0 0 1 0 -1 0 2431.dat
1 14 -40 -304 148.6 1 0 0 0 0 1 0 -1 0 2431.dat
1 14 -40 -344 148.6 1 0 0 0 0 1 0 -1 0 2431.dat
1 14 -40 -384 148.6 1 0 0 0 0 1 0 -1 0 2431.dat
1 0 10 -364 142 1 0 0 0 1 0 0 0 1 30374.dat
1 14 120 -264 -132.6 1 0 0 0 0 1 0 -1 0 2431.dat
1 14 120 -304 -132.6 1 0 0 0 0 1 0 -1 0 2431.dat
1 14 120 -344 -132.6 1 0 0 0 0 1 0 -1 0 2431.dat
1 14 120 -384 -132.6 1 0 0 0 0 1 0 -1 0 2431.dat
1 0 170 -364 -142 1 0 0 0 1 0 0 0 1 30374.dat
1 14 120 -264 148.6 1 0 0 0 0 1 0 -1 0 2431.dat
1 14 120 -304 148.6 1 0 0 0 0 1 0 -1 0 2431.dat
1 14 120 -344 148.6 1 0 0 0 0 1 0 -1 0 2431.dat
1 14 120 -384 148.6 1 0 0 0 0 1 0 -1 0 2431.dat
1 0 170 -364 142 1 0 0 0 1 0 0 0 1 30374.dat
0 STEP
1 14 200 -248 160 1 0 0 0 1 0 0 0 1 3020.dat
1 14 200 -248 200 1 0 0 0 1 0 0 0 1 3020.dat
1 14 200 -248 240 1 0 0 0 1 0 0 0 1 3020.dat
1 14 280 -248 160 1 0 0 0 1 0 0 0 1 3020.dat
1 14 280 -248 200 1 0 0 0 1 0 0 0 1 3020.dat
1 14 280 -248 240 1 0 0 0 1 0 0 0 1 3020.dat
1 14 360 -248 160 1 0 0 0 1 0 0 0 1 3020.dat
1 14 360 -248 200 1 0 0 0 1 0 0 0 1 3020.dat
1 14 360 -248 240 1 0 0 0 1 0 0 0 1 3020.dat
1 14 440 -248 160 1 0 0 0 1 0 0 0 1 3020.dat
1 14 440 -248 200 1 0 0 0 1 0 0 0 1 3020.dat
1 14 440 -248 240 1 0 0 0 1 0 0 0 1 3020.dat
1 14 520 -248 160 1 0 0 0 1 0 0 0 1 3020.dat
1 14 520 -248 200 1 0 0 0 1 0 0 0 1 3020.dat
1 14 520 -248 240 1 0 0 0 1 0 0 0 1 3020.dat
1 14 180 -272 150 1 0 0 0 1 0 0 0 1 3004.dat
1 14 220 -272 150 1 0 0 0 1 0 0 0 1 3004.dat
1 14 260 -272 150 1 0 0 0 1 0 0 0 1 3004.dat
1 14 300 -272 150 1 0 0 0 1 0 0 0 1 3004.dat
1 14 340 -272 150 1 0 0 0 1 0 0 0 1 3004.dat
1 14 380 -272 150 1 0 0 0 1 0 0 0 1 3004.dat
1 14 420 -272 150 1 0 0 0 1 0 0 0 1 3004.dat
1 14 460 -272 150 1 0 0 0 1 0 0 0 1 3004.dat
1 14 500 -272 150 1 0 0 0 1 0 0 0 1 3004.dat
1 14 540 -272 150 1 0 0 0 1 0 0 0 1 3004.dat
1 14 180 -272 250 1 0 0 0 1 0 0 0 1 3004.dat
1 14 220 -272 250 1 0 0 0 1 0 0 0 1 3004.dat
1 14 260 -272 250 1 0 0 0 1 0 0 0 1 3004.dat
1 14 300 -272 250 1 0 0 0 1 0 0 0 1 3004.dat
1 14 340 -272 250 1 0 0 0 1 0 0 0 1 3004.dat
1 14 380 -272 250 1 0 0 0 1 0 0 0 1 3004.dat
1 14 420 -272 250 1 0 0 0 1 0 0 0 1 3004.dat
1 14 460 -272 250 1 0 0 0 1 0 0 0 1 3004.dat
1 14 500 -272 250 1 0 0 0 1 0 0 0 1 3004.dat
1 14 540 -272 250 1 0 0 0 1 0 0 0 1 3004.dat
1 14 170 -272 170 1 0 0 0 1 0 0 0 1 3005.dat
1 14 170 -272 190 1 0 0 0 1 0 0 0 1 3005.dat
1 14 170 -272 210 1 0 0 0 1 0 0 0 1 3005.dat
1 14 170 -272 230 1 0 0 0 1 0 0 0 1 3005.dat
1 14 550 -272 170 1 0 0 0 1 0 0 0 1 3005.dat
1 14 550 -272 190 1 0 0 0 1 0 0 0 1 3005.dat
1 14 550 -272 210 1 0 0 0 1 0 0 0 1 3005.dat
1 14 550 -272 230 1 0 0 0 1 0 0 0 1 3005.dat
1 14 170 -296 150 1 0 0 0 1 0 0 0 1 3005.dat
1 14 200 -296 150 1 0 0 0 1 0 0 0 1 3004.dat
1 14 240 -296 150 1 0 0 0 1 0 0 0 1 3004.dat
1 14 280 -296 150 1 0 0 0 1 0 0 0 1 3004.dat
1 14 320 -296 150 1 0 0 0 1 0 0 0 1 3004.dat
1 14 360 -296 150 1 0 0 0 1 0 0 0 1 3004.dat
1 14 400 -296 150 1 0 0 0 1 0 0 0 1 3004.dat
1 14 440 -296 150 1 0 0 0 1 0 0 0 1 3004.dat
1 14 480 -296 150 1 0 0 0 1 0 0 0 1 3004.dat
1 14 520 -296 150 1 0 0 0 1 0 0 0 1 3004.dat
1 14 550 -296 150 1 0 0 0 1 0 0 0 1 3005.dat
1 14 170 -296 250 1 0 0 0 1 0 0 0 1 3005.dat
1 14 200 -296 250 1 0 0 0 1 0 0 0 1 3004.dat
1 14 240 -296 250 1 0 0 0 1 0 0 0 1 3004.dat
1 14 280 -296 250 1 0 0 0 1 0 0 0 1 3004.dat
1 14 320 -296 250 1 0 0 0 1 0 0 0 1 3004.dat
1 14 360 -296 250 1 0 0 0 1 0 0 0 1 3004.dat
1 14 400 -296 250 1 0 0 0 1 0 0 0 1 3004.dat
1 14 440 -296 250 1 0 0 0 1 0 0 0 1 3004.dat
1 14 480 -296 250 1 0 0 0 1 0 0 0 1 3004.dat
1 14 520 -296 250 1 0 0 0 1 0 0 0 1 3004.dat
1 14 550 -296 250 1 0 0 0 1 0 0 0 1 3005.dat
1 14 170 -296 170 1 0 0 0 1 0 0 0 1 3005.dat
1 14 170 -296 190 1 0 0 0 1 0 0 0 1 3005.dat
1 14 170 -296 210 1 0 0 0 1 0 0 0 1 3005.dat
1 14 170 -296 230 1 0 0 0 1 0 0 0 1 3005.dat
1 14 550 -296 170 1 0 0 0 1 0 0 0 1 3005.dat
1 14 550 -296 190 1 0 0 0 1 0 0 0 1 3005.dat
1 14 550 -296 210 1 0 0 0 1 0 0 0 1 3005.dat
1 14 550 -296 230 1 0 0 0 1 0 0 0 1 3005.dat
0 STEP
1 0 257.5 -256 180 0 0 1 0 1 0 -1 0 0 4079.dat
1 0 377.5 -256 180 0 0 1 0 1 0 -1 0 0 4079.dat
1 0 460 -304 180 1 0 0 0 1 0 0 0 1 4592.dat
1 0 460 -304 180 1 0 0 0 1 0 0 0 1 4593.dat
1 0 500 -304 180 1 0 0 0 1 0 0 0 1 4592.dat
1 0 500 -304 180 1 0 0 0 1 0 0 0 1 4593.dat
0 STEP
1 0 220 -306 260 1 0 0 0 0 1 0 -1 0 3069b.dat
1 0 220 -326 260 1 0 0 0 0 1 0 -1 0 3069b.dat
1 0 220 -346 260 1 0 0 0 0 1 0 -1 0 3069b.dat
1 0 220 -366 260 1 0 0 0 0 1 0 -1 0 3069b.dat
1 0 220 -386 260 1 0 0 0 0 1 0 -1 0 3069b.dat
1 0 220 -406 260 1 0 0 0 0 1 0 -1 0 3069b.dat
1 0 260 -306 260 1 0 0 0 0 1 0 -1 0 3069b.dat
1 0 260 -326 260 1 0 0 0 0 1 0 -1 0 3069b.dat
1 0 260 -346 260 1 0 0 0 0 1 0 -1 0 3069b.dat
1 0 260 -366 260 1 0 0 0 0 1 0 -1 0 3069b.dat
1 0 260 -386 260 1 0 0 0 0 1 0 -1 0 3069b.dat
1 0 260 -406 260 1 0 0 0 0 1 0 -1 0 3069b.dat
1 0 320 -306 260 1 0 0 0 0 1 0 -1 0 3069b.dat
1 0 320 -326 260 1 0 0 0 0 1 0 -1 0 3069b.dat
1 0 320 -346 260 1 0 0 0 0 1 0 -1 0 3069b.dat
1 0 320 -366 260 1 0 0 0 0 1 0 -1 0 3069b.dat
1 0 320 -386 260 1 0 0 0 0 1 0 -1 0 3069b.dat
1 0 320 -406 260 1 0 0 0 0 1 0 -1 0 3069b.dat
1 0 360 -306 260 1 0 0 0 0 1 0 -1 0 3069b.dat
1 0 360 -326 260 1 0 0 0 0 1 0 -1 0 3069b.dat
1 0 360 -346 260 1 0 0 0 0 1 0 -1 0 3069b.dat
1 0 360 -366 260 1 0 0 0 0 1 0 -1 0 3069b.dat
1 0 360 -386 260 1 0 0 0 0 1 0 -1 0 3069b.dat
1 0 360 -406 260 1 0 0 0 0 1 0 -1 0 3069b.dat
1 0 420 -306 260 1 0 0 0 0 1 0 -1 0 3069b.dat
1 0 420 -326 260 1 0 0 0 0 1 0 -1 0 3069b.dat
1 0 420 -346 260 1 0 0 0 0 1 0 -1 0 3069b.dat
1 0 420 -366 260 1 0 0 0 0 1 0 -1 0 3069b.dat
1 0 420 -386 260 1 0 0 0 0 1 0 -1 0 3069b.dat
1 0 420 -406 260 1 0 0 0 0 1 0 -1 0 3069b.dat
1 0 460 -306 260 1 0 0 0 0 1 0 -1 0 3069b.dat
1 0 460 -326 260 1 0 0 0 0 1 0 -1 0 3069b.dat
1 0 460 -346 260 1 0 0 0 0 1 0 -1 0 3069b.dat
1 0 460 -366 260 1 0 0 0 0 1 0 -1 0 3069b.dat
1 0 460 -386 260 1 0 0 0 0 1 0 -1 0 3069b.dat
1 0 460 -406 260 1 0 0 0 0 1 0 -1 0 3069b.dat
0 STEP
1 14 170 -320 150 1 0 0 0 1 0 0 0 1 3005.dat
1 14 170 -344 150 1 0 0 0 1 0 0 0 1 3005.dat
1 14 170 -368 150 1 0 0 0 1 0 0 0 1 3005.dat
1 14 170 -392 150 1 0 0 0 1 0 0 0 1 3005.dat
1 14 170 -416 150 1 0 0 0 1 0 0 0 1 3005.dat
1 14 170 -320 250 1 0 0 0 1 0 0 0 1 3005.dat
1 14 170 -344 250 1 0 0 0 1 0 0 0 1 3005.dat
1 14 170 -368 250 1 0 0 0 1 0 0 0 1 3005.dat
1 14 170 -392 250 1 0 0 0 1 0 0 0 1 3005.dat
1 14 170 -416 250 1 0 0 0 1 0 0 0 1 3005.dat
1 14 190 -320 150 1 0 0 0 1 0 0 0 1 3005.dat
1 14 190 -344 150 1 0 0 0 1 0 0 0 1 3005.dat
1 14 190 -368 150 1 0 0 0 1 0 0 0 1 3005.dat
1 14 190 -392 150 1 0 0 0 1 0 0 0 1 3005.dat
1 14 190 -416 150 1 0 0 0 1 0 0 0 1 3005.dat
1 14 190 -320 250 1 0 0 0 1 0 0 0 1 3005.dat
1 14 190 -344 250 1 0 0 0 1 0 0 0 1 3005.dat
1 14 190 -368 250 1 0 0 0 1 0 0 0 1 3005.dat
1 14 190 -392 250 1 0 0 0 1 0 0 0 1 3005.dat
1 14 190 -416 250 1 0 0 0 1 0 0 0 1 3005.dat
1 14 290 -320 150 1 0 0 0 1 0 0 0 1 3005.dat
1 14 290 -344 150 1 0 0 0 1 0 0 0 1 3005.dat
1 14 290 -368 150 1 0 0 0 1 0 0 0 1 3005.dat
1 14 290 -392 150 1 0 0 0 1 0 0 0 1 3005.dat
1 14 290 -416 150 1 0 0 0 1 0 0 0 1 3005.dat
1 14 290 -320 250 1 0 0 0 1 0 0 0 1 3005.dat
1 14 290 -344 250 1 0 0 0 1 0 0 0 1 3005.dat
1 14 290 -368 250 1 0 0 0 1 0 0 0 1 3005.dat
1 14 290 -392 250 1 0 0 0 1 0 0 0 1 3005.dat
1 14 290 -416 250 1 0 0 0 1 0 0 0 1 3005.dat
1 14 390 -320 150 1 0 0 0 1 0 0 0 1 3005.dat
1 14 390 -344 150 1 0 0 0 1 0 0 0 1 3005.dat
1 14 390 -368 150 1 0 0 0 1 0 0 0 1 3005.dat
1 14 390 -392 150 1 0 0 0 1 0 0 0 1 3005.dat
1 14 390 -416 150 1 0 0 0 1 0 0 0 1 3005.dat
1 14 390 -320 250 1 0 0 0 1 0 0 0 1 3005.dat
1 14 390 -344 250 1 0 0 0 1 0 0 0 1 3005.dat
1 14 390 -368 250 1 0 0 0 1 0 0 0 1 3005.dat
1 14 390 -392 250 1 0 0 0 1 0 0 0 1 3005.dat
1 14 390 -416 250 1 0 0 0 1 0 0 0 1 3005.dat
1 14 490 -320 150 1 0 0 0 1 0 0 0 1 3005.dat
1 14 490 -344 150 1 0 0 0 1 0 0 0 1 3005.dat
1 14 490 -368 150 1 0 0 0 1 0 0 0 1 3005.dat
1 14 490 -392 150 1 0 0 0 1 0 0 0 1 3005.dat
1 14 490 -416 150 1 0 0 0 1 0 0 0 1 3005.dat
1 14 490 -320 250 1 0 0 0 1 0 0 0 1 3005.dat
1 14 490 -344 250 1 0 0 0 1 0 0 0 1 3005.dat
1 14 490 -368 250 1 0 0 0 1 0 0 0 1 3005.dat
1 14 490 -392 250 1 0 0 0 1 0 0 0 1 3005.dat
1 14 490 -416 250 1 0 0 0 1 0 0 0 1 3005.dat
1 14 510 -320 150 1 0 0 0 1 0 0 0 1 3005.dat
1 14 510 -344 150 1 0 0 0 1 0 0 0 1 3005.dat
1 14 510 -368 150 1 0 0 0 1 0 0 0 1 3005.dat
1 14 510 -392 150 1 0 0 0 1 0 0 0 1 3005.dat
1 14 510 -416 150 1 0 0 0 1 0 0 0 1 3005.dat
1 14 510 -320 250 1 0 0 0 1 0 0 0 1 3005.dat
1 14 510 -344 250 1 0 0 0 1 0 0 0 1 3005.dat
1 14 510 -368 250 1 0 0 0 1 0 0 0 1 3005.dat
1 14 510 -392 250 1 0 0 0 1 0 0 0 1 3005.dat
1 14 510 -416 250 1 0 0 0 1 0 0 0 1 3005.dat
0 STEP
1 14 535.70329 -319.61225 150 0.98384 0.17903 0 -0.17903 0.98384 0 0 0 1 3005.dat
1 14 531.40658 -343.2245 150 0.98384 0.17903 0 -0.17903 0.98384 0 0 0 1 3005.dat
1 14 527.10987 -366.83675 150 0.98384 0.17903 0 -0.17903 0.98384 0 0 0 1 3005.dat
1 14 522.81316 -390.44899 150 0.98384 0.17903 0 -0.17903 0.98384 0 0 0 1 3005.dat
1 14 518.51645 -414.06124 150 0.98384 0.17903 0 -0.17903 0.98384 0 0 0 1 3005.dat
1 14 535.70329 -319.61225 250 0.98384 0.17903 0 -0.17903 0.98384 0 0 0 1 3005.dat
1 14 531.40658 -343.2245 250 0.98384 0.17903 0 -0.17903 0.98384 0 0 0 1 3005.dat
1 14 527.10987 -366.83675 250 0.98384 0.17903 0 -0.17903 0.98384 0 0 0 1 3005.dat
1 14 522.81316 -390.44899 250 0.98384 0.17903 0 -0.17903 0.98384 0 0 0 1 3005.dat
1 14 518.51645 -414.06124 250 0.98384 0.17903 0 -0.17903 0.98384 0 0 0 1 3005.dat
1 0 544.29016 -317.10911 170 0.17903 -0.98384 0 0.98384 0.17903 0 0 0 1 3069b.dat
1 0 537.12898 -356.46286 170 0.17903 -0.98384 0 0.98384 0.17903 0 0 0 1 3069b.dat
1 0 529.96779 -395.81661 170 0.17903 -0.98384 0 0.98384 0.17903 0 0 0 1 3069b.dat
1 0 544.29016 -317.10911 190 0.17903 -0.98384 0 0.98384 0.17903 0 0 0 1 3069b.dat
1 0 537.12898 -356.46286 190 0.17903 -0.98384 0 0.98384 0.17903 0 0 0 1 3069b.dat
1 0 529.96779 -395.81661 190 0.17903 -0.98384 0 0.98384 0.17903 0 0 0 1 3069b.dat
1 0 544.29016 -317.10911 210 0.17903 -0.98384 0 0.98384 0.17903 0 0 0 1 3069b.dat
1 0 537.12898 -356.46286 210 0.17903 -0.98384 0 0.98384 0.17903 0 0 0 1 3069b.dat
1 0 529.96779 -395.81661 210 0.17903 -0.98384 0 0.98384 0.17903 0 0 0 1 3069b.dat
1 0 544.29016 -317.10911 230 0.17903 -0.98384 0 0.98384 0.17903 0 0 0 1 3069b.dat
1 0 537.12898 -356.46286 230 0.17903 -0.98384 0 0.98384 0.17903 0 0 0 1 3069b.dat
1 0 529.96779 -395.81661 230 0.17903 -0.98384 0 0.98384 0.17903 0 0 0 1 3069b.dat
0 STEP
1 14 200 -424 160 1 0 0 0 1 0 0 0 1 3020.dat
1 14 200 -424 200 1 0 0 0 1 0 0 0 1 3020.dat
1 14 200 -424 240 1 0 0 0 1 0 0 0 1 3020.dat
1 14 280 -424 160 1 0 0 0 1 0 0 0 1 3020.dat
1 14 280 -424 200 1 0 0 0 1 0 0 0 1 3020.dat
1 14 280 -424 240 1 0 0 0 1 0 0 0 1 3020.dat
1 14 360 -424 160 1 0 0 0 1 0 0 0 1 3020.dat
1 14 360 -424 200 1 0 0 0 1 0 0 0 1 3020.dat
1 14 360 -424 240 1 0 0 0 1 0 0 0 1 3020.dat
1 14 440 -424 160 1 0 0 0 1 0 0 0 1 3020.dat
1 14 440 -424 200 1 0 0 0 1 0 0 0 1 3020.dat
1 14 440 -424 240 1 0 0 0 1 0 0 0 1 3020.dat
1 14 520 -424 160 1 0 0 0 1 0 0 0 1 3020.dat
1 14 520 -424 200 1 0 0 0 1 0 0 0 1 3020.dat
1 14 520 -424 240 1 0 0 0 1 0 0 0 1 3020.dat
1 14 180 -432 150 1 0 0 0 1 0 0 0 1 3069b.dat
1 14 180 -432 170 1 0 0 0 1 0 0 0 1 3069b.dat
1 14 180 -432 190 1 0 0 0 1 0 0 0 1 3069b.dat
1 14 180 -432 210 1 0 0 0 1 0 0 0 1 3069b.dat
1 14 180 -432 230 1 0 0 0 1 0 0 0 1 3069b.dat
1 14 180 -432 250 1 0 0 0 1 0 0 0 1 3069b.dat
1 14 220 -432 150 1 0 0 0 1 0 0 0 1 3069b.dat
1 14 220 -432 170 1 0 0 0 1 0 0 0 1 3069b.dat
1 14 220 -432 190 1 0 0 0 1 0 0 0 1 3069b.dat
1 14 220 -432 210 1 0 0 0 1 0 0 0 1 3069b.dat
1 14 220 -432 230 1 0 0 0 1 0 0 0 1 3069b.dat
1 14 220 -432 250 1 0 0 0 1 0 0 0 1 3069b.dat
1 14 260 -432 150 1 0 0 0 1 0 0 0 1 3069b.dat
1 14 260 -432 170 1 0 0 0 1 0 0 0 1 3069b.dat
1 14 260 -432 190 1 0 0 0 1 0 0 0 1 3069b.dat
1 14 260 -432 210 1 0 0 0 1 0 0 0 1 3069b.dat
1 14 260 -432 230 1 0 0 0 1 0 0 0 1 3069b.dat
1 14 260 -432 250 1 0 0 0 1 0 0 0 1 3069b.dat
1 14 300 -432 150 1 0 0 0 1 0 0 0 1 3069b.dat
1 14 300 -432 170 1 0 0 0 1 0 0 0 1 3069b.dat
1 14 300 -432 190 1 0 0 0 1 0 0 0 1 3069b.dat
1 14 300 -432 210 1 0 0 0 1 0 0 0 1 3069b.dat
1 14 300 -432 230 1 0 0 0 1 0 0 0 1 3069b.dat
1 14 300 -432 250 1 0 0 0 1 0 0 0 1 3069b.dat
1 14 340 -432 150 1 0 0 0 1 0 0 0 1 3069b.dat
1 14 340 -432 170 1 0 0 0 1 0 0 0 1 3069b.dat
1 14 340 -432 190 1 0 0 0 1 0 0 0 1 3069b.dat
1 14 340 -432 210 1 0 0 0 1 0 0 0 1 3069b.dat
1 14 340 -432 230 1 0 0 0 1 0 0 0 1 3069b.dat
1 14 340 -432 250 1 0 0 0 1 0 0 0 1 3069b.dat
1 14 380 -432 150 1 0 0 0 1 0 0 0 1 3069b.dat
1 14 380 -432 170 1 0 0 0 1 0 0 0 1 3069b.dat
1 14 380 -432 190 1 0 0 0 1 0 0 0 1 3069b.dat
1 14 380 -432 210 1 0 0 0 1 0 0 0 1 3069b.dat
1 14 380 -432 230 1 0 0 0 1 0 0 0 1 3069b.dat
1 14 380 -432 250 1 0 0 0 1 0 0 0 1 3069b.dat
1 14 420 -432 150 1 0 0 0 1 0 0 0 1 3069b.dat
1 14 420 -432 170 1 0 0 0 1 0 0 0 1 3069b.dat
1 14 420 -432 190 1 0 0 0 1 0 0 0 1 3069b.dat
1 14 420 -432 210 1 0 0 0 1 0 0 0 1 3069b.dat
1 14 420 -432 230 1 0 0 0 1 0 0 0 1 3069b.dat
1 14 420 -432 250 1 0 0 0 1 0 0 0 1 3069b.dat
1 14 460 -432 150 1 0 0 0 1 0 0 0 1 3069b.dat
1 14 460 -432 170 1 0 0 0 1 0 0 0 1 3069b.dat
1 14 460 -432 190 1 0 0 0 1 0 0 0 1 3069b.dat
1 14 460 -432 210 1 0 0 0 1 0 0 0 1 3069b.dat
1 14 460 -432 230 1 0 0 0 1 0 0 0 1 3069b.dat
1 14 460 -432 250 1 0 0 0 1 0 0 0 1 3069b.dat
1 14 500 -432 150 1 0 0 0 1 0 0 0 1 3069b.dat
1 14 500 -432 170 1 0 0 0 1 0 0 0 1 3069b.dat
1 14 500 -432 190 1 0 0 0 1 0 0 0 1 3069b.dat
1 14 500 -432 210 1 0 0 0 1 0 0 0 1 3069b.dat
1 14 500 -432 230 1 0 0 0 1 0 0 0 1 3069b.dat
1 14 500 -432 250 1 0 0 0 1 0 0 0 1 3069b.dat
1 14 540 -432 150 1 0 0 0 1 0 0 0 1 3069b.dat
1 14 540 -432 170 1 0 0 0 1 0 0 0 1 3069b.dat
1 14 540 -432 190 1 0 0 0 1 0 0 0 1 3069b.dat
1 14 540 -432 210 1 0 0 0 1 0 0 0 1 3069b.dat
1 14 540 -432 230 1 0 0 0 1 0 0 0 1 3069b.dat
1 14 540 -432 250 1 0 0 0 1 0 0 0 1 3069b.dat
0 STEP
1 0 -840 -272 -80 1 0 0 0 1 0 0 0 1 3001.dat
1 0 -760 -272 -80 1 0 0 0 1 0 0 0 1 3001.dat
1 0 -840 -296 -80 1 0 0 0 1 0 0 0 1 3001.dat
1 0 -760 -296 -80 1 0 0 0 1 0 0 0 1 3001.dat
1 0 -840 -320 -80 1 0 0 0 1 0 0 0 1 3001.dat
1 0 -760 -320 -80 1 0 0 0 1 0 0 0 1 3001.dat
1 0 -840 -344 -80 1 0 0 0 1 0 0 0 1 3001.dat
1 0 -760 -344 -80 1 0 0 0 1 0 0 0 1 3001.dat
1 0 -840 -272 80 1 0 0 0 1 0 0 0 1 3001.dat
1 0 -760 -272 80 1 0 0 0 1 0 0 0 1 3001.dat
1 0 -840 -296 80 1 0 0 0 1 0 0 0 1 3001.dat
1 0 -760 -296 80 1 0 0 0 1 0 0 0 1 3001.dat
1 0 -840 -320 80 1 0 0 0 1 0 0 0 1 3001.dat
1 0 -760 -320 80 1 0 0 0 1 0 0 0 1 3001.dat
1 0 -840 -344 80 1 0 0 0 1 0 0 0 1 3001.dat
1 0 -760 -344 80 1 0 0 0 1 0 0 0 1 3001.dat
0 STEP
1 0 -840 -264 -120 1 0 0 0 1 0 0 0 1 3001.dat
1 0 -760 -264 -120 1 0 0 0 1 0 0 0 1 3001.dat
1 0 -840 -264 -40 1 0 0 0 1 0 0 0 1 3001.dat
1 0 -760 -264 -40 1 0 0 0 1 0 0 0 1 3001.dat
1 0 -840 -264 40 1 0 0 0 1 0 0 0 1 3001.dat
1 0 -760 -264 40 1 0 0 0 1 0 0 0 1 3001.dat
1 0 -840 -264 120 1 0 0 0 1 0 0 0 1 3001.dat
1 0 -760 -264 120 1 0 0 0 1 0 0 0 1 3001.dat
1 14 -840 -288 -120 1 0 0 0 1 0 0 0 1 3001.dat
1 14 -760 -288 -120 1 0 0 0 1 0 0 0 1 3001.dat
1 14 -840 -288 -40 1 0 0 0 1 0 0 0 1 3001.dat
1 14 -760 -288 -40 1 0 0 0 1 0 0 0 1 3001.dat
1 14 -840 -288 40 1 0 0 0 1 0 0 0 1 3001.dat
1 14 -760 -288 40 1 0 0 0 1 0 0 0 1 3001.dat
1 14 -840 -288 120 1 0 0 0 1 0 0 0 1 3001.dat
1 14 -760 -288 120 1 0 0 0 1 0 0 0 1 3001.dat
1 14 -840 -312 -120 1 0 0 0 1 0 0 0 1 3001.dat
1 14 -760 -312 -120 1 0 0 0 1 0 0 0 1 3001.dat
1 14 -840 -312 -40 1 0 0 0 1 0 0 0 1 3001.dat
1 14 -760 -312 -40 1 0 0 0 1 0 0 0 1 3001.dat
1 14 -840 -312 40 1 0 0 0 1 0 0 0 1 3001.dat
1 14 -760 -312 40 1 0 0 0 1 0 0 0 1 3001.dat
1 14 -840 -312 120 1 0 0 0 1 0 0 0 1 3001.dat
1 14 -760 -312 120 1 0 0 0 1 0 0 0 1 3001.dat
1 0 -840 -336 -120 1 0 0 0 1 0 0 0 1 3001.dat
1 0 -760 -336 -120 1 0 0 0 1 0 0 0 1 3001.dat
1 0 -840 -336 -40 1 0 0 0 1 0 0 0 1 3001.dat
1 0 -760 -336 -40 1 0 0 0 1 0 0 0 1 3001.dat
1 0 -840 -336 40 1 0 0 0 1 0 0 0 1 3001.dat
1 0 -760 -336 40 1 0 0 0 1 0 0 0 1 3001.dat
1 0 -840 -336 120 1 0 0 0 1 0 0 0 1 3001.dat
1 0 -760 -336 120 1 0 0 0 1 0 0 0 1 3001.dat
1 14 -840 -360 -120 1 0 0 0 1 0 0 0 1 3001.dat
1 14 -760 -360 -120 1 0 0 0 1 0 0 0 1 3001.dat
1 14 -840 -360 -40 1 0 0 0 1 0 0 0 1 3001.dat
1 14 -760 -360 -40 1 0 0 0 1 0 0 0 1 3001.dat
1 14 -840 -360 40 1 0 0 0 1 0 0 0 1 3001.dat
1 14 -760 -360 40 1 0 0 0 1 0 0 0 1 3001.dat
1 14 -840 -360 120 1 0 0 0 1 0 0 0 1 3001.dat
1 14 -760 -360 120 1 0 0 0 1 0 0 0 1 3001.dat
1 14 -840 -384 -120 1 0 0 0 1 0 0 0 1 3001.dat
1 14 -760 -384 -120 1 0 0 0 1 0 0 0 1 3001.dat
1 14 -840 -384 -40 1 0 0 0 1 0 0 0 1 3001.dat
1 14 -760 -384 -40 1 0 0 0 1 0 0 0 1 3001.dat
1 14 -840 -384 40 1 0 0 0 1 0 0 0 1 3001.dat
1 14 -760 -384 40 1 0 0 0 1 0 0 0 1 3001.dat
1 14 -840 -384 120 1 0 0 0 1 0 0 0 1 3001.dat
1 14 -760 -384 120 1 0 0 0 1 0 0 0 1 3001.dat
1 0 -840 -408 -120 1 0 0 0 1 0 0 0 1 3001.dat
1 0 -760 -408 -120 1 0 0 0 1 0 0 0 1 3001.dat
1 0 -840 -408 -40 1 0 0 0 1 0 0 0 1 3001.dat
1 0 -760 -408 -40 1 0 0 0 1 0 0 0 1 3001.dat
1 0 -840 -408 40 1 0 0 0 1 0 0 0 1 3001.dat
1 0 -760 -408 40 1 0 0 0 1 0 0 0 1 3001.dat
1 0 -840 -408 120 1 0 0 0 1 0 0 0 1 3001.dat
1 0 -760 -408 120 1 0 0 0 1 0 0 0 1 3001.dat
1 14 -840 -432 -120 1 0 0 0 1 0 0 0 1 3001.dat
1 14 -760 -432 -120 1 0 0 0 1 0 0 0 1 3001.dat
1 14 -840 -432 -40 1 0 0 0 1 0 0 0 1 3001.dat
1 14 -760 -432 -40 1 0 0 0 1 0 0 0 1 3001.dat
1 14 -840 -432 40 1 0 0 0 1 0 0 0 1 3001.dat
1 14 -760 -432 40 1 0 0 0 1 0 0 0 1 3001.dat
1 14 -840 -432 120 1 0 0 0 1 0 0 0 1 3001.dat
1 14 -760 -432 120 1 0 0 0 1 0 0 0 1 3001.dat
1 14 -840 -440 -120 1 0 0 0 1 0 0 0 1 3031.dat
1 14 -760 -440 -120 1 0 0 0 1 0 0 0 1 3031.dat
1 14 -840 -440 -40 1 0 0 0 1 0 0 0 1 3031.dat
1 14 -760 -440 -40 1 0 0 0 1 0 0 0 1 3031.dat
1 14 -840 -440 40 1 0 0 0 1 0 0 0 1 3031.dat
1 14 -760 -440 40 1 0 0 0 1 0 0 0 1 3031.dat
1 14 -840 -440 120 1 0 0 0 1 0 0 0 1 3031.dat
1 14 -760 -440 120 1 0 0 0 1 0 0 0 1 3031.dat
0 STEP
1 14 -40 -272 -110 1 0 0 0 1 0 0 0 1 3701.dat
1 14 -40 -296 -110 1 0 0 0 1 0 0 0 1 3701.dat
1 14 -40 -320 -110 1 0 0 0 1 0 0 0 1 3701.dat
1 14 -40 -344 -110 1 0 0 0 1 0 0 0 1 3701.dat
1 14 -40 -368 -110 1 0 0 0 1 0 0 0 1 3701.dat
1 14 -40 -392 -110 1 0 0 0 1 0 0 0 1 3701.dat
1 14 -40 -416 -110 1 0 0 0 1 0 0 0 1 3701.dat
1 14 -40 -440 -110 1 0 0 0 1 0 0 0 1 3701.dat
1 14 -40 -464 -110 1 0 0 0 1 0 0 0 1 3701.dat
1 14 -40 -272 110 1 0 0 0 1 0 0 0 1 3701.dat
1 14 -40 -296 110 1 0 0 0 1 0 0 0 1 3701.dat
1 14 -40 -320 110 1 0 0 0 1 0 0 0 1 3701.dat
1 14 -40 -344 110 1 0 0 0 1 0 0 0 1 3701.dat
1 14 -40 -368 110 1 0 0 0 1 0 0 0 1 3701.dat
1 14 -40 -392 110 1 0 0 0 1 0 0 0 1 3701.dat
1 14 -40 -416 110 1 0 0 0 1 0 0 0 1 3701.dat
1 14 -40 -440 110 1 0 0 0 1 0 0 0 1 3701.dat
1 14 -40 -464 110 1 0 0 0 1 0 0 0 1 3701.dat
1 0 -40 -452 0 0 0 1 0 1 0 -1 0 0 50451.dat
1 71 -40 -452 -140 1 0 0 0 1 0 0 0 1 3713.dat
1 71 -40 -452 140 1 0 0 0 1 0 0 0 1 3713.dat
0 STEP
1 14 -0.8741 -460.31647 -60 0.97815 0.20791 0 -0.20791 0.97815 0 0 0 1 3020.dat
1 14 -0.8741 -460.31647 -20 0.97815 0.20791 0 -0.20791 0.97815 0 0 0 1 3020.dat
1 14 -0.8741 -460.31647 20 0.97815 0.20791 0 -0.20791 0.97815 0 0 0 1 3020.dat
1 14 -0.8741 -460.31647 60 0.97815 0.20791 0 -0.20791 0.97815 0 0 0 1 3020.dat
1 14 77.37771 -476.9494 -60 0.97815 0.20791 0 -0.20791 0.97815 0 0 0 1 3020.dat
1 14 77.37771 -476.9494 -20 0.97815 0.20791 0 -0.20791 0.97815 0 0 0 1 3020.dat
1 14 77.37771 -476.9494 20 0.97815 0.20791 0 -0.20791 0.97815 0 0 0 1 3020.dat
1 14 77.37771 -476.9494 60 0.97815 0.20791 0 -0.20791 0.97815 0 0 0 1 3020.dat
1 14 155.62952 -493.58234 -60 0.97815 0.20791 0 -0.20791 0.97815 0 0 0 1 3020.dat
1 14 155.62952 -493.58234 -20 0.97815 0.20791 0 -0.20791 0.97815 0 0 0 1 3020.dat
1 14 155.62952 -493.58234 20 0.97815 0.20791 0 -0.20791 0.97815 0 0 0 1 3020.dat
1 14 155.62952 -493.58234 60 0.97815 0.20791 0 -0.20791 0.97815 0 0 0 1 3020.dat
1 14 233.88133 -510.21527 -60 0.97815 0.20791 0 -0.20791 0.97815 0 0 0 1 3020.dat
1 14 233.88133 -510.21527 -20 0.97815 0.20791 0 -0.20791 0.97815 0 0 0 1 3020.dat
1 14 233.88133 -510.21527 20 0.97815 0.20791 0 -0.20791 0.97815 0 0 0 1 3020.dat
1 14 233.88133 -510.21527 60 0.97815 0.20791 0 -0.20791 0.97815 0 0 0 1 3020.dat
1 14 312.13314 -526.84821 -60 0.97815 0.20791 0 -0.20791 0.97815 0 0 0 1 3020.dat
1 14 312.13314 -526.84821 -20 0.97815 0.20791 0 -0.20791 0.97815 0 0 0 1 3020.dat
1 14 312.13314 -526.84821 20 0.97815 0.20791 0 -0.20791 0.97815 0 0 0 1 3020.dat
1 14 312.13314 -526.84821 60 0.97815 0.20791 0 -0.20791 0.97815 0 0 0 1 3020.dat
1 14 390.38494 -543.48114 -60 0.97815 0.20791 0 -0.20791 0.97815 0 0 0 1 3020.dat
1 14 390.38494 -543.48114 -20 0.97815 0.20791 0 -0.20791 0.97815 0 0 0 1 3020.dat
1 14 390.38494 -543.48114 20 0.97815 0.20791 0 -0.20791 0.97815 0 0 0 1 3020.dat
1 14 390.38494 -543.48114 60 0.97815 0.20791 0 -0.20791 0.97815 0 0 0 1 3020.dat
1 14 468.63675 -560.11408 -60 0.97815 0.20791 0 -0.20791 0.97815 0 0 0 1 3020.dat
1 14 468.63675 -560.11408 -20 0.97815 0.20791 0 -0.20791 0.97815 0 0 0 1 3020.dat
1 14 468.63675 -560.11408 20 0.97815 0.20791 0 -0.20791 0.97815 0 0 0 1 3020.dat
1 14 468.63675 -560.11408 60 0.97815 0.20791 0 -0.20791 0.97815 0 0 0 1 3020.dat
1 14 546.88856 -576.74701 -60 0.97815 0.20791 0 -0.20791 0.97815 0 0 0 1 3020.dat
1 14 546.88856 -576.74701 -20 0.97815 0.20791 0 -0.20791 0.97815 0 0 0 1 3020.dat
1 14 546.88856 -576.74701 20 0.97815 0.20791 0 -0.20791 0.97815 0 0 0 1 3020.dat
1 14 546.88856 -576.74701 60 0.97815 0.20791 0 -0.20791 0.97815 0 0 0 1 3020.dat
1 14 625.14037 -593.37995 -60 0.97815 0.20791 0 -0.20791 0.97815 0 0 0 1 3020.dat
1 14 625.14037 -593.37995 -20 0.97815 0.20791 0 -0.20791 0.97815 0 0 0 1 3020.dat
1 14 625.14037 -593.37995 20 0.97815 0.20791 0 -0.20791 0.97815 0 0 0 1 3020.dat
1 14 625.14037 -593.37995 60 0.97815 0.20791 0 -0.20791 0.97815 0 0 0 1 3020.dat
1 14 703.39218 -610.01289 -60 0.97815 0.20791 0 -0.20791 0.97815 0 0 0 1 3020.dat
1 14 703.39218 -610.01289 -20 0.97815 0.20791 0 -0.20791 0.97815 0 0 0 1 3020.dat
1 14 703.39218 -610.01289 20 0.97815 0.20791 0 -0.20791 0.97815 0 0 0 1 3020.dat
1 14 703.39218 -610.01289 60 0.97815 0.20791 0 -0.20791 0.97815 0 0 0 1 3020.dat
1 14 781.64398 -626.64582 -60 0.97815 0.20791 0 -0.20791 0.97815 0 0 0 1 3020.dat
1 14 781.64398 -626.64582 -20 0.97815 0.20791 0 -0.20791 0.97815 0 0 0 1 3020.dat
1 14 781.64398 -626.64582 20 0.97815 0.20791 0 -0.20791 0.97815 0 0 0 1 3020.dat
1 14 781.64398 -626.64582 60 0.97815 0.20791 0 -0.20791 0.97815 0 0 0 1 3020.dat
1 14 859.89579 -643.27876 -60 0.97815 0.20791 0 -0.20791 0.97815 0 0 0 1 3020.dat
1 14 859.89579 -643.27876 -20 0.97815 0.20791 0 -0.20791 0.97815 0 0 0 1 3020.dat
1 14 859.89579 -643.27876 20 0.97815 0.20791 0 -0.20791 0.97815 0 0 0 1 3020.dat
1 14 859.89579 -643.27876 60 0.97815 0.20791 0 -0.20791 0.97815 0 0 0 1 3020.dat
1 14 938.1476 -659.91169 -60 0.97815 0.20791 0 -0.20791 0.97815 0 0 0 1 3020.dat
1 14 938.1476 -659.91169 -20 0.97815 0.20791 0 -0.20791 0.97815 0 0 0 1 3020.dat
1 14 938.1476 -659.91169 20 0.97815 0.20791 0 -0.20791 0.97815 0 0 0 1 3020.dat
1 14 938.1476 -659.91169 60 0.97815 0.20791 0 -0.20791 0.97815 0 0 0 1 3020.dat
0 STEP
1 14 -25.42693 -479.63378 -70 0.97815 0.20791 0 -0.20791 0.97815 0 0 0 1 3004.dat
1 14 13.69898 -487.95024 -70 0.97815 0.20791 0 -0.20791 0.97815 0 0 0 1 3004.dat
1 14 52.82488 -496.26671 -70 0.97815 0.20791 0 -0.20791 0.97815 0 0 0 1 3004.dat
1 14 91.95078 -504.58318 -70 0.97815 0.20791 0 -0.20791 0.97815 0 0 0 1 3004.dat
1 14 131.07669 -512.89965 -70 0.97815 0.20791 0 -0.20791 0.97815 0 0 0 1 3004.dat
1 14 170.20259 -521.21611 -70 0.97815 0.20791 0 -0.20791 0.97815 0 0 0 1 3004.dat
1 14 209.3285 -529.53258 -70 0.97815 0.20791 0 -0.20791 0.97815 0 0 0 1 3004.dat
1 14 248.4544 -537.84905 -70 0.97815 0.20791 0 -0.20791 0.97815 0 0 0 1 3004.dat
1 14 287.5803 -546.16552 -70 0.97815 0.20791 0 -0.20791 0.97815 0 0 0 1 3004.dat
1 14 326.70621 -554.48198 -70 0.97815 0.20791 0 -0.20791 0.97815 0 0 0 1 3004.dat
1 14 365.83211 -562.79845 -70 0.97815 0.20791 0 -0.20791 0.97815 0 0 0 1 3004.dat
1 14 404.95802 -571.11492 -70 0.97815 0.20791 0 -0.20791 0.97815 0 0 0 1 3004.dat
1 14 444.08392 -579.43139 -70 0.97815 0.20791 0 -0.20791 0.97815 0 0 0 1 3004.dat
1 14 483.20982 -587.74786 -70 0.97815 0.20791 0 -0.20791 0.97815 0 0 0 1 3004.dat
1 14 522.33573 -596.06432 -70 0.97815 0.20791 0 -0.20791 0.97815 0 0 0 1 3004.dat
1 14 561.46163 -604.38079 -70 0.97815 0.20791 0 -0.20791 0.97815 0 0 0 1 3004.dat
1 14 600.58754 -612.69726 -70 0.97815 0.20791 0 -0.20791 0.97815 0 0 0 1 3004.dat
1 14 639.71344 -621.01373 -70 0.97815 0.20791 0 -0.20791 0.97815 0 0 0 1 3004.dat
1 14 678.83934 -629.33019 -70 0.97815 0.20791 0 -0.20791 0.97815 0 0 0 1 3004.dat
1 14 717.96525 -637.64666 -70 0.97815 0.20791 0 -0.20791 0.97815 0 0 0 1 3004.dat
1 14 757.09115 -645.96313 -70 0.97815 0.20791 0 -0.20791 0.97815 0 0 0 1 3004.dat
1 14 796.21706 -654.2796 -70 0.97815 0.20791 0 -0.20791 0.97815 0 0 0 1 3004.dat
1 14 835.34296 -662.59606 -70 0.97815 0.20791 0 -0.20791 0.97815 0 0 0 1 3004.dat
1 14 874.46886 -670.91253 -70 0.97815 0.20791 0 -0.20791 0.97815 0 0 0 1 3004.dat
1 14 913.59477 -679.229 -70 0.97815 0.20791 0 -0.20791 0.97815 0 0 0 1 3004.dat
1 14 952.72067 -687.54547 -70 0.97815 0.20791 0 -0.20791 0.97815 0 0 0 1 3004.dat
1 14 -25.42693 -479.63378 70 0.97815 0.20791 0 -0.20791 0.97815 0 0 0 1 3004.dat
1 14 13.69898 -487.95024 70 0.97815 0.20791 0 -0.20791 0.97815 0 0 0 1 3004.dat
1 14 52.82488 -496.26671 70 0.97815 0.20791 0 -0.20791 0.97815 0 0 0 1 3004.dat
1 14 91.95078 -504.58318 70 0.97815 0.20791 0 -0.20791 0.97815 0 0 0 1 3004.dat
1 14 131.07669 -512.89965 70 0.97815 0.20791 0 -0.20791 0.97815 0 0 0 1 3004.dat
1 14 170.20259 -521.21611 70 0.97815 0.20791 0 -0.20791 0.97815 0 0 0 1 3004.dat
1 14 209.3285 -529.53258 70 0.97815 0.20791 0 -0.20791 0.97815 0 0 0 1 3004.dat
1 14 248.4544 -537.84905 70 0.97815 0.20791 0 -0.20791 0.97815 0 0 0 1 3004.dat
1 14 287.5803 -546.16552 70 0.97815 0.20791 0 -0.20791 0.97815 0 0 0 1 3004.dat
1 14 326.70621 -554.48198 70 0.97815 0.20791 0 -0.20791 0.97815 0 0 0 1 3004.dat
1 14 365.83211 -562.79845 70 0.97815 0.20791 0 -0.20791 0.97815 0 0 0 1 3004.dat
1 14 404.95802 -571.11492 70 0.97815 0.20791 0 -0.20791 0.97815 0 0 0 1 3004.dat
1 14 444.08392 -579.43139 70 0.97815 0.20791 0 -0.20791 0.97815 0 0 0 1 3004.dat
1 14 483.20982 -587.74786 70 0.97815 0.20791 0 -0.20791 0.97815 0 0 0 1 3004.dat
1 14 522.33573 -596.06432 70 0.97815 0.20791 0 -0.20791 0.97815 0 0 0 1 3004.dat
1 14 561.46163 -604.38079 70 0.97815 0.20791 0 -0.20791 0.97815 0 0 0 1 3004.dat
1 14 600.58754 -612.69726 70 0.97815 0.20791 0 -0.20791 0.97815 0 0 0 1 3004.dat
1 14 639.71344 -621.01373 70 0.97815 0.20791 0 -0.20791 0.97815 0 0 0 1 3004.dat
1 14 678.83934 -629.33019 70 0.97815 0.20791 0 -0.20791 0.97815 0 0 0 1 3004.dat
1 14 717.96525 -637.64666 70 0.97815 0.20791 0 -0.20791 0.97815 0 0 0 1 3004.dat
1 14 757.09115 -645.96313 70 0.97815 0.20791 0 -0.20791 0.97815 0 0 0 1 3004.dat
1 14 796.21706 -654.2796 70 0.97815 0.20791 0 -0.20791 0.97815 0 0 0 1 3004.dat
1 14 835.34296 -662.59606 70 0.97815 0.20791 0 -0.20791 0.97815 0 0 0 1 3004.dat
1 14 874.46886 -670.91253 70 0.97815 0.20791 0 -0.20791 0.97815 0 0 0 1 3004.dat
1 14 913.59477 -679.229 70 0.97815 0.20791 0 -0.20791 0.97815 0 0 0 1 3004.dat
1 14 952.72067 -687.54547 70 0.97815 0.20791 0 -0.20791 0.97815 0 0 0 1 3004.dat
1 14 -40.19829 -501.0302 -70 0.97815 0.20791 0 -0.20791 0.97815 0 0 0 1 3005.dat
1 14 -10.85386 -507.26755 -70 0.97815 0.20791 0 -0.20791 0.97815 0 0 0 1 3004.dat
1 14 28.27205 -515.58402 -70 0.97815 0.20791 0 -0.20791 0.97815 0 0 0 1 3004.dat
1 14 67.39795 -523.90049 -70 0.97815 0.20791 0 -0.20791 0.97815 0 0 0 1 3004.dat
1 14 106.52385 -532.21696 -70 0.97815 0.20791 0 -0.20791 0.97815 0 0 0 1 3004.dat
1 14 145.64976 -540.53342 -70 0.97815 0.20791 0 -0.20791 0.97815 0 0 0 1 3004.dat
1 14 184.77566 -548.84989 -70 0.97815 0.20791 0 -0.20791 0.97815 0 0 0 1 3004.dat
1 14 223.90157 -557.16636 -70 0.97815 0.20791 0 -0.20791 0.97815 0 0 0 1 3004.dat
1 14 263.02747 -565.48283 -70 0.97815 0.20791 0 -0.20791 0.97815 0 0 0 1 3004.dat
1 14 302.15338 -573.79929 -70 0.97815 0.20791 0 -0.20791 0.97815 0 0 0 1 3004.dat
1 14 341.27928 -582.11576 -70 0.97815 0.20791 0 -0.20791 0.97815 0 0 0 1 3004.dat
1 14 380.40518 -590.43223 -70 0.97815 0.20791 0 -0.20791 0.97815 0 0 0 1 3004.dat
1 14 419.53109 -598.7487 -70 0.97815 0.20791 0 -0.20791 0.97815 0 0 0 1 3004.dat
1 14 458.65699 -607.06516 -70 0.97815 0.20791 0 -0.20791 0.97815 0 0 0 1 3004.dat
1 14 497.7829 -615.38163 -70 0.97815 0.20791 0 -0.20791 0.97815 0 0 0 1 3004.dat
1 14 536.9088 -623.6981 -70 0.97815 0.20791 0 -0.20791 0.97815 0 0 0 1 3004.dat
1 14 576.0347 -632.01457 -70 0.97815 0.20791 0 -0.20791 0.97815 0 0 0 1 3004.dat
1 14 615.16061 -640.33103 -70 0.97815 0.20791 0 -0.20791 0.97815 0 0 0 1 3004.dat
1 14 654.28651 -648.6475 -70 0.97815 0.20791 0 -0.20791 0.97815 0 0 0 1 3004.dat
1 14 693.41242 -656.96397 -70 0.97815 0.20791 0 -0.20791 0.97815 0 0 0 1 3004.dat
1 14 732.53832 -665.28044 -70 0.97815 0.20791 0 -0.20791 0.97815 0 0 0 1 3004.dat
1 14 771.66422 -673.59691 -70 0.97815 0.20791 0 -0.20791 0.97815 0 0 0 1 3004.dat
1 14 810.79013 -681.91337 -70 0.97815 0.20791 0 -0.20791 0.97815 0 0 0 1 3004.dat
1 14 849.91603 -690.22984 -70 0.97815 0.20791 0 -0.20791 0.97815 0 0 0 1 3004.dat
1 14 889.04194 -698.54631 -70 0.97815 0.20791 0 -0.20791 0.97815 0 0 0 1 3004.dat
1 14 928.16784 -706.86278 -70 0.97815 0.20791 0 -0.20791 0.97815 0 0 0 1 3004.dat
1 14 957.51227 -713.10013 -70 0.97815 0.20791 0 -0.20791 0.97815 0 0 0 1 3005.dat
1 14 -40.19829 -501.0302 70 0.97815 0.20791 0 -0.20791 0.97815 0 0 0 1 3005.dat
1 14 -10.85386 -507.26755 70 0.97815 0.20791 0 -0.20791 0.97815 0 0 0 1 3004.dat
1 14 28.27205 -515.58402 70 0.97815 0.20791 0 -0.20791 0.97815 0 0 0 1 3004.dat
1 14 67.39795 -523.90049 70 0.97815 0.20791 0 -0.20791 0.97815 0 0 0 1 3004.dat
1 14 106.52385 -532.21696 70 0.97815 0.20791 0 -0.20791 0.97815 0 0 0 1 3004.dat
1 14 145.64976 -540.53342 70 0.97815 0.20791 0 -0.20791 0.97815 0 0 0 1 3004.dat
1 14 184.77566 -548.84989 70 0.97815 0.20791 0 -0.20791 0.97815 0 0 0 1 3004.dat
1 14 223.90157 -557.16636 70 0.97815 0.20791 0 -0.20791 0.97815 0 0 0 1 3004.dat
1 14 263.02747 -565.48283 70 0.97815 0.20791 0 -0.20791 0.97815 0 0 0 1 3004.dat
1 14 302.15338 -573.79929 70 0.97815 0.20791 0 -0.20791 0.97815 0 0 0 1 3004.dat
1 14 341.27928 -582.11576 70 0.97815 0.20791 0 -0.20791 0.97815 0 0 0 1 3004.dat
1 14 380.40518 -590.43223 70 0.97815 0.20791 0 -0.20791 0.97815 0 0 0 1 3004.dat
1 14 419.53109 -598.7487 70 0.97815 0.20791 0 -0.20791 0.97815 0 0 0 1 3004.dat
1 14 458.65699 -607.06516 70 0.97815 0.20791 0 -0.20791 0.97815 0 0 0 1 3004.dat
1 14 497.7829 -615.38163 70 0.97815 0.20791 0 -0.20791 0.97815 0 0 0 1 3004.dat
1 14 536.9088 -623.6981 70 0.97815 0.20791 0 -0.20791 0.97815 0 0 0 1 3004.dat
1 14 576.0347 -632.01457 70 0.97815 0.20791 0 -0.20791 0.97815 0 0 0 1 3004.dat
1 14 615.16061 -640.33103 70 0.97815 0.20791 0 -0.20791 0.97815 0 0 0 1 3004.dat
1 14 654.28651 -648.6475 70 0.97815 0.20791 0 -0.20791 0.97815 0 0 0 1 3004.dat
1 14 693.41242 -656.96397 70 0.97815 0.20791 0 -0.20791 0.97815 0 0 0 1 3004.dat
1 14 732.53832 -665.28044 70 0.97815 0.20791 0 -0.20791 0.97815 0 0 0 1 3004.dat
1 14 771.66422 -673.59691 70 0.97815 0.20791 0 -0.20791 0.97815 0 0 0 1 3004.dat
1 14 810.79013 -681.91337 70 0.97815 0.20791 0 -0.20791 0.97815 0 0 0 1 3004.dat
1 14 849.91603 -690.22984 70 0.97815 0.20791 0 -0.20791 0.97815 0 0 0 1 3004.dat
1 14 889.04194 -698.54631 70 0.97815 0.20791 0 -0.20791 0.97815 0 0 0 1 3004.dat
1 14 928.16784 -706.86278 70 0.97815 0.20791 0 -0.20791 0.97815 0 0 0 1 3004.dat
1 14 957.51227 -713.10013 70 0.97815 0.20791 0 -0.20791 0.97815 0 0 0 1 3005.dat
0 STEP
1 14 -35.40669 -526.58486 -70 0.97815 0.20791 0 -0.20791 0.97815 0 0 0 1 3004.dat
1 14 3.71921 -534.90133 -70 0.97815 0.20791 0 -0.20791 0.97815 0 0 0 1 3004.dat
1 14 42.84512 -543.2178 -70 0.97815 0.20791 0 -0.20791 0.97815 0 0 0 1 3004.dat
1 14 81.97102 -551.53426 -70 0.97815 0.20791 0 -0.20791 0.97815 0 0 0 1 3004.dat
1 14 121.09693 -559.85073 -70 0.97815 0.20791 0 -0.20791 0.97815 0 0 0 1 3004.dat
1 14 160.22283 -568.1672 -70 0.97815 0.20791 0 -0.20791 0.97815 0 0 0 1 3004.dat
1 14 199.34873 -576.48367 -70 0.97815 0.20791 0 -0.20791 0.97815 0 0 0 1 3004.dat
1 14 238.47464 -584.80013 -70 0.97815 0.20791 0 -0.20791 0.97815 0 0 0 1 3004.dat
1 14 277.60054 -593.1166 -70 0.97815 0.20791 0 -0.20791 0.97815 0 0 0 1 3004.dat
1 14 316.72645 -601.43307 -70 0.97815 0.20791 0 -0.20791 0.97815 0 0 0 1 3004.dat
1 14 355.85235 -609.74954 -70 0.97815 0.20791 0 -0.20791 0.97815 0 0 0 1 3004.dat
1 14 394.97825 -618.06601 -70 0.97815 0.20791 0 -0.20791 0.97815 0 0 0 1 3004.dat
1 14 434.10416 -626.38247 -70 0.97815 0.20791 0 -0.20791 0.97815 0 0 0 1 3004.dat
1 14 473.23006 -634.69894 -70 0.97815 0.20791 0 -0.20791 0.97815 0 0 0 1 3004.dat
1 14 512.35597 -643.01541 -70 0.97815 0.20791 0 -0.20791 0.97815 0 0 0 1 3004.dat
1 14 551.48187 -651.33188 -70 0.97815 0.20791 0 -0.20791 0.97815 0 0 0 1 3004.dat
1 14 590.60777 -659.64834 -70 0.97815 0.20791 0 -0.20791 0.97815 0 0 0 1 3004.dat
1 14 629.73368 -667.96481 -70 0.97815 0.20791 0 -0.20791 0.97815 0 0 0 1 3004.dat
1 14 668.85958 -676.28128 -70 0.97815 0.20791 0 -0.20791 0.97815 0 0 0 1 3004.dat
1 14 707.98549 -684.59775 -70 0.97815 0.20791 0 -0.20791 0.97815 0 0 0 1 3004.dat
1 14 747.11139 -692.91421 -70 0.97815 0.20791 0 -0.20791 0.97815 0 0 0 1 3004.dat
1 14 786.23729 -701.23068 -70 0.97815 0.20791 0 -0.20791 0.97815 0 0 0 1 3004.dat
1 14 825.3632 -709.54715 -70 0.97815 0.20791 0 -0.20791 0.97815 0 0 0 1 3004.dat
1 14 864.4891 -717.86362 -70 0.97815 0.20791 0 -0.20791 0.97815 0 0 0 1 3004.dat
1 14 903.61501 -726.18008 -70 0.97815 0.20791 0 -0.20791 0.97815 0 0 0 1 3004.dat
1 14 942.74091 -734.49655 -70 0.97815 0.20791 0 -0.20791 0.97815 0 0 0 1 3004.dat
1 14 -35.40669 -526.58486 70 0.97815 0.20791 0 -0.20791 0.97815 0 0 0 1 3004.dat
1 14 3.71921 -534.90133 70 0.97815 0.20791 0 -0.20791 0.97815 0 0 0 1 3004.dat
1 14 42.84512 -543.2178 70 0.97815 0.20791 0 -0.20791 0.97815 0 0 0 1 3004.dat
1 14 81.97102 -551.53426 70 0.97815 0.20791 0 -0.20791 0.97815 0 0 0 1 3004.dat
1 14 121.09693 -559.85073 70 0.97815 0.20791 0 -0.20791 0.97815 0 0 0 1 3004.dat
1 14 160.22283 -568.1672 70 0.97815 0.20791 0 -0.20791 0.97815 0 0 0 1 3004.dat
1 14 199.34873 -576.48367 70 0.97815 0.20791 0 -0.20791 0.97815 0 0 0 1 3004.dat
1 14 238.47464 -584.80013 70 0.97815 0.20791 0 -0.20791 0.97815 0 0 0 1 3004.dat
1 14 277.60054 -593.1166 70 0.97815 0.20791 0 -0.20791 0.97815 0 0 0 1 3004.dat
1 14 316.72645 -601.43307 70 0.97815 0.20791 0 -0.20791 0.97815 0 0 0 1 3004.dat
1 14 355.85235 -609.74954 70 0.97815 0.20791 0 -0.20791 0.97815 0 0 0 1 3004.dat
1 14 394.97825 -618.06601 70 0.97815 0.20791 0 -0.20791 0.97815 0 0 0 1 3004.dat
1 14 434.10416 -626.38247 70 0.97815 0.20791 0 -0.20791 0.97815 0 0 0 1 3004.dat
1 14 473.23006 -634.69894 70 0.97815 0.20791 0 -0.20791 0.97815 0 0 0 1 3004.dat
1 14 512.35597 -643.01541 70 0.97815 0.20791 0 -0.20791 0.97815 0 0 0 1 3004.dat
1 14 551.48187 -651.33188 70 0.97815 0.20791 0 -0.20791 0.97815 0 0 0 1 3004.dat
1 14 590.60777 -659.64834 70 0.97815 0.20791 0 -0.20791 0.97815 0 0 0 1 3004.dat
1 14 629.73368 -667.96481 70 0.97815 0.20791 0 -0.20791 0.97815 0 0 0 1 3004.dat
1 14 668.85958 -676.28128 70 0.97815 0.20791 0 -0.20791 0.97815 0 0 0 1 3004.dat
1 14 707.98549 -684.59775 70 0.97815 0.20791 0 -0.20791 0.97815 0 0 0 1 3004.dat
1 14 747.11139 -692.91421 70 0.97815 0.20791 0 -0.20791 0.97815 0 0 0 1 3004.dat
1 14 786.23729 -701.23068 70 0.97815 0.20791 0 -0.20791 0.97815 0 0 0 1 3004.dat
1 14 825.3632 -709.54715 70 0.97815 0.20791 0 -0.20791 0.97815 0 0 0 1 3004.dat
1 14 864.4891 -717.86362 70 0.97815 0.20791 0 -0.20791 0.97815 0 0 0 1 3004.dat
1 14 903.61501 -726.18008 70 0.97815 0.20791 0 -0.20791 0.97815 0 0 0 1 3004.dat
1 14 942.74091 -734.49655 70 0.97815 0.20791 0 -0.20791 0.97815 0 0 0 1 3004.dat
1 14 -50.17805 -547.98129 -70 0.97815 0.20791 0 -0.20791 0.97815 0 0 0 1 3005.dat
1 14 -20.83362 -554.21864 -70 0.97815 0.20791 0 -0.20791 0.97815 0 0 0 1 3004.dat
1 14 18.29229 -562.5351 -70 0.97815 0.20791 0 -0.20791 0.97815 0 0 0 1 3004.dat
1 14 57.41819 -570.85157 -70 0.97815 0.20791 0 -0.20791 0.97815 0 0 0 1 3004.dat
1 14 96.54409 -579.16804 -70 0.97815 0.20791 0 -0.20791 0.97815 0 0 0 1 3004.dat
1 14 135.67 -587.48451 -70 0.97815 0.20791 0 -0.20791 0.97815 0 0 0 1 3004.dat
1 14 174.7959 -595.80098 -70 0.97815 0.20791 0 -0.20791 0.97815 0 0 0 1 3004.dat
1 14 213.92181 -604.11744 -70 0.97815 0.20791 0 -0.20791 0.97815 0 0 0 1 3004.dat
1 14 253.04771 -612.43391 -70 0.97815 0.20791 0 -0.20791 0.97815 0 0 0 1 3004.dat
1 14 292.17361 -620.75038 -70 0.97815 0.20791 0 -0.20791 0.97815 0 0 0 1 3004.dat
1 14 331.29952 -629.06685 -70 0.97815 0.20791 0 -0.20791 0.97815 0 0 0 1 3004.dat
1 14 370.42542 -637.38331 -70 0.97815 0.20791 0 -0.20791 0.97815 0 0 0 1 3004.dat
1 14 409.55133 -645.69978 -70 0.97815 0.20791 0 -0.20791 0.97815 0 0 0 1 3004.dat
1 14 448.67723 -654.01625 -70 0.97815 0.20791 0 -0.20791 0.97815 0 0 0 1 3004.dat
1 14 487.80313 -662.33272 -70 0.97815 0.20791 0 -0.20791 0.97815 0 0 0 1 3004.dat
1 14 526.92904 -670.64918 -70 0.97815 0.20791 0 -0.20791 0.97815 0 0 0 1 3004.dat
1 14 566.05494 -678.96565 -70 0.97815 0.20791 0 -0.20791 0.97815 0 0 0 1 3004.dat
1 14 605.18085 -687.28212 -70 0.97815 0.20791 0 -0.20791 0.97815 0 0 0 1 3004.dat
1 14 644.30675 -695.59859 -70 0.97815 0.20791 0 -0.20791 0.97815 0 0 0 1 3004.dat
1 14 683.43265 -703.91505 -70 0.97815 0.20791 0 -0.20791 0.97815 0 0 0 1 3004.dat
1 14 722.55856 -712.23152 -70 0.97815 0.20791 0 -0.20791 0.97815 0 0 0 1 3004.dat
1 14 761.68446 -720.54799 -70 0.97815 0.20791 0 -0.20791 0.97815 0 0 0 1 3004.dat
1 14 800.81037 -728.86446 -70 0.97815 0.20791 0 -0.20791 0.97815 0 0 0 1 3004.dat
1 14 839.93627 -737.18093 -70 0.97815 0.20791 0 -0.20791 0.97815 0 0 0 1 3004.dat
1 14 879.06217 -745.49739 -70 0.97815 0.20791 0 -0.20791 0.97815 0 0 0 1 3004.dat
1 14 918.18808 -753.81386 -70 0.97815 0.20791 0 -0.20791 0.97815 0 0 0 1 3004.dat
1 14 947.53251 -760.05121 -70 0.97815 0.20791 0 -0.20791 0.97815 0 0 0 1 3005.dat
1 14 -50.17805 -547.98129 70 0.97815 0.20791 0 -0.20791 0.97815 0 0 0 1 3005.dat
1 14 -20.83362 -554.21864 70 0.97815 0.20791 0 -0.20791 0.97815 0 0 0 1 3004.dat
1 14 18.29229 -562.5351 70 0.97815 0.20791 0 -0.20791 0.97815 0 0 0 1 3004.dat
1 14 57.41819 -570.85157 70 0.97815 0.20791 0 -0.20791 0.97815 0 0 0 1 3004.dat
1 14 96.54409 -579.16804 70 0.97815 0.20791 0 -0.20791 0.97815 0 0 0 1 3004.dat
1 14 135.67 -587.48451 70 0.97815 0.20791 0 -0.20791 0.97815 0 0 0 1 3004.dat
1 14 174.7959 -595.80098 70 0.97815 0.20791 0 -0.20791 0.97815 0 0 0 1 3004.dat
1 14 213.92181 -604.11744 70 0.97815 0.20791 0 -0.20791 0.97815 0 0 0 1 3004.dat
1 14 253.04771 -612.43391 70 0.97815 0.20791 0 -0.20791 0.97815 0 0 0 1 3004.dat
1 14 292.17361 -620.75038 70 0.97815 0.20791 0 -0.20791 0.97815 0 0 0 1 3004.dat
1 14 331.29952 -629.06685 70 0.97815 0.20791 0 -0.20791 0.97815 0 0 0 1 3004.dat
1 14 370.42542 -637.38331 70 0.97815 0.20791 0 -0.20791 0.97815 0 0 0 1 3004.dat
1 14 409.55133 -645.69978 70 0.97815 0.20791 0 -0.20791 0.97815 0 0 0 1 3004.dat
1 14 448.67723 -654.01625 70 0.97815 0.20791 0 -0.20791 0.97815 0 0 0 1 3004.dat
1 14 487.80313 -662.33272 70 0.97815 0.20791 0 -0.20791 0.97815 0 0 0 1 3004.dat
1 14 526.92904 -670.64918 70 0.97815 0.20791 0 -0.20791 0.97815 0 0 0 1 3004.dat
1 14 566.05494 -678.96565 70 0.97815 0.20791 0 -0.20791 0.97815 0 0 0 1 3004.dat
1 14 605.18085 -687.28212 70 0.97815 0.20791 0 -0.20791 0.97815 0 0 0 1 3004.dat
1 14 644.30675 -695.59859 70 0.97815 0.20791 0 -0.20791 0.97815 0 0 0 1 3004.dat
1 14 683.43265 -703.91505 70 0.97815 0.20791 0 -0.20791 0.97815 0 0 0 1 3004.dat
1 14 722.55856 -712.23152 70 0.97815 0.20791 0 -0.20791 0.97815 0 0 0 1 3004.dat
1 14 761.68446 -720.54799 70 0.97815 0.20791 0 -0.20791 0.97815 0 0 0 1 3004.dat
1 14 800.81037 -728.86446 70 0.97815 0.20791 0 -0.20791 0.97815 0 0 0 1 3004.dat
1 14 839.93627 -737.18093 70 0.97815 0.20791 0 -0.20791 0.97815 0 0 0 1 3004.dat
1 14 879.06217 -745.49739 70 0.97815 0.20791 0 -0.20791 0.97815 0 0 0 1 3004.dat
1 14 918.18808 -753.81386 70 0.97815 0.20791 0 -0.20791 0.97815 0 0 0 1 3004.dat
1 14 947.53251 -760.05121 70 0.97815 0.20791 0 -0.20791 0.97815 0 0 0 1 3005.dat
0 STEP
1 14 -45.38645 -573.53595 -70 0.97815 0.20791 0 -0.20791 0.97815 0 0 0 1 3004.dat
1 14 -6.26055 -581.85241 -70 0.97815 0.20791 0 -0.20791 0.97815 0 0 0 1 3004.dat
1 14 32.86536 -590.16888 -70 0.97815 0.20791 0 -0.20791 0.97815 0 0 0 1 3004.dat
1 14 71.99126 -598.48535 -70 0.97815 0.20791 0 -0.20791 0.97815 0 0 0 1 3004.dat
1 14 111.11717 -606.80182 -70 0.97815 0.20791 0 -0.20791 0.97815 0 0 0 1 3004.dat
1 14 150.24307 -615.11828 -70 0.97815 0.20791 0 -0.20791 0.97815 0 0 0 1 3004.dat
1 14 189.36897 -623.43475 -70 0.97815 0.20791 0 -0.20791 0.97815 0 0 0 1 3004.dat
1 14 228.49488 -631.75122 -70 0.97815 0.20791 0 -0.20791 0.97815 0 0 0 1 3004.dat
1 14 267.62078 -640.06769 -70 0.97815 0.20791 0 -0.20791 0.97815 0 0 0 1 3004.dat
1 14 306.74669 -648.38415 -70 0.97815 0.20791 0 -0.20791 0.97815 0 0 0 1 3004.dat
1 14 345.87259 -656.70062 -70 0.97815 0.20791 0 -0.20791 0.97815 0 0 0 1 3004.dat
1 14 384.99849 -665.01709 -70 0.97815 0.20791 0 -0.20791 0.97815 0 0 0 1 3004.dat
1 14 424.1244 -673.33356 -70 0.97815 0.20791 0 -0.20791 0.97815 0 0 0 1 3004.dat
1 14 463.2503 -681.65003 -70 0.97815 0.20791 0 -0.20791 0.97815 0 0 0 1 3004.dat
1 14 502.37621 -689.96649 -70 0.97815 0.20791 0 -0.20791 0.97815 0 0 0 1 3004.dat
1 14 541.50211 -698.28296 -70 0.97815 0.20791 0 -0.20791 0.97815 0 0 0 1 3004.dat
1 14 580.62801 -706.59943 -70 0.97815 0.20791 0 -0.20791 0.97815 0 0 0 1 3004.dat
1 14 619.75392 -714.9159 -70 0.97815 0.20791 0 -0.20791 0.97815 0 0 0 1 3004.dat
1 14 658.87982 -723.23236 -70 0.97815 0.20791 0 -0.20791 0.97815 0 0 0 1 3004.dat
1 14 698.00573 -731.54883 -70 0.97815 0.20791 0 -0.20791 0.97815 0 0 0 1 3004.dat
1 14 737.13163 -739.8653 -70 0.97815 0.20791 0 -0.20791 0.97815 0 0 0 1 3004.dat
1 14 776.25753 -748.18177 -70 0.97815 0.20791 0 -0.20791 0.97815 0 0 0 1 3004.dat
1 14 815.38344 -756.49823 -70 0.97815 0.20791 0 -0.20791 0.97815 0 0 0 1 3004.dat
1 14 854.50934 -764.8147 -70 0.97815 0.20791 0 -0.20791 0.97815 0 0 0 1 3004.dat
1 14 893.63525 -773.13117 -70 0.97815 0.20791 0 -0.20791 0.97815 0 0 0 1 3004.dat
1 14 932.76115 -781.44764 -70 0.97815 0.20791 0 -0.20791 0.97815 0 0 0 1 3004.dat
1 14 -45.38645 -573.53595 70 0.97815 0.20791 0 -0.20791 0.97815 0 0 0 1 3004.dat
1 14 -6.26055 -581.85241 70 0.97815 0.20791 0 -0.20791 0.97815 0 0 0 1 3004.dat
1 14 32.86536 -590.16888 70 0.97815 0.20791 0 -0.20791 0.97815 0 0 0 1 3004.dat
1 14 71.99126 -598.48535 70 0.97815 0.20791 0 -0.20791 0.97815 0 0 0 1 3004.dat
1 14 111.11717 -606.80182 70 0.97815 0.20791 0 -0.20791 0.97815 0 0 0 1 3004.dat
1 14 150.24307 -615.11828 70 0.97815 0.20791 0 -0.20791 0.97815 0 0 0 1 3004.dat
1 14 189.36897 -623.43475 70 0.97815 0.20791 0 -0.20791 0.97815 0 0 0 1 3004.dat
1 14 228.49488 -631.75122 70 0.97815 0.20791 0 -0.20791 0.97815 0 0 0 1 3004.dat
1 14 267.62078 -640.06769 70 0.97815 0.20791 0 -0.20791 0.97815 0 0 0 1 3004.dat
1 14 306.74669 -648.38415 70 0.97815 0.20791 0 -0.20791 0.97815 0 0 0 1 3004.dat
1 14 345.87259 -656.70062 70 0.97815 0.20791 0 -0.20791 0.97815 0 0 0 1 3004.dat
1 14 384.99849 -665.01709 70 0.97815 0.20791 0 -0.20791 0.97815 0 0 0 1 3004.dat
1 14 424.1244 -673.33356 70 0.97815 0.20791 0 -0.20791 0.97815 0 0 0 1 3004.dat
1 14 463.2503 -681.65003 70 0.97815 0.20791 0 -0.20791 0.97815 0 0 0 1 3004.dat
1 14 502.37621 -689.96649 70 0.97815 0.20791 0 -0.20791 0.97815 0 0 0 1 3004.dat
1 14 541.50211 -698.28296 70 0.97815 0.20791 0 -0.20791 0.97815 0 0 0 1 3004.dat
1 14 580.62801 -706.59943 70 0.97815 0.20791 0 -0.20791 0.97815 0 0 0 1 3004.dat
1 14 619.75392 -714.9159 70 0.97815 0.20791 0 -0.20791 0.97815 0 0 0 1 3004.dat
1 14 658.87982 -723.23236 70 0.97815 0.20791 0 -0.20791 0.97815 0 0 0 1 3004.dat
1 14 698.00573 -731.54883 70 0.97815 0.20791 0 -0.20791 0.97815 0 0 0 1 3004.dat
1 14 737.13163 -739.8653 70 0.97815 0.20791 0 -0.20791 0.97815 0 0 0 1 3004.dat
1 14 776.25753 -748.18177 70 0.97815 0.20791 0 -0.20791 0.97815 0 0 0 1 3004.dat
1 14 815.38344 -756.49823 70 0.97815 0.20791 0 -0.20791 0.97815 0 0 0 1 3004.dat
1 14 854.50934 -764.8147 70 0.97815 0.20791 0 -0.20791 0.97815 0 0 0 1 3004.dat
1 14 893.63525 -773.13117 70 0.97815 0.20791 0 -0.20791 0.97815 0 0 0 1 3004.dat
1 14 932.76115 -781.44764 70 0.97815 0.20791 0 -0.20791 0.97815 0 0 0 1 3004.dat
0 STEP
1 14 -27.48679 -585.51936 -60 0.97815 0.20791 0 -0.20791 0.97815 0 0 0 1 3020.dat
1 14 -27.48679 -585.51936 -20 0.97815 0.20791 0 -0.20791 0.97815 0 0 0 1 3020.dat
1 14 -27.48679 -585.51936 20 0.97815 0.20791 0 -0.20791 0.97815 0 0 0 1 3020.dat
1 14 -27.48679 -585.51936 60 0.97815 0.20791 0 -0.20791 0.97815 0 0 0 1 3020.dat
1 14 50.76502 -602.1523 -60 0.97815 0.20791 0 -0.20791 0.97815 0 0 0 1 3020.dat
1 14 50.76502 -602.1523 -20 0.97815 0.20791 0 -0.20791 0.97815 0 0 0 1 3020.dat
1 14 50.76502 -602.1523 20 0.97815 0.20791 0 -0.20791 0.97815 0 0 0 1 3020.dat
1 14 50.76502 -602.1523 60 0.97815 0.20791 0 -0.20791 0.97815 0 0 0 1 3020.dat
1 14 129.01682 -618.78523 -60 0.97815 0.20791 0 -0.20791 0.97815 0 0 0 1 3020.dat
1 14 129.01682 -618.78523 -20 0.97815 0.20791 0 -0.20791 0.97815 0 0 0 1 3020.dat
1 14 129.01682 -618.78523 20 0.97815 0.20791 0 -0.20791 0.97815 0 0 0 1 3020.dat
1 14 129.01682 -618.78523 60 0.97815 0.20791 0 -0.20791 0.97815 0 0 0 1 3020.dat
1 14 207.26863 -635.41817 -60 0.97815 0.20791 0 -0.20791 0.97815 0 0 0 1 3020.dat
1 14 207.26863 -635.41817 -20 0.97815 0.20791 0 -0.20791 0.97815 0 0 0 1 3020.dat
1 14 207.26863 -635.41817 20 0.97815 0.20791 0 -0.20791 0.97815 0 0 0 1 3020.dat
1 14 207.26863 -635.41817 60 0.97815 0.20791 0 -0.20791 0.97815 0 0 0 1 3020.dat
1 14 285.52044 -652.0511 -60 0.97815 0.20791 0 -0.20791 0.97815 0 0 0 1 3020.dat
1 14 285.52044 -652.0511 -20 0.97815 0.20791 0 -0.20791 0.97815 0 0 0 1 3020.dat
1 14 285.52044 -652.0511 20 0.97815 0.20791 0 -0.20791 0.97815 0 0 0 1 3020.dat
1 14 285.52044 -652.0511 60 0.97815 0.20791 0 -0.20791 0.97815 0 0 0 1 3020.dat
1 14 363.77225 -668.68404 -60 0.97815 0.20791 0 -0.20791 0.97815 0 0 0 1 3020.dat
1 14 363.77225 -668.68404 -20 0.97815 0.20791 0 -0.20791 0.97815 0 0 0 1 3020.dat
1 14 363.77225 -668.68404 20 0.97815 0.20791 0 -0.20791 0.97815 0 0 0 1 3020.dat
1 14 363.77225 -668.68404 60 0.97815 0.20791 0 -0.20791 0.97815 0 0 0 1 3020.dat
1 14 442.02406 -685.31697 -60 0.97815 0.20791 0 -0.20791 0.97815 0 0 0 1 3020.dat
1 14 442.02406 -685.31697 -20 0.97815 0.20791 0 -0.20791 0.97815 0 0 0 1 3020.dat
1 14 442.02406 -685.31697 20 0.97815 0.20791 0 -0.20791 0.97815 0 0 0 1 3020.dat
1 14 442.02406 -685.31697 60 0.97815 0.20791 0 -0.20791 0.97815 0 0 0 1 3020.dat
1 14 520.27586 -701.94991 -60 0.97815 0.20791 0 -0.20791 0.97815 0 0 0 1 3020.dat
1 14 520.27586 -701.94991 -20 0.97815 0.20791 0 -0.20791 0.97815 0 0 0 1 3020.dat
1 14 520.27586 -701.94991 20 0.97815 0.20791 0 -0.20791 0.97815 0 0 0 1 3020.dat
1 14 520.27586 -701.94991 60 0.97815 0.20791 0 -0.20791 0.97815 0 0 0 1 3020.dat
1 14 598.52767 -718.58284 -60 0.97815 0.20791 0 -0.20791 0.97815 0 0 0 1 3020.dat
1 14 598.52767 -718.58284 -20 0.97815 0.20791 0 -0.20791 0.97815 0 0 0 1 3020.dat
1 14 598.52767 -718.58284 20 0.97815 0.20791 0 -0.20791 0.97815 0 0 0 1 3020.dat
1 14 598.52767 -718.58284 60 0.97815 0.20791 0 -0.20791 0.97815 0 0 0 1 3020.dat
1 14 676.77948 -735.21578 -60 0.97815 0.20791 0 -0.20791 0.97815 0 0 0 1 3020.dat
1 14 676.77948 -735.21578 -20 0.97815 0.20791 0 -0.20791 0.97815 0 0 0 1 3020.dat
1 14 676.77948 -735.21578 20 0.97815 0.20791 0 -0.20791 0.97815 0 0 0 1 3020.dat
1 14 676.77948 -735.21578 60 0.97815 0.20791 0 -0.20791 0.97815 0 0 0 1 3020.dat
1 14 755.03129 -751.84871 -60 0.97815 0.20791 0 -0.20791 0.97815 0 0 0 1 3020.dat
1 14 755.03129 -751.84871 -20 0.97815 0.20791 0 -0.20791 0.97815 0 0 0 1 3020.dat
1 14 755.03129 -751.84871 20 0.97815 0.20791 0 -0.20791 0.97815 0 0 0 1 3020.dat
1 14 755.03129 -751.84871 60 0.97815 0.20791 0 -0.20791 0.97815 0 0 0 1 3020.dat
1 14 833.2831 -768.48165 -60 0.97815 0.20791 0 -0.20791 0.97815 0 0 0 1 3020.dat
1 14 833.2831 -768.48165 -20 0.97815 0.20791 0 -0.20791 0.97815 0 0 0 1 3020.dat
1 14 833.2831 -768.48165 20 0.97815 0.20791 0 -0.20791 0.97815 0 0 0 1 3020.dat
1 14 833.2831 -768.48165 60 0.97815 0.20791 0 -0.20791 0.97815 0 0 0 1 3020.dat
1 14 911.5349 -785.11458 -60 0.97815 0.20791 0 -0.20791 0.97815 0 0 0 1 3020.dat
1 14 911.5349 -785.11458 -20 0.97815 0.20791 0 -0.20791 0.97815 0 0 0 1 3020.dat
1 14 911.5349 -785.11458 20 0.97815 0.20791 0 -0.20791 0.97815 0 0 0 1 3020.dat
1 14 911.5349 -785.11458 60 0.97815 0.20791 0 -0.20791 0.97815 0 0 0 1 3020.dat
0 STEP
1 14 -48.71304 -589.18631 -70 0.97815 0.20791 0 -0.20791 0.97815 0 0 0 1 3069b.dat
1 14 -48.71304 -589.18631 -50 0.97815 0.20791 0 -0.20791 0.97815 0 0 0 1 3069b.dat
1 14 -48.71304 -589.18631 -30 0.97815 0.20791 0 -0.20791 0.97815 0 0 0 1 3069b.dat
1 14 -48.71304 -589.18631 -10 0.97815 0.20791 0 -0.20791 0.97815 0 0 0 1 3069b.dat
1 14 -48.71304 -589.18631 10 0.97815 0.20791 0 -0.20791 0.97815 0 0 0 1 3069b.dat
1 14 -48.71304 -589.18631 30 0.97815 0.20791 0 -0.20791 0.97815 0 0 0 1 3069b.dat
1 14 -48.71304 -589.18631 50 0.97815 0.20791 0 -0.20791 0.97815 0 0 0 1 3069b.dat
1 14 -48.71304 -589.18631 70 0.97815 0.20791 0 -0.20791 0.97815 0 0 0 1 3069b.dat
1 14 -9.58713 -597.50278 -70 0.97815 0.20791 0 -0.20791 0.97815 0 0 0 1 3069b.dat
1 14 -9.58713 -597.50278 -50 0.97815 0.20791 0 -0.20791 0.97815 0 0 0 1 3069b.dat
1 14 -9.58713 -597.50278 -30 0.97815 0.20791 0 -0.20791 0.97815 0 0 0 1 3069b.dat
1 14 -9.58713 -597.50278 -10 0.97815 0.20791 0 -0.20791 0.97815 0 0 0 1 3069b.dat
1 14 -9.58713 -597.50278 10 0.97815 0.20791 0 -0.20791 0.97815 0 0 0 1 3069b.dat
1 14 -9.58713 -597.50278 30 0.97815 0.20791 0 -0.20791 0.97815 0 0 0 1 3069b.dat
1 14 -9.58713 -597.50278 50 0.97815 0.20791 0 -0.20791 0.97815 0 0 0 1 3069b.dat
1 14 -9.58713 -597.50278 70 0.97815 0.20791 0 -0.20791 0.97815 0 0 0 1 3069b.dat
1 14 29.53877 -605.81924 -70 0.97815 0.20791 0 -0.20791 0.97815 0 0 0 1 3069b.dat
1 14 29.53877 -605.81924 -50 0.97815 0.20791 0 -0.20791 0.97815 0 0 0 1 3069b.dat
1 14 29.53877 -605.81924 -30 0.97815 0.20791 0 -0.20791 0.97815 0 0 0 1 3069b.dat
1 14 29.53877 -605.81924 -10 0.97815 0.20791 0 -0.20791 0.97815 0 0 0 1 3069b.dat
1 14 29.53877 -605.81924 10 0.97815 0.20791 0 -0.20791 0.97815 0 0 0 1 3069b.dat
1 14 29.53877 -605.81924 30 0.97815 0.20791 0 -0.20791 0.97815 0 0 0 1 3069b.dat
1 14 29.53877 -605.81924 50 0.97815 0.20791 0 -0.20791 0.97815 0 0 0 1 3069b.dat
1 14 29.53877 -605.81924 70 0.97815 0.20791 0 -0.20791 0.97815 0 0 0 1 3069b.dat
1 14 68.66467 -614.13571 -70 0.97815 0.20791 0 -0.20791 0.97815 0 0 0 1 3069b.dat
1 14 68.66467 -614.13571 -50 0.97815 0.20791 0 -0.20791 0.97815 0 0 0 1 3069b.dat
1 14 68.66467 -614.13571 -30 0.97815 0.20791 0 -0.20791 0.97815 0 0 0 1 3069b.dat
1 14 68.66467 -614.13571 -10 0.97815 0.20791 0 -0.20791 0.97815 0 0 0 1 3069b.dat
1 14 68.66467 -614.13571 10 0.97815 0.20791 0 -0.20791 0.97815 0 0 0 1 3069b.dat
1 14 68.66467 -614.13571 30 0.97815 0.20791 0 -0.20791 0.97815 0 0 0 1 3069b.dat
1 14 68.66467 -614.13571 50 0.97815 0.20791 0 -0.20791 0.97815 0 0 0 1 3069b.dat
1 14 68.66467 -614.13571 70 0.97815 0.20791 0 -0.20791 0.97815 0 0 0 1 3069b.dat
1 14 107.79058 -622.45218 -70 0.97815 0.20791 0 -0.20791 0.97815 0 0 0 1 3069b.dat
1 14 107.79058 -622.45218 -50 0.97815 0.20791 0 -0.20791 0.97815 0 0 0 1 3069b.dat
1 14 107.79058 -622.45218 -30 0.97815 0.20791 0 -0.20791 0.97815 0 0 0 1 3069b.dat
1 14 107.79058 -622.45218 -10 0.97815 0.20791 0 -0.20791 0.97815 0 0 0 1 3069b.dat
1 14 107.79058 -622.45218 10 0.97815 0.20791 0 -0.20791 0.97815 0 0 0 1 3069b.dat
1 14 107.79058 -622.45218 30 0.97815 0.20791 0 -0.20791 0.97815 0 0 0 1 3069b.dat
1 14 107.79058 -622.45218 50 0.97815 0.20791 0 -0.20791 0.97815 0 0 0 1 3069b.dat
1 14 107.79058 -622.45218 70 0.97815 0.20791 0 -0.20791 0.97815 0 0 0 1 3069b.dat
1 14 146.91648 -630.76865 -70 0.97815 0.20791 0 -0.20791 0.97815 0 0 0 1 3069b.dat
1 14 146.91648 -630.76865 -50 0.97815 0.20791 0 -0.20791 0.97815 0 0 0 1 3069b.dat
1 14 146.91648 -630.76865 -30 0.97815 0.20791 0 -0.20791 0.97815 0 0 0 1 3069b.dat
1 14 146.91648 -630.76865 -10 0.97815 0.20791 0 -0.20791 0.97815 0 0 0 1 3069b.dat
1 14 146.91648 -630.76865 10 0.97815 0.20791 0 -0.20791 0.97815 0 0 0 1 3069b.dat
1 14 146.91648 -630.76865 30 0.97815 0.20791 0 -0.20791 0.97815 0 0 0 1 3069b.dat
1 14 146.91648 -630.76865 50 0.97815 0.20791 0 -0.20791 0.97815 0 0 0 1 3069b.dat
1 14 146.91648 -630.76865 70 0.97815 0.20791 0 -0.20791 0.97815 0 0 0 1 3069b.dat
1 14 186.04239 -639.08511 -70 0.97815 0.20791 0 -0.20791 0.97815 0 0 0 1 3069b.dat
1 14 186.04239 -639.08511 -50 0.97815 0.20791 0 -0.20791 0.97815 0 0 0 1 3069b.dat
1 14 186.04239 -639.08511 -30 0.97815 0.20791 0 -0.20791 0.97815 0 0 0 1 3069b.dat
1 14 186.04239 -639.08511 -10 0.97815 0.20791 0 -0.20791 0.97815 0 0 0 1 3069b.dat
1 14 186.04239 -639.08511 10 0.97815 0.20791 0 -0.20791 0.97815 0 0 0 1 3069b.dat
1 14 186.04239 -639.08511 30 0.97815 0.20791 0 -0.20791 0.97815 0 0 0 1 3069b.dat
1 14 186.04239 -639.08511 50 0.97815 0.20791 0 -0.20791 0.97815 0 0 0 1 3069b.dat
1 14 186.04239 -639.08511 70 0.97815 0.20791 0 -0.20791 0.97815 0 0 0 1 3069b.dat
1 14 225.16829 -647.40158 -70 0.97815 0.20791 0 -0.20791 0.97815 0 0 0 1 3069b.dat
1 14 225.16829 -647.40158 -50 0.97815 0.20791 0 -0.20791 0.97815 0 0 0 1 3069b.dat
1 14 225.16829 -647.40158 -30 0.97815 0.20791 0 -0.20791 0.97815 0 0 0 1 3069b.dat
1 14 225.16829 -647.40158 -10 0.97815 0.20791 0 -0.20791 0.97815 0 0 0 1 3069b.dat
1 14 225.16829 -647.40158 10 0.97815 0.20791 0 -0.20791 0.97815 0 0 0 1 3069b.dat
1 14 225.16829 -647.40158 30 0.97815 0.20791 0 -0.20791 0.97815 0 0 0 1 3069b.dat
1 14 225.16829 -647.40158 50 0.97815 0.20791 0 -0.20791 0.97815 0 0 0 1 3069b.dat
1 14 225.16829 -647.40158 70 0.97815 0.20791 0 -0.20791 0.97815 0 0 0 1 3069b.dat
1 14 264.29419 -655.71805 -70 0.97815 0.20791 0 -0.20791 0.97815 0 0 0 1 3069b.dat
1 14 264.29419 -655.71805 -50 0.97815 0.20791 0 -0.20791 0.97815 0 0 0 1 3069b.dat
1 14 264.29419 -655.71805 -30 0.97815 0.20791 0 -0.20791 0.97815 0 0 0 1 3069b.dat
1 14 264.29419 -655.71805 -10 0.97815 0.20791 0 -0.20791 0.97815 0 0 0 1 3069b.dat
1 14 264.29419 -655.71805 10 0.97815 0.20791 0 -0.20791 0.97815 0 0 0 1 3069b.dat
1 14 264.29419 -655.71805 30 0.97815 0.20791 0 -0.20791 0.97815 0 0 0 1 3069b.dat
1 14 264.29419 -655.71805 50 0.97815 0.20791 0 -0.20791 0.97815 0 0 0 1 3069b.dat
1 14 264.29419 -655.71805 70 0.97815 0.20791 0 -0.20791 0.97815 0 0 0 1 3069b.dat
1 14 303.4201 -664.03452 -70 0.97815 0.20791 0 -0.20791 0.97815 0 0 0 1 3069b.dat
1 14 303.4201 -664.03452 -50 0.97815 0.20791 0 -0.20791 0.97815 0 0 0 1 3069b.dat
1 14 303.4201 -664.03452 -30 0.97815 0.20791 0 -0.20791 0.97815 0 0 0 1 3069b.dat
1 14 303.4201 -664.03452 -10 0.97815 0.20791 0 -0.20791 0.97815 0 0 0 1 3069b.dat
1 14 303.4201 -664.03452 10 0.97815 0.20791 0 -0.20791 0.97815 0 0 0 1 3069b.dat
1 14 303.4201 -664.03452 30 0.97815 0.20791 0 -0.20791 0.97815 0 0 0 1 3069b.dat
1 14 303.4201 -664.03452 50 0.97815 0.20791 0 -0.20791 0.97815 0 0 0 1 3069b.dat
1 14 303.4201 -664.03452 70 0.97815 0.20791 0 -0.20791 0.97815 0 0 0 1 3069b.dat
1 14 342.546 -672.35098 -70 0.97815 0.20791 0 -0.20791 0.97815 0 0 0 1 3069b.dat
1 14 342.546 -672.35098 -50 0.97815 0.20791 0 -0.20791 0.97815 0 0 0 1 3069b.dat
1 14 342.546 -672.35098 -30 0.97815 0.20791 0 -0.20791 0.97815 0 0 0 1 3069b.dat
1 14 342.546 -672.35098 -10 0.97815 0.20791 0 -0.20791 0.97815 0 0 0 1 3069b.dat
1 14 342.546 -672.35098 10 0.97815 0.20791 0 -0.20791 0.97815 0 0 0 1 3069b.dat
1 14 342.546 -672.35098 30 0.97815 0.20791 0 -0.20791 0.97815 0 0 0 1 3069b.dat
1 14 342.546 -672.35098 50 0.97815 0.20791 0 -0.20791 0.97815 0 0 0 1 3069b.dat
1 14 342.546 -672.35098 70 0.97815 0.20791 0 -0.20791 0.97815 0 0 0 1 3069b.dat
1 14 381.67191 -680.66745 -70 0.97815 0.20791 0 -0.20791 0.97815 0 0 0 1 3069b.dat
1 14 381.67191 -680.66745 -50 0.97815 0.20791 0 -0.20791 0.97815 0 0 0 1 3069b.dat
1 14 381.67191 -680.66745 -30 0.97815 0.20791 0 -0.20791 0.97815 0 0 0 1 3069b.dat
1 14 381.67191 -680.66745 -10 0.97815 0.20791 0 -0.20791 0.97815 0 0 0 1 3069b.dat
1 14 381.67191 -680.66745 10 0.97815 0.20791 0 -0.20791 0.97815 0 0 0 1 3069b.dat
1 14 381.67191 -680.66745 30 0.97815 0.20791 0 -0.20791 0.97815 0 0 0 1 3069b.dat
1 14 381.67191 -680.66745 50 0.97815 0.20791 0 -0.20791 0.97815 0 0 0 1 3069b.dat
1 14 381.67191 -680.66745 70 0.97815 0.20791 0 -0.20791 0.97815 0 0 0 1 3069b.dat
1 14 420.79781 -688.98392 -70 0.97815 0.20791 0 -0.20791 0.97815 0 0 0 1 3069b.dat
1 14 420.79781 -688.98392 -50 0.97815 0.20791 0 -0.20791 0.97815 0 0 0 1 3069b.dat
1 14 420.79781 -688.98392 -30 0.97815 0.20791 0 -0.20791 0.97815 0 0 0 1 3069b.dat
1 14 420.79781 -688.98392 -10 0.97815 0.20791 0 -0.20791 0.97815 0 0 0 1 3069b.dat
1 14 420.79781 -688.98392 10 0.97815 0.20791 0 -0.20791 0.97815 0 0 0 1 3069b.dat
1 14 420.79781 -688.98392 30 0.97815 0.20791 0 -0.20791 0.97815 0 0 0 1 3069b.dat
1 14 420.79781 -688.98392 50 0.97815 0.20791 0 -0.20791 0.97815 0 0 0 1 3069b.dat
1 14 420.79781 -688.98392 70 0.97815 0.20791 0 -0.20791 0.97815 0 0 0 1 3069b.dat
1 14 459.92371 -697.30039 -70 0.97815 0.20791 0 -0.20791 0.97815 0 0 0 1 3069b.dat
1 14 459.92371 -697.30039 -50 0.97815 0.20791 0 -0.20791 0.97815 0 0 0 1 3069b.dat
1 14 459.92371 -697.30039 -30 0.97815 0.20791 0 -0.20791 0.97815 0 0 0 1 3069b.dat
1 14 459.92371 -697.30039 -10 0.97815 0.20791 0 -0.20791 0.97815 0 0 0 1 3069b.dat
1 14 459.92371 -697.30039 10 0.97815 0.20791 0 -0.20791 0.97815 0 0 0 1 3069b.dat
1 14 459.92371 -697.30039 30 0.97815 0.20791 0 -0.20791 0.97815 0 0 0 1 3069b.dat
1 14 459.92371 -697.30039 50 0.97815 0.20791 0 -0.20791 0.97815 0 0 0 1 3069b.dat
1 14 459.92371 -697.30039 70 0.97815 0.20791 0 -0.20791 0.97815 0 0 0 1 3069b.dat
1 14 499.04962 -705.61685 -70 0.97815 0.20791 0 -0.20791 0.97815 0 0 0 1 3069b.dat
1 14 499.04962 -705.61685 -50 0.97815 0.20791 0 -0.20791 0.97815 0 0 0 1 3069b.dat
1 14 499.04962 -705.61685 -30 0.97815 0.20791 0 -0.20791 0.97815 0 0 0 1 3069b.dat
1 14 499.04962 -705.61685 -10 0.97815 0.20791 0 -0.20791 0.97815 0 0 0 1 3069b.dat
1 14 499.04962 -705.61685 10 0.97815 0.20791 0 -0.20791 0.97815 0 0 0 1 3069b.dat
1 14 499.04962 -705.61685 30 0.97815 0.20791 0 -0.20791 0.97815 0 0 0 1 3069b.dat
1 14 499.04962 -705.61685 50 0.97815 0.20791 0 -0.20791 0.97815 0 0 0 1 3069b.dat
1 14 499.04962 -705.61685 70 0.97815 0.20791 0 -0.20791 0.97815 0 0 0 1 3069b.dat
1 14 538.17552 -713.93332 -70 0.97815 0.20791 0 -0.20791 0.97815 0 0 0 1 3069b.dat
1 14 538.17552 -713.93332 -50 0.97815 0.20791 0 -0.20791 0.97815 0 0 0 1 3069b.dat
1 14 538.17552 -713.93332 -30 0.97815 0.20791 0 -0.20791 0.97815 0 0 0 1 3069b.dat
1 14 538.17552 -713.93332 -10 0.97815 0.20791 0 -0.20791 0.97815 0 0 0 1 3069b.dat
1 14 538.17552 -713.93332 10 0.97815 0.20791 0 -0.20791 0.97815 0 0 0 1 3069b.dat
1 14 538.17552 -713.93332 30 0.97815 0.20791 0 -0.20791 0.97815 0 0 0 1 3069b.dat
1 14 538.17552 -713.93332 50 0.97815 0.20791 0 -0.20791 0.97815 0 0 0 1 3069b.dat
1 14 538.17552 -713.93332 70 0.97815 0.20791 0 -0.20791 0.97815 0 0 0 1 3069b.dat
1 14 577.30143 -722.24979 -70 0.97815 0.20791 0 -0.20791 0.97815 0 0 0 1 3069b.dat
1 14 577.30143 -722.24979 -50 0.97815 0.20791 0 -0.20791 0.97815 0 0 0 1 3069b.dat
1 14 577.30143 -722.24979 -30 0.97815 0.20791 0 -0.20791 0.97815 0 0 0 1 3069b.dat
1 14 577.30143 -722.24979 -10 0.97815 0.20791 0 -0.20791 0.97815 0 0 0 1 3069b.dat
1 14 577.30143 -722.24979 10 0.97815 0.20791 0 -0.20791 0.97815 0 0 0 1 3069b.dat
1 14 577.30143 -722.24979 30 0.97815 0.20791 0 -0.20791 0.97815 0 0 0 1 3069b.dat
1 14 577.30143 -722.24979 50 0.97815 0.20791 0 -0.20791 0.97815 0 0 0 1 3069b.dat
1 14 577.30143 -722.24979 70 0.97815 0.20791 0 -0.20791 0.97815 0 0 0 1 3069b.dat
1 14 616.42733 -730.56626 -70 0.97815 0.20791 0 -0.20791 0.97815 0 0 0 1 3069b.dat
1 14 616.42733 -730.56626 -50 0.97815 0.20791 0 -0.20791 0.97815 0 0 0 1 3069b.dat
1 14 616.42733 -730.56626 -30 0.97815 0.20791 0 -0.20791 0.97815 0 0 0 1 3069b.dat
1 14 616.42733 -730.56626 -10 0.97815 0.20791 0 -0.20791 0.97815 0 0 0 1 3069b.dat
1 14 616.42733 -730.56626 10 0.97815 0.20791 0 -0.20791 0.97815 0 0 0 1 3069b.dat
1 14 616.42733 -730.56626 30 0.97815 0.20791 0 -0.20791 0.97815 0 0 0 1 3069b.dat
1 14 616.42733 -730.56626 50 0.97815 0.20791 0 -0.20791 0.97815 0 0 0 1 3069b.dat
1 14 616.42733 -730.56626 70 0.97815 0.20791 0 -0.20791 0.97815 0 0 0 1 3069b.dat
1 14 655.55323 -738.88272 -70 0.97815 0.20791 0 -0.20791 0.97815 0 0 0 1 3069b.dat
1 14 655.55323 -738.88272 -50 0.97815 0.20791 0 -0.20791 0.97815 0 0 0 1 3069b.dat
1 14 655.55323 -738.88272 -30 0.97815 0.20791 0 -0.20791 0.97815 0 0 0 1 3069b.dat
1 14 655.55323 -738.88272 -10 0.97815 0.20791 0 -0.20791 0.97815 0 0 0 1 3069b.dat
1 14 655.55323 -738.88272 10 0.97815 0.20791 0 -0.20791 0.97815 0 0 0 1 3069b.dat
1 14 655.55323 -738.88272 30 0.97815 0.20791 0 -0.20791 0.97815 0 0 0 1 3069b.dat
1 14 655.55323 -738.88272 50 0.97815 0.20791 0 -0.20791 0.97815 0 0 0 1 3069b.dat
1 14 655.55323 -738.88272 70 0.97815 0.20791 0 -0.20791 0.97815 0 0 0 1 3069b.dat
1 14 694.67914 -747.19919 -70 0.97815 0.20791 0 -0.20791 0.97815 0 0 0 1 3069b.dat
1 14 694.67914 -747.19919 -50 0.97815 0.20791 0 -0.20791 0.97815 0 0 0 1 3069b.dat
1 14 694.67914 -747.19919 -30 0.97815 0.20791 0 -0.20791 0.97815 0 0 0 1 3069b.dat
1 14 694.67914 -747.19919 -10 0.97815 0.20791 0 -0.20791 0.97815 0 0 0 1 3069b.dat
1 14 694.67914 -747.19919 10 0.97815 0.20791 0 -0.20791 0.97815 0 0 0 1 3069b.dat
1 14 694.67914 -747.19919 30 0.97815 0.20791 0 -0.20791 0.97815 0 0 0 1 3069b.dat
1 14 694.67914 -747.19919 50 0.97815 0.20791 0 -0.20791 0.97815 0 0 0 1 3069b.dat
1 14 694.67914 -747.19919 70 0.97815 0.20791 0 -0.20791 0.97815 0 0 0 1 3069b.dat
1 14 733.80504 -755.51566 -70 0.97815 0.20791 0 -0.20791 0.97815 0 0 0 1 3069b.dat
1 14 733.80504 -755.51566 -50 0.97815 0.20791 0 -0.20791 0.97815 0 0 0 1 3069b.dat
1 14 733.80504 -755.51566 -30 0.97815 0.20791 0 -0.20791 0.97815 0 0 0 1 3069b.dat
1 14 733.80504 -755.51566 -10 0.97815 0.20791 0 -0.20791 0.97815 0 0 0 1 3069b.dat
1 14 733.80504 -755.51566 10 0.97815 0.20791 0 -0.20791 0.97815 0 0 0 1 3069b.dat
1 14 733.80504 -755.51566 30 0.97815 0.20791 0 -0.20791 0.97815 0 0 0 1 3069b.dat
1 14 733.80504 -755.51566 50 0.97815 0.20791 0 -0.20791 0.97815 0 0 0 1 3069b.dat
1 14 733.80504 -755.51566 70 0.97815 0.20791 0 -0.20791 0.97815 0 0 0 1 3069b.dat
1 14 772.93095 -763.83213 -70 0.97815 0.20791 0 -0.20791 0.97815 0 0 0 1 3069b.dat
1 14 772.93095 -763.83213 -50 0.97815 0.20791 0 -0.20791 0.97815 0 0 0 1 3069b.dat
1 14 772.93095 -763.83213 -30 0.97815 0.20791 0 -0.20791 0.97815 0 0 0 1 3069b.dat
1 14 772.93095 -763.83213 -10 0.97815 0.20791 0 -0.20791 0.97815 0 0 0 1 3069b.dat
1 14 772.93095 -763.83213 10 0.97815 0.20791 0 -0.20791 0.97815 0 0 0 1 3069b.dat
1 14 772.93095 -763.83213 30 0.97815 0.20791 0 -0.20791 0.97815 0 0 0 1 3069b.dat
1 14 772.93095 -763.83213 50 0.97815 0.20791 0 -0.20791 0.97815 0 0 0 1 3069b.dat
1 14 772.93095 -763.83213 70 0.97815 0.20791 0 -0.20791 0.97815 0 0 0 1 3069b.dat
1 14 812.05685 -772.1486 -70 0.97815 0.20791 0 -0.20791 0.97815 0 0 0 1 3069b.dat
1 14 812.05685 -772.1486 -50 0.97815 0.20791 0 -0.20791 0.97815 0 0 0 1 3069b.dat
1 14 812.05685 -772.1486 -30 0.97815 0.20791 0 -0.20791 0.97815 0 0 0 1 3069b.dat
1 14 812.05685 -772.1486 -10 0.97815 0.20791 0 -0.20791 0.97815 0 0 0 1 3069b.dat
1 14 812.05685 -772.1486 10 0.97815 0.20791 0 -0.20791 0.97815 0 0 0 1 3069b.dat
1 14 812.05685 -772.1486 30 0.97815 0.20791 0 -0.20791 0.97815 0 0 0 1 3069b.dat
1 14 812.05685 -772.1486 50 0.97815 0.20791 0 -0.20791 0.97815 0 0 0 1 3069b.dat
1 14 812.05685 -772.1486 70 0.97815 0.20791 0 -0.20791 0.97815 0 0 0 1 3069b.dat
1 14 851.18275 -780.46506 -70 0.97815 0.20791 0 -0.20791 0.97815 0 0 0 1 3069b.dat
1 14 851.18275 -780.46506 -50 0.97815 0.20791 0 -0.20791 0.97815 0 0 0 1 3069b.dat
1 14 851.18275 -780.46506 -30 0.97815 0.20791 0 -0.20791 0.97815 0 0 0 1 3069b.dat
1 14 851.18275 -780.46506 -10 0.97815 0.20791 0 -0.20791 0.97815 0 0 0 1 3069b.dat
1 14 851.18275 -780.46506 10 0.97815 0.20791 0 -0.20791 0.97815 0 0 0 1 3069b.dat
1 14 851.18275 -780.46506 30 0.97815 0.20791 0 -0.20791 0.97815 0 0 0 1 3069b.dat
1 14 851.18275 -780.46506 50 0.97815 0.20791 0 -0.20791 0.97815 0 0 0 1 3069b.dat
1 14 851.18275 -780.46506 70 0.97815 0.20791 0 -0.20791 0.97815 0 0 0 1 3069b.dat
1 14 890.30866 -788.78153 -70 0.97815 0.20791 0 -0.20791 0.97815 0 0 0 1 3069b.dat
1 14 890.30866 -788.78153 -50 0.97815 0.20791 0 -0.20791 0.97815 0 0 0 1 3069b.dat
1 14 890.30866 -788.78153 -30 0.97815 0.20791 0 -0.20791 0.97815 0 0 0 1 3069b.dat
1 14 890.30866 -788.78153 -10 0.97815 0.20791 0 -0.20791 0.97815 0 0 0 1 3069b.dat
1 14 890.30866 -788.78153 10 0.97815 0.20791 0 -0.20791 0.97815 0 0 0 1 3069b.dat
1 14 890.30866 -788.78153 30 0.97815 0.20791 0 -0.20791 0.97815 0 0 0 1 3069b.dat
1 14 890.30866 -788.78153 50 0.97815 0.20791 0 -0.20791 0.97815 0 0 0 1 3069b.dat
1 14 890.30866 -788.78153 70 0.97815 0.20791 0 -0.20791 0.97815 0 0 0 1 3069b.dat
1 14 929.43456 -797.098 -70 0.97815 0.20791 0 -0.20791 0.97815 0 0 0 1 3069b.dat
1 14 929.43456 -797.098 -50 0.97815 0.20791 0 -0.20791 0.97815 0 0 0 1 3069b.dat
1 14 929.43456 -797.098 -30 0.97815 0.20791 0 -0.20791 0.97815 0 0 0 1 3069b.dat
1 14 929.43456 -797.098 -10 0.97815 0.20791 0 -0.20791 0.97815 0 0 0 1 3069b.dat
1 14 929.43456 -797.098 10 0.97815 0.20791 0 -0.20791 0.97815 0 0 0 1 3069b.dat
1 14 929.43456 -797.098 30 0.97815 0.20791 0 -0.20791 0.97815 0 0 0 1 3069b.dat
1 14 929.43456 -797.098 50 0.97815 0.20791 0 -0.20791 0.97815 0 0 0 1 3069b.dat
1 14 929.43456 -797.098 70 0.97815 0.20791 0 -0.20791 0.97815 0 0 0 1 3069b.dat
0 STEP
1 14 295.40548 -547.82881 -40 0.97815 0.20791 0 -0.20791 0.97815 0 0 0 1 3020.dat
1 14 295.40548 -547.82881 0 0.97815 0.20791 0 -0.20791 0.97815 0 0 0 1 3020.dat
1 14 295.40548 -547.82881 40 0.97815 0.20791 0 -0.20791 0.97815 0 0 0 1 3020.dat
1 14 373.65729 -564.46175 -40 0.97815 0.20791 0 -0.20791 0.97815 0 0 0 1 3020.dat
1 14 373.65729 -564.46175 0 0.97815 0.20791 0 -0.20791 0.97815 0 0 0 1 3020.dat
1 14 373.65729 -564.46175 40 0.97815 0.20791 0 -0.20791 0.97815 0 0 0 1 3020.dat
1 14 451.9091 -581.09468 -40 0.97815 0.20791 0 -0.20791 0.97815 0 0 0 1 3020.dat
1 14 451.9091 -581.09468 0 0.97815 0.20791 0 -0.20791 0.97815 0 0 0 1 3020.dat
1 14 451.9091 -581.09468 40 0.97815 0.20791 0 -0.20791 0.97815 0 0 0 1 3020.dat
1 14 530.16091 -597.72762 -40 0.97815 0.20791 0 -0.20791 0.97815 0 0 0 1 3020.dat
1 14 530.16091 -597.72762 0 0.97815 0.20791 0 -0.20791 0.97815 0 0 0 1 3020.dat
1 14 530.16091 -597.72762 40 0.97815 0.20791 0 -0.20791 0.97815 0 0 0 1 3020.dat
1 14 608.41272 -614.36055 -40 0.97815 0.20791 0 -0.20791 0.97815 0 0 0 1 3020.dat
1 14 608.41272 -614.36055 0 0.97815 0.20791 0 -0.20791 0.97815 0 0 0 1 3020.dat
1 14 608.41272 -614.36055 40 0.97815 0.20791 0 -0.20791 0.97815 0 0 0 1 3020.dat
1 14 686.66452 -630.99349 -40 0.97815 0.20791 0 -0.20791 0.97815 0 0 0 1 3020.dat
1 14 686.66452 -630.99349 0 0.97815 0.20791 0 -0.20791 0.97815 0 0 0 1 3020.dat
1 14 686.66452 -630.99349 40 0.97815 0.20791 0 -0.20791 0.97815 0 0 0 1 3020.dat
1 14 764.91633 -647.62642 -40 0.97815 0.20791 0 -0.20791 0.97815 0 0 0 1 3020.dat
1 14 764.91633 -647.62642 0 0.97815 0.20791 0 -0.20791 0.97815 0 0 0 1 3020.dat
1 14 764.91633 -647.62642 40 0.97815 0.20791 0 -0.20791 0.97815 0 0 0 1 3020.dat
1 14 843.16814 -664.25936 -40 0.97815 0.20791 0 -0.20791 0.97815 0 0 0 1 3020.dat
1 14 843.16814 -664.25936 0 0.97815 0.20791 0 -0.20791 0.97815 0 0 0 1 3020.dat
1 14 843.16814 -664.25936 40 0.97815 0.20791 0 -0.20791 0.97815 0 0 0 1 3020.dat
1 14 921.41995 -680.89229 -40 0.97815 0.20791 0 -0.20791 0.97815 0 0 0 1 3020.dat
1 14 921.41995 -680.89229 0 0.97815 0.20791 0 -0.20791 0.97815 0 0 0 1 3020.dat
1 14 921.41995 -680.89229 40 0.97815 0.20791 0 -0.20791 0.97815 0 0 0 1 3020.dat
1 14 999.67176 -697.52523 -40 0.97815 0.20791 0 -0.20791 0.97815 0 0 0 1 3020.dat
1 14 999.67176 -697.52523 0 0.97815 0.20791 0 -0.20791 0.97815 0 0 0 1 3020.dat
1 14 999.67176 -697.52523 40 0.97815 0.20791 0 -0.20791 0.97815 0 0 0 1 3020.dat
1 14 1077.92357 -714.15816 -40 0.97815 0.20791 0 -0.20791 0.97815 0 0 0 1 3020.dat
1 14 1077.92357 -714.15816 0 0.97815 0.20791 0 -0.20791 0.97815 0 0 0 1 3020.dat
1 14 1077.92357 -714.15816 40 0.97815 0.20791 0 -0.20791 0.97815 0 0 0 1 3020.dat
1 14 1156.17537 -730.7911 -40 0.97815 0.20791 0 -0.20791 0.97815 0 0 0 1 3020.dat
1 14 1156.17537 -730.7911 0 0.97815 0.20791 0 -0.20791 0.97815 0 0 0 1 3020.dat
1 14 1156.17537 -730.7911 40 0.97815 0.20791 0 -0.20791 0.97815 0 0 0 1 3020.dat
0 STEP
1 14 270.85265 -567.14612 -50 0.97815 0.20791 0 -0.20791 0.97815 0 0 0 1 3004.dat
1 14 309.97856 -575.46259 -50 0.97815 0.20791 0 -0.20791 0.97815 0 0 0 1 3004.dat
1 14 349.10446 -583.77905 -50 0.97815 0.20791 0 -0.20791 0.97815 0 0 0 1 3004.dat
1 14 388.23036 -592.09552 -50 0.97815 0.20791 0 -0.20791 0.97815 0 0 0 1 3004.dat
1 14 427.35627 -600.41199 -50 0.97815 0.20791 0 -0.20791 0.97815 0 0 0 1 3004.dat
1 14 466.48217 -608.72846 -50 0.97815 0.20791 0 -0.20791 0.97815 0 0 0 1 3004.dat
1 14 505.60808 -617.04493 -50 0.97815 0.20791 0 -0.20791 0.97815 0 0 0 1 3004.dat
1 14 544.73398 -625.36139 -50 0.97815 0.20791 0 -0.20791 0.97815 0 0 0 1 3004.dat
1 14 583.85988 -633.67786 -50 0.97815 0.20791 0 -0.20791 0.97815 0 0 0 1 3004.dat
1 14 622.98579 -641.99433 -50 0.97815 0.20791 0 -0.20791 0.97815 0 0 0 1 3004.dat
1 14 662.11169 -650.3108 -50 0.97815 0.20791 0 -0.20791 0.97815 0 0 0 1 3004.dat
1 14 701.2376 -658.62726 -50 0.97815 0.20791 0 -0.20791 0.97815 0 0 0 1 3004.dat
1 14 740.3635 -666.94373 -50 0.97815 0.20791 0 -0.20791 0.97815 0 0 0 1 3004.dat
1 14 779.4894 -675.2602 -50 0.97815 0.20791 0 -0.20791 0.97815 0 0 0 1 3004.dat
1 14 818.61531 -683.57667 -50 0.97815 0.20791 0 -0.20791 0.97815 0 0 0 1 3004.dat
1 14 857.74121 -691.89313 -50 0.97815 0.20791 0 -0.20791 0.97815 0 0 0 1 3004.dat
1 14 896.86712 -700.2096 -50 0.97815 0.20791 0 -0.20791 0.97815 0 0 0 1 3004.dat
1 14 935.99302 -708.52607 -50 0.97815 0.20791 0 -0.20791 0.97815 0 0 0 1 3004.dat
1 14 975.11892 -716.84254 -50 0.97815 0.20791 0 -0.20791 0.97815 0 0 0 1 3004.dat
1 14 1014.24483 -725.159 -50 0.97815 0.20791 0 -0.20791 0.97815 0 0 0 1 3004.dat
1 14 1053.37073 -733.47547 -50 0.97815 0.20791 0 -0.20791 0.97815 0 0 0 1 3004.dat
1 14 1092.49664 -741.79194 -50 0.97815 0.20791 0 -0.20791 0.97815 0 0 0 1 3004.dat
1 14 1131.62254 -750.10841 -50 0.97815 0.20791 0 -0.20791 0.97815 0 0 0 1 3004.dat
1 14 1170.74844 -758.42487 -50 0.97815 0.20791 0 -0.20791 0.97815 0 0 0 1 3004.dat
1 14 270.85265 -567.14612 50 0.97815 0.20791 0 -0.20791 0.97815 0 0 0 1 3004.dat
1 14 309.97856 -575.46259 50 0.97815 0.20791 0 -0.20791 0.97815 0 0 0 1 3004.dat
1 14 349.10446 -583.77905 50 0.97815 0.20791 0 -0.20791 0.97815 0 0 0 1 3004.dat
1 14 388.23036 -592.09552 50 0.97815 0.20791 0 -0.20791 0.97815 0 0 0 1 3004.dat
1 14 427.35627 -600.41199 50 0.97815 0.20791 0 -0.20791 0.97815 0 0 0 1 3004.dat
1 14 466.48217 -608.72846 50 0.97815 0.20791 0 -0.20791 0.97815 0 0 0 1 3004.dat
1 14 505.60808 -617.04493 50 0.97815 0.20791 0 -0.20791 0.97815 0 0 0 1 3004.dat
1 14 544.73398 -625.36139 50 0.97815 0.20791 0 -0.20791 0.97815 0 0 0 1 3004.dat
1 14 583.85988 -633.67786 50 0.97815 0.20791 0 -0.20791 0.97815 0 0 0 1 3004.dat
1 14 622.98579 -641.99433 50 0.97815 0.20791 0 -0.20791 0.97815 0 0 0 1 3004.dat
1 14 662.11169 -650.3108 50 0.97815 0.20791 0 -0.20791 0.97815 0 0 0 1 3004.dat
1 14 701.2376 -658.62726 50 0.97815 0.20791 0 -0.20791 0.97815 0 0 0 1 3004.dat
1 14 740.3635 -666.94373 50 0.97815 0.20791 0 -0.20791 0.97815 0 0 0 1 3004.dat
1 14 779.4894 -675.2602 50 0.97815 0.20791 0 -0.20791 0.97815 0 0 0 1 3004.dat
1 14 818.61531 -683.57667 50 0.97815 0.20791 0 -0.20791 0.97815 0 0 0 1 3004.dat
1 14 857.74121 -691.89313 50 0.97815 0.20791 0 -0.20791 0.97815 0 0 0 1 3004.dat
1 14 896.86712 -700.2096 50 0.97815 0.20791 0 -0.20791 0.97815 0 0 0 1 3004.dat
1 14 935.99302 -708.52607 50 0.97815 0.20791 0 -0.20791 0.97815 0 0 0 1 3004.dat
1 14 975.11892 -716.84254 50 0.97815 0.20791 0 -0.20791 0.97815 0 0 0 1 3004.dat
1 14 1014.24483 -725.159 50 0.97815 0.20791 0 -0.20791 0.97815 0 0 0 1 3004.dat
1 14 1053.37073 -733.47547 50 0.97815 0.20791 0 -0.20791 0.97815 0 0 0 1 3004.dat
1 14 1092.49664 -741.79194 50 0.97815 0.20791 0 -0.20791 0.97815 0 0 0 1 3004.dat
1 14 1131.62254 -750.10841 50 0.97815 0.20791 0 -0.20791 0.97815 0 0 0 1 3004.dat
1 14 1170.74844 -758.42487 50 0.97815 0.20791 0 -0.20791 0.97815 0 0 0 1 3004.dat
1 14 256.0813 -588.54254 -50 0.97815 0.20791 0 -0.20791 0.97815 0 0 0 1 3005.dat
1 14 285.42572 -594.7799 -50 0.97815 0.20791 0 -0.20791 0.97815 0 0 0 1 3004.dat
1 14 324.55163 -603.09636 -50 0.97815 0.20791 0 -0.20791 0.97815 0 0 0 1 3004.dat
1 14 363.67753 -611.41283 -50 0.97815 0.20791 0 -0.20791 0.97815 0 0 0 1 3004.dat
1 14 402.80344 -619.7293 -50 0.97815 0.20791 0 -0.20791 0.97815 0 0 0 1 3004.dat
1 14 441.92934 -628.04577 -50 0.97815 0.20791 0 -0.20791 0.97815 0 0 0 1 3004.dat
1 14 481.05524 -636.36223 -50 0.97815 0.20791 0 -0.20791 0.97815 0 0 0 1 3004.dat
1 14 520.18115 -644.6787 -50 0.97815 0.20791 0 -0.20791 0.97815 0 0 0 1 3004.dat
1 14 559.30705 -652.99517 -50 0.97815 0.20791 0 -0.20791 0.97815 0 0 0 1 3004.dat
1 14 598.43296 -661.31164 -50 0.97815 0.20791 0 -0.20791 0.97815 0 0 0 1 3004.dat
1 14 637.55886 -669.6281 -50 0.97815 0.20791 0 -0.20791 0.97815 0 0 0 1 3004.dat
1 14 676.68476 -677.94457 -50 0.97815 0.20791 0 -0.20791 0.97815 0 0 0 1 3004.dat
1 14 715.81067 -686.26104 -50 0.97815 0.20791 0 -0.20791 0.97815 0 0 0 1 3004.dat
1 14 754.93657 -694.57751 -50 0.97815 0.20791 0 -0.20791 0.97815 0 0 0 1 3004.dat
1 14 794.06248 -702.89397 -50 0.97815 0.20791 0 -0.20791 0.97815 0 0 0 1 3004.dat
1 14 833.18838 -711.21044 -50 0.97815 0.20791 0 -0.20791 0.97815 0 0 0 1 3004.dat
1 14 872.31428 -719.52691 -50 0.97815 0.20791 0 -0.20791 0.97815 0 0 0 1 3004.dat
1 14 911.44019 -727.84338 -50 0.97815 0.20791 0 -0.20791 0.97815 0 0 0 1 3004.dat
1 14 950.56609 -736.15985 -50 0.97815 0.20791 0 -0.20791 0.97815 0 0 0 1 3004.dat
1 14 989.692 -744.47631 -50 0.97815 0.20791 0 -0.20791 0.97815 0 0 0 1 3004.dat
1 14 1028.8179 -752.79278 -50 0.97815 0.20791 0 -0.20791 0.97815 0 0 0 1 3004.dat
1 14 1067.9438 -761.10925 -50 0.97815 0.20791 0 -0.20791 0.97815 0 0 0 1 3004.dat
1 14 1107.06971 -769.42572 -50 0.97815 0.20791 0 -0.20791 0.97815 0 0 0 1 3004.dat
1 14 1146.19561 -777.74218 -50 0.97815 0.20791 0 -0.20791 0.97815 0 0 0 1 3004.dat
1 14 1175.54004 -783.97953 -50 0.97815 0.20791 0 -0.20791 0.97815 0 0 0 1 3005.dat
1 14 256.0813 -588.54254 50 0.97815 0.20791 0 -0.20791 0.97815 0 0 0 1 3005.dat
1 14 285.42572 -594.7799 50 0.97815 0.20791 0 -0.20791 0.97815 0 0 0 1 3004.dat
1 14 324.55163 -603.09636 50 0.97815 0.20791 0 -0.20791 0.97815 0 0 0 1 3004.dat
1 14 363.67753 -611.41283 50 0.97815 0.20791 0 -0.20791 0.97815 0 0 0 1 3004.dat
1 14 402.80344 -619.7293 50 0.97815 0.20791 0 -0.20791 0.97815 0 0 0 1 3004.dat
1 14 441.92934 -628.04577 50 0.97815 0.20791 0 -0.20791 0.97815 0 0 0 1 3004.dat
1 14 481.05524 -636.36223 50 0.97815 0.20791 0 -0.20791 0.97815 0 0 0 1 3004.dat
1 14 520.18115 -644.6787 50 0.97815 0.20791 0 -0.20791 0.97815 0 0 0 1 3004.dat
1 14 559.30705 -652.99517 50 0.97815 0.20791 0 -0.20791 0.97815 0 0 0 1 3004.dat
1 14 598.43296 -661.31164 50 0.97815 0.20791 0 -0.20791 0.97815 0 0 0 1 3004.dat
1 14 637.55886 -669.6281 50 0.97815 0.20791 0 -0.20791 0.97815 0 0 0 1 3004.dat
1 14 676.68476 -677.94457 50 0.97815 0.20791 0 -0.20791 0.97815 0 0 0 1 3004.dat
1 14 715.81067 -686.26104 50 0.97815 0.20791 0 -0.20791 0.97815 0 0 0 1 3004.dat
1 14 754.93657 -694.57751 50 0.97815 0.20791 0 -0.20791 0.97815 0 0 0 1 3004.dat
1 14 794.06248 -702.89397 50 0.97815 0.20791 0 -0.20791 0.97815 0 0 0 1 3004.dat
1 14 833.18838 -711.21044 50 0.97815 0.20791 0 -0.20791 0.97815 0 0 0 1 3004.dat
1 14 872.31428 -719.52691 50 0.97815 0.20791 0 -0.20791 0.97815 0 0 0 1 3004.dat
1 14 911.44019 -727.84338 50 0.97815 0.20791 0 -0.20791 0.97815 0 0 0 1 3004.dat
1 14 950.56609 -736.15985 50 0.97815 0.20791 0 -0.20791 0.97815 0 0 0 1 3004.dat
1 14 989.692 -744.47631 50 0.97815 0.20791 0 -0.20791 0.97815 0 0 0 1 3004.dat
1 14 1028.8179 -752.79278 50 0.97815 0.20791 0 -0.20791 0.97815 0 0 0 1 3004.dat
1 14 1067.9438 -761.10925 50 0.97815 0.20791 0 -0.20791 0.97815 0 0 0 1 3004.dat
1 14 1107.06971 -769.42572 50 0.97815 0.20791 0 -0.20791 0.97815 0 0 0 1 3004.dat
1 14 1146.19561 -777.74218 50 0.97815 0.20791 0 -0.20791 0.97815 0 0 0 1 3004.dat
1 14 1175.54004 -783.97953 50 0.97815 0.20791 0 -0.20791 0.97815 0 0 0 1 3005.dat
0 STEP
1 14 260.87289 -614.0972 -50 0.97815 0.20791 0 -0.20791 0.97815 0 0 0 1 3004.dat
1 14 299.99879 -622.41367 -50 0.97815 0.20791 0 -0.20791 0.97815 0 0 0 1 3004.dat
1 14 339.1247 -630.73014 -50 0.97815 0.20791 0 -0.20791 0.97815 0 0 0 1 3004.dat
1 14 378.2506 -639.04661 -50 0.97815 0.20791 0 -0.20791 0.97815 0 0 0 1 3004.dat
1 14 417.37651 -647.36307 -50 0.97815 0.20791 0 -0.20791 0.97815 0 0 0 1 3004.dat
1 14 456.50241 -655.67954 -50 0.97815 0.20791 0 -0.20791 0.97815 0 0 0 1 3004.dat
1 14 495.62831 -663.99601 -50 0.97815 0.20791 0 -0.20791 0.97815 0 0 0 1 3004.dat
1 14 534.75422 -672.31248 -50 0.97815 0.20791 0 -0.20791 0.97815 0 0 0 1 3004.dat
1 14 573.88012 -680.62895 -50 0.97815 0.20791 0 -0.20791 0.97815 0 0 0 1 3004.dat
1 14 613.00603 -688.94541 -50 0.97815 0.20791 0 -0.20791 0.97815 0 0 0 1 3004.dat
1 14 652.13193 -697.26188 -50 0.97815 0.20791 0 -0.20791 0.97815 0 0 0 1 3004.dat
1 14 691.25784 -705.57835 -50 0.97815 0.20791 0 -0.20791 0.97815 0 0 0 1 3004.dat
1 14 730.38374 -713.89482 -50 0.97815 0.20791 0 -0.20791 0.97815 0 0 0 1 3004.dat
1 14 769.50964 -722.21128 -50 0.97815 0.20791 0 -0.20791 0.97815 0 0 0 1 3004.dat
1 14 808.63555 -730.52775 -50 0.97815 0.20791 0 -0.20791 0.97815 0 0 0 1 3004.dat
1 14 847.76145 -738.84422 -50 0.97815 0.20791 0 -0.20791 0.97815 0 0 0 1 3004.dat
1 14 886.88736 -747.16069 -50 0.97815 0.20791 0 -0.20791 0.97815 0 0 0 1 3004.dat
1 14 926.01326 -755.47715 -50 0.97815 0.20791 0 -0.20791 0.97815 0 0 0 1 3004.dat
1 14 965.13916 -763.79362 -50 0.97815 0.20791 0 -0.20791 0.97815 0 0 0 1 3004.dat
1 14 1004.26507 -772.11009 -50 0.97815 0.20791 0 -0.20791 0.97815 0 0 0 1 3004.dat
1 14 1043.39097 -780.42656 -50 0.97815 0.20791 0 -0.20791 0.97815 0 0 0 1 3004.dat
1 14 1082.51688 -788.74302 -50 0.97815 0.20791 0 -0.20791 0.97815 0 0 0 1 3004.dat
1 14 1121.64278 -797.05949 -50 0.97815 0.20791 0 -0.20791 0.97815 0 0 0 1 3004.dat
1 14 1160.76868 -805.37596 -50 0.97815 0.20791 0 -0.20791 0.97815 0 0 0 1 3004.dat
1 14 260.87289 -614.0972 50 0.97815 0.20791 0 -0.20791 0.97815 0 0 0 1 3004.dat
1 14 299.99879 -622.41367 50 0.97815 0.20791 0 -0.20791 0.97815 0 0 0 1 3004.dat
1 14 339.1247 -630.73014 50 0.97815 0.20791 0 -0.20791 0.97815 0 0 0 1 3004.dat
1 14 378.2506 -639.04661 50 0.97815 0.20791 0 -0.20791 0.97815 0 0 0 1 3004.dat
1 14 417.37651 -647.36307 50 0.97815 0.20791 0 -0.20791 0.97815 0 0 0 1 3004.dat
1 14 456.50241 -655.67954 50 0.97815 0.20791 0 -0.20791 0.97815 0 0 0 1 3004.dat
1 14 495.62831 -663.99601 50 0.97815 0.20791 0 -0.20791 0.97815 0 0 0 1 3004.dat
1 14 534.75422 -672.31248 50 0.97815 0.20791 0 -0.20791 0.97815 0 0 0 1 3004.dat
1 14 573.88012 -680.62895 50 0.97815 0.20791 0 -0.20791 0.97815 0 0 0 1 3004.dat
1 14 613.00603 -688.94541 50 0.97815 0.20791 0 -0.20791 0.97815 0 0 0 1 3004.dat
1 14 652.13193 -697.26188 50 0.97815 0.20791 0 -0.20791 0.97815 0 0 0 1 3004.dat
1 14 691.25784 -705.57835 50 0.97815 0.20791 0 -0.20791 0.97815 0 0 0 1 3004.dat
1 14 730.38374 -713.89482 50 0.97815 0.20791 0 -0.20791 0.97815 0 0 0 1 3004.dat
1 14 769.50964 -722.21128 50 0.97815 0.20791 0 -0.20791 0.97815 0 0 0 1 3004.dat
1 14 808.63555 -730.52775 50 0.97815 0.20791 0 -0.20791 0.97815 0 0 0 1 3004.dat
1 14 847.76145 -738.84422 50 0.97815 0.20791 0 -0.20791 0.97815 0 0 0 1 3004.dat
1 14 886.88736 -747.16069 50 0.97815 0.20791 0 -0.20791 0.97815 0 0 0 1 3004.dat
1 14 926.01326 -755.47715 50 0.97815 0.20791 0 -0.20791 0.97815 0 0 0 1 3004.dat
1 14 965.13916 -763.79362 50 0.97815 0.20791 0 -0.20791 0.97815 0 0 0 1 3004.dat
1 14 1004.26507 -772.11009 50 0.97815 0.20791 0 -0.20791 0.97815 0 0 0 1 3004.dat
1 14 1043.39097 -780.42656 50 0.97815 0.20791 0 -0.20791 0.97815 0 0 0 1 3004.dat
1 14 1082.51688 -788.74302 50 0.97815 0.20791 0 -0.20791 0.97815 0 0 0 1 3004.dat
1 14 1121.64278 -797.05949 50 0.97815 0.20791 0 -0.20791 0.97815 0 0 0 1 3004.dat
1 14 1160.76868 -805.37596 50 0.97815 0.20791 0 -0.20791 0.97815 0 0 0 1 3004.dat
0 STEP
1 14 278.77255 -626.08062 -40 0.97815 0.20791 0 -0.20791 0.97815 0 0 0 1 3020.dat
1 14 278.77255 -626.08062 0 0.97815 0.20791 0 -0.20791 0.97815 0 0 0 1 3020.dat
1 14 278.77255 -626.08062 40 0.97815 0.20791 0 -0.20791 0.97815 0 0 0 1 3020.dat
1 14 357.02436 -642.71355 -40 0.97815 0.20791 0 -0.20791 0.97815 0 0 0 1 3020.dat
1 14 357.02436 -642.71355 0 0.97815 0.20791 0 -0.20791 0.97815 0 0 0 1 3020.dat
1 14 357.02436 -642.71355 40 0.97815 0.20791 0 -0.20791 0.97815 0 0 0 1 3020.dat
1 14 435.27617 -659.34649 -40 0.97815 0.20791 0 -0.20791 0.97815 0 0 0 1 3020.dat
1 14 435.27617 -659.34649 0 0.97815 0.20791 0 -0.20791 0.97815 0 0 0 1 3020.dat
1 14 435.27617 -659.34649 40 0.97815 0.20791 0 -0.20791 0.97815 0 0 0 1 3020.dat
1 14 513.52797 -675.97942 -40 0.97815 0.20791 0 -0.20791 0.97815 0 0 0 1 3020.dat
1 14 513.52797 -675.97942 0 0.97815 0.20791 0 -0.20791 0.97815 0 0 0 1 3020.dat
1 14 513.52797 -675.97942 40 0.97815 0.20791 0 -0.20791 0.97815 0 0 0 1 3020.dat
1 14 591.77978 -692.61236 -40 0.97815 0.20791 0 -0.20791 0.97815 0 0 0 1 3020.dat
1 14 591.77978 -692.61236 0 0.97815 0.20791 0 -0.20791 0.97815 0 0 0 1 3020.dat
1 14 591.77978 -692.61236 40 0.97815 0.20791 0 -0.20791 0.97815 0 0 0 1 3020.dat
1 14 670.03159 -709.2453 -40 0.97815 0.20791 0 -0.20791 0.97815 0 0 0 1 3020.dat
1 14 670.03159 -709.2453 0 0.97815 0.20791 0 -0.20791 0.97815 0 0 0 1 3020.dat
1 14 670.03159 -709.2453 40 0.97815 0.20791 0 -0.20791 0.97815 0 0 0 1 3020.dat
1 14 748.2834 -725.87823 -40 0.97815 0.20791 0 -0.20791 0.97815 0 0 0 1 3020.dat
1 14 748.2834 -725.87823 0 0.97815 0.20791 0 -0.20791 0.97815 0 0 0 1 3020.dat
1 14 748.2834 -725.87823 40 0.97815 0.20791 0 -0.20791 0.97815 0 0 0 1 3020.dat
1 14 826.53521 -742.51117 -40 0.97815 0.20791 0 -0.20791 0.97815 0 0 0 1 3020.dat
1 14 826.53521 -742.51117 0 0.97815 0.20791 0 -0.20791 0.97815 0 0 0 1 3020.dat
1 14 826.53521 -742.51117 40 0.97815 0.20791 0 -0.20791 0.97815 0 0 0 1 3020.dat
1 14 904.78701 -759.1441 -40 0.97815 0.20791 0 -0.20791 0.97815 0 0 0 1 3020.dat
1 14 904.78701 -759.1441 0 0.97815 0.20791 0 -0.20791 0.97815 0 0 0 1 3020.dat
1 14 904.78701 -759.1441 40 0.97815 0.20791 0 -0.20791 0.97815 0 0 0 1 3020.dat
1 14 983.03882 -775.77704 -40 0.97815 0.20791 0 -0.20791 0.97815 0 0 0 1 3020.dat
1 14 983.03882 -775.77704 0 0.97815 0.20791 0 -0.20791 0.97815 0 0 0 1 3020.dat
1 14 983.03882 -775.77704 40 0.97815 0.20791 0 -0.20791 0.97815 0 0 0 1 3020.dat
1 14 1061.29063 -792.40997 -40 0.97815 0.20791 0 -0.20791 0.97815 0 0 0 1 3020.dat
1 14 1061.29063 -792.40997 0 0.97815 0.20791 0 -0.20791 0.97815 0 0 0 1 3020.dat
1 14 1061.29063 -792.40997 40 0.97815 0.20791 0 -0.20791 0.97815 0 0 0 1 3020.dat
1 14 1139.54244 -809.04291 -40 0.97815 0.20791 0 -0.20791 0.97815 0 0 0 1 3020.dat
1 14 1139.54244 -809.04291 0 0.97815 0.20791 0 -0.20791 0.97815 0 0 0 1 3020.dat
1 14 1139.54244 -809.04291 40 0.97815 0.20791 0 -0.20791 0.97815 0 0 0 1 3020.dat
0 STEP
1 14 257.5463 -629.74757 -50 0.97815 0.20791 0 -0.20791 0.97815 0 0 0 1 3069b.dat
1 14 257.5463 -629.74757 -30 0.97815 0.20791 0 -0.20791 0.97815 0 0 0 1 3069b.dat
1 14 257.5463 -629.74757 -10 0.97815 0.20791 0 -0.20791 0.97815 0 0 0 1 3069b.dat
1 14 257.5463 -629.74757 10 0.97815 0.20791 0 -0.20791 0.97815 0 0 0 1 3069b.dat
1 14 257.5463 -629.74757 30 0.97815 0.20791 0 -0.20791 0.97815 0 0 0 1 3069b.dat
1 14 257.5463 -629.74757 50 0.97815 0.20791 0 -0.20791 0.97815 0 0 0 1 3069b.dat
1 14 296.67221 -638.06403 -50 0.97815 0.20791 0 -0.20791 0.97815 0 0 0 1 3069b.dat
1 14 296.67221 -638.06403 -30 0.97815 0.20791 0 -0.20791 0.97815 0 0 0 1 3069b.dat
1 14 296.67221 -638.06403 -10 0.97815 0.20791 0 -0.20791 0.97815 0 0 0 1 3069b.dat
1 14 296.67221 -638.06403 10 0.97815 0.20791 0 -0.20791 0.97815 0 0 0 1 3069b.dat
1 14 296.67221 -638.06403 30 0.97815 0.20791 0 -0.20791 0.97815 0 0 0 1 3069b.dat
1 14 296.67221 -638.06403 50 0.97815 0.20791 0 -0.20791 0.97815 0 0 0 1 3069b.dat
1 14 335.79811 -646.3805 -50 0.97815 0.20791 0 -0.20791 0.97815 0 0 0 1 3069b.dat
1 14 335.79811 -646.3805 -30 0.97815 0.20791 0 -0.20791 0.97815 0 0 0 1 3069b.dat
1 14 335.79811 -646.3805 -10 0.97815 0.20791 0 -0.20791 0.97815 0 0 0 1 3069b.dat
1 14 335.79811 -646.3805 10 0.97815 0.20791 0 -0.20791 0.97815 0 0 0 1 3069b.dat
1 14 335.79811 -646.3805 30 0.97815 0.20791 0 -0.20791 0.97815 0 0 0 1 3069b.dat
1 14 335.79811 -646.3805 50 0.97815 0.20791 0 -0.20791 0.97815 0 0 0 1 3069b.dat
1 14 374.92402 -654.69697 -50 0.97815 0.20791 0 -0.20791 0.97815 0 0 0 1 3069b.dat
1 14 374.92402 -654.69697 -30 0.97815 0.20791 0 -0.20791 0.97815 0 0 0 1 3069b.dat
1 14 374.92402 -654.69697 -10 0.97815 0.20791 0 -0.20791 0.97815 0 0 0 1 3069b.dat
1 14 374.92402 -654.69697 10 0.97815 0.20791 0 -0.20791 0.97815 0 0 0 1 3069b.dat
1 14 374.92402 -654.69697 30 0.97815 0.20791 0 -0.20791 0.97815 0 0 0 1 3069b.dat
1 14 374.92402 -654.69697 50 0.97815 0.20791 0 -0.20791 0.97815 0 0 0 1 3069b.dat
1 14 414.04992 -663.01344 -50 0.97815 0.20791 0 -0.20791 0.97815 0 0 0 1 3069b.dat
1 14 414.04992 -663.01344 -30 0.97815 0.20791 0 -0.20791 0.97815 0 0 0 1 3069b.dat
1 14 414.04992 -663.01344 -10 0.97815 0.20791 0 -0.20791 0.97815 0 0 0 1 3069b.dat
1 14 414.04992 -663.01344 10 0.97815 0.20791 0 -0.20791 0.97815 0 0 0 1 3069b.dat
1 14 414.04992 -663.01344 30 0.97815 0.20791 0 -0.20791 0.97815 0 0 0 1 3069b.dat
1 14 414.04992 -663.01344 50 0.97815 0.20791 0 -0.20791 0.97815 0 0 0 1 3069b.dat
1 14 453.17582 -671.3299 -50 0.97815 0.20791 0 -0.20791 0.97815 0 0 0 1 3069b.dat
1 14 453.17582 -671.3299 -30 0.97815 0.20791 0 -0.20791 0.97815 0 0 0 1 3069b.dat
1 14 453.17582 -671.3299 -10 0.97815 0.20791 0 -0.20791 0.97815 0 0 0 1 3069b.dat
1 14 453.17582 -671.3299 10 0.97815 0.20791 0 -0.20791 0.97815 0 0 0 1 3069b.dat
1 14 453.17582 -671.3299 30 0.97815 0.20791 0 -0.20791 0.97815 0 0 0 1 3069b.dat
1 14 453.17582 -671.3299 50 0.97815 0.20791 0 -0.20791 0.97815 0 0 0 1 3069b.dat
1 14 492.30173 -679.64637 -50 0.97815 0.20791 0 -0.20791 0.97815 0 0 0 1 3069b.dat
1 14 492.30173 -679.64637 -30 0.97815 0.20791 0 -0.20791 0.97815 0 0 0 1 3069b.dat
1 14 492.30173 -679.64637 -10 0.97815 0.20791 0 -0.20791 0.97815 0 0 0 1 3069b.dat
1 14 492.30173 -679.64637 10 0.97815 0.20791 0 -0.20791 0.97815 0 0 0 1 3069b.dat
1 14 492.30173 -679.64637 30 0.97815 0.20791 0 -0.20791 0.97815 0 0 0 1 3069b.dat
1 14 492.30173 -679.64637 50 0.97815 0.20791 0 -0.20791 0.97815 0 0 0 1 3069b.dat
1 14 531.42763 -687.96284 -50 0.97815 0.20791 0 -0.20791 0.97815 0 0 0 1 3069b.dat
1 14 531.42763 -687.96284 -30 0.97815 0.20791 0 -0.20791 0.97815 0 0 0 1 3069b.dat
1 14 531.42763 -687.96284 -10 0.97815 0.20791 0 -0.20791 0.97815 0 0 0 1 3069b.dat
1 14 531.42763 -687.96284 10 0.97815 0.20791 0 -0.20791 0.97815 0 0 0 1 3069b.dat
1 14 531.42763 -687.96284 30 0.97815 0.20791 0 -0.20791 0.97815 0 0 0 1 3069b.dat
1 14 531.42763 -687.96284 50 0.97815 0.20791 0 -0.20791 0.97815 0 0 0 1 3069b.dat
1 14 570.55354 -696.27931 -50 0.97815 0.20791 0 -0.20791 0.97815 0 0 0 1 3069b.dat
1 14 570.55354 -696.27931 -30 0.97815 0.20791 0 -0.20791 0.97815 0 0 0 1 3069b.dat
1 14 570.55354 -696.27931 -10 0.97815 0.20791 0 -0.20791 0.97815 0 0 0 1 3069b.dat
1 14 570.55354 -696.27931 10 0.97815 0.20791 0 -0.20791 0.97815 0 0 0 1 3069b.dat
1 14 570.55354 -696.27931 30 0.97815 0.20791 0 -0.20791 0.97815 0 0 0 1 3069b.dat
1 14 570.55354 -696.27931 50 0.97815 0.20791 0 -0.20791 0.97815 0 0 0 1 3069b.dat
1 14 609.67944 -704.59577 -50 0.97815 0.20791 0 -0.20791 0.97815 0 0 0 1 3069b.dat
1 14 609.67944 -704.59577 -30 0.97815 0.20791 0 -0.20791 0.97815 0 0 0 1 3069b.dat
1 14 609.67944 -704.59577 -10 0.97815 0.20791 0 -0.20791 0.97815 0 0 0 1 3069b.dat
1 14 609.67944 -704.59577 10 0.97815 0.20791 0 -0.20791 0.97815 0 0 0 1 3069b.dat
1 14 609.67944 -704.59577 30 0.97815 0.20791 0 -0.20791 0.97815 0 0 0 1 3069b.dat
1 14 609.67944 -704.59577 50 0.97815 0.20791 0 -0.20791 0.97815 0 0 0 1 3069b.dat
1 14 648.80534 -712.91224 -50 0.97815 0.20791 0 -0.20791 0.97815 0 0 0 1 3069b.dat
1 14 648.80534 -712.91224 -30 0.97815 0.20791 0 -0.20791 0.97815 0 0 0 1 3069b.dat
1 14 648.80534 -712.91224 -10 0.97815 0.20791 0 -0.20791 0.97815 0 0 0 1 3069b.dat
1 14 648.80534 -712.91224 10 0.97815 0.20791 0 -0.20791 0.97815 0 0 0 1 3069b.dat
1 14 648.80534 -712.91224 30 0.97815 0.20791 0 -0.20791 0.97815 0 0 0 1 3069b.dat
1 14 648.80534 -712.91224 50 0.97815 0.20791 0 -0.20791 0.97815 0 0 0 1 3069b.dat
1 14 687.93125 -721.22871 -50 0.97815 0.20791 0 -0.20791 0.97815 0 0 0 1 3069b.dat
1 14 687.93125 -721.22871 -30 0.97815 0.20791 0 -0.20791 0.97815 0 0 0 1 3069b.dat
1 14 687.93125 -721.22871 -10 0.97815 0.20791 0 -0.20791 0.97815 0 0 0 1 3069b.dat
1 14 687.93125 -721.22871 10 0.97815 0.20791 0 -0.20791 0.97815 0 0 0 1 3069b.dat
1 14 687.93125 -721.22871 30 0.97815 0.20791 0 -0.20791 0.97815 0 0 0 1 3069b.dat
1 14 687.93125 -721.22871 50 0.97815 0.20791 0 -0.20791 0.97815 0 0 0 1 3069b.dat
1 14 727.05715 -729.54518 -50 0.97815 0.20791 0 -0.20791 0.97815 0 0 0 1 3069b.dat
1 14 727.05715 -729.54518 -30 0.97815 0.20791 0 -0.20791 0.97815 0 0 0 1 3069b.dat
1 14 727.05715 -729.54518 -10 0.97815 0.20791 0 -0.20791 0.97815 0 0 0 1 3069b.dat
1 14 727.05715 -729.54518 10 0.97815 0.20791 0 -0.20791 0.97815 0 0 0 1 3069b.dat
1 14 727.05715 -729.54518 30 0.97815 0.20791 0 -0.20791 0.97815 0 0 0 1 3069b.dat
1 14 727.05715 -729.54518 50 0.97815 0.20791 0 -0.20791 0.97815 0 0 0 1 3069b.dat
1 14 766.18306 -737.86165 -50 0.97815 0.20791 0 -0.20791 0.97815 0 0 0 1 3069b.dat
1 14 766.18306 -737.86165 -30 0.97815 0.20791 0 -0.20791 0.97815 0 0 0 1 3069b.dat
1 14 766.18306 -737.86165 -10 0.97815 0.20791 0 -0.20791 0.97815 0 0 0 1 3069b.dat
1 14 766.18306 -737.86165 10 0.97815 0.20791 0 -0.20791 0.97815 0 0 0 1 3069b.dat
1 14 766.18306 -737.86165 30 0.97815 0.20791 0 -0.20791 0.97815 0 0 0 1 3069b.dat
1 14 766.18306 -737.86165 50 0.97815 0.20791 0 -0.20791 0.97815 0 0 0 1 3069b.dat
1 14 805.30896 -746.17811 -50 0.97815 0.20791 0 -0.20791 0.97815 0 0 0 1 3069b.dat
1 14 805.30896 -746.17811 -30 0.97815 0.20791 0 -0.20791 0.97815 0 0 0 1 3069b.dat
1 14 805.30896 -746.17811 -10 0.97815 0.20791 0 -0.20791 0.97815 0 0 0 1 3069b.dat
1 14 805.30896 -746.17811 10 0.97815 0.20791 0 -0.20791 0.97815 0 0 0 1 3069b.dat
1 14 805.30896 -746.17811 30 0.97815 0.20791 0 -0.20791 0.97815 0 0 0 1 3069b.dat
1 14 805.30896 -746.17811 50 0.97815 0.20791 0 -0.20791 0.97815 0 0 0 1 3069b.dat
1 14 844.43486 -754.49458 -50 0.97815 0.20791 0 -0.20791 0.97815 0 0 0 1 3069b.dat
1 14 844.43486 -754.49458 -30 0.97815 0.20791 0 -0.20791 0.97815 0 0 0 1 3069b.dat
1 14 844.43486 -754.49458 -10 0.97815 0.20791 0 -0.20791 0.97815 0 0 0 1 3069b.dat
1 14 844.43486 -754.49458 10 0.97815 0.20791 0 -0.20791 0.97815 0 0 0 1 3069b.dat
1 14 844.43486 -754.49458 30 0.97815 0.20791 0 -0.20791 0.97815 0 0 0 1 3069b.dat
1 14 844.43486 -754.49458 50 0.97815 0.20791 0 -0.20791 0.97815 0 0 0 1 3069b.dat
1 14 883.56077 -762.81105 -50 0.97815 0.20791 0 -0.20791 0.97815 0 0 0 1 3069b.dat
1 14 883.56077 -762.81105 -30 0.97815 0.20791 0 -0.20791 0.97815 0 0 0 1 3069b.dat
1 14 883.56077 -762.81105 -10 0.97815 0.20791 0 -0.20791 0.97815 0 0 0 1 3069b.dat
1 14 883.56077 -762.81105 10 0.97815 0.20791 0 -0.20791 0.97815 0 0 0 1 3069b.dat
1 14 883.56077 -762.81105 30 0.97815 0.20791 0 -0.20791 0.97815 0 0 0 1 3069b.dat
1 14 883.56077 -762.81105 50 0.97815 0.20791 0 -0.20791 0.97815 0 0 0 1 3069b.dat
1 14 922.68667 -771.12752 -50 0.97815 0.20791 0 -0.20791 0.97815 0 0 0 1 3069b.dat
1 14 922.68667 -771.12752 -30 0.97815 0.20791 0 -0.20791 0.97815 0 0 0 1 3069b.dat
1 14 922.68667 -771.12752 -10 0.97815 0.20791 0 -0.20791 0.97815 0 0 0 1 3069b.dat
1 14 922.68667 -771.12752 10 0.97815 0.20791 0 -0.20791 0.97815 0 0 0 1 3069b.dat
1 14 922.68667 -771.12752 30 0.97815 0.20791 0 -0.20791 0.97815 0 0 0 1 3069b.dat
1 14 922.68667 -771.12752 50 0.97815 0.20791 0 -0.20791 0.97815 0 0 0 1 3069b.dat
1 14 961.81258 -779.44398 -50 0.97815 0.20791 0 -0.20791 0.97815 0 0 0 1 3069b.dat
1 14 961.81258 -779.44398 -30 0.97815 0.20791 0 -0.20791 0.97815 0 0 0 1 3069b.dat
1 14 961.81258 -779.44398 -10 0.97815 0.20791 0 -0.20791 0.97815 0 0 0 1 3069b.dat
1 14 961.81258 -779.44398 10 0.97815 0.20791 0 -0.20791 0.97815 0 0 0 1 3069b.dat
1 14 961.81258 -779.44398 30 0.97815 0.20791 0 -0.20791 0.97815 0 0 0 1 3069b.dat
1 14 961.81258 -779.44398 50 0.97815 0.20791 0 -0.20791 0.97815 0 0 0 1 3069b.dat
1 14 1000.93848 -787.76045 -50 0.97815 0.20791 0 -0.20791 0.97815 0 0 0 1 3069b.dat
1 14 1000.93848 -787.76045 -30 0.97815 0.20791 0 -0.20791 0.97815 0 0 0 1 3069b.dat
1 14 1000.93848 -787.76045 -10 0.97815 0.20791 0 -0.20791 0.97815 0 0 0 1 3069b.dat
1 14 1000.93848 -787.76045 10 0.97815 0.20791 0 -0.20791 0.97815 0 0 0 1 3069b.dat
1 14 1000.93848 -787.76045 30 0.97815 0.20791 0 -0.20791 0.97815 0 0 0 1 3069b.dat
1 14 1000.93848 -787.76045 50 0.97815 0.20791 0 -0.20791 0.97815 0 0 0 1 3069b.dat
1 14 1040.06438 -796.07692 -50 0.97815 0.20791 0 -0.20791 0.97815 0 0 0 1 3069b.dat
1 14 1040.06438 -796.07692 -30 0.97815 0.20791 0 -0.20791 0.97815 0 0 0 1 3069b.dat
1 14 1040.06438 -796.07692 -10 0.97815 0.20791 0 -0.20791 0.97815 0 0 0 1 3069b.dat
1 14 1040.06438 -796.07692 10 0.97815 0.20791 0 -0.20791 0.97815 0 0 0 1 3069b.dat
1 14 1040.06438 -796.07692 30 0.97815 0.20791 0 -0.20791 0.97815 0 0 0 1 3069b.dat
1 14 1040.06438 -796.07692 50 0.97815 0.20791 0 -0.20791 0.97815 0 0 0 1 3069b.dat
1 14 1079.19029 -804.39339 -50 0.97815 0.20791 0 -0.20791 0.97815 0 0 0 1 3069b.dat
1 14 1079.19029 -804.39339 -30 0.97815 0.20791 0 -0.20791 0.97815 0 0 0 1 3069b.dat
1 14 1079.19029 -804.39339 -10 0.97815 0.20791 0 -0.20791 0.97815 0 0 0 1 3069b.dat
1 14 1079.19029 -804.39339 10 0.97815 0.20791 0 -0.20791 0.97815 0 0 0 1 3069b.dat
1 14 1079.19029 -804.39339 30 0.97815 0.20791 0 -0.20791 0.97815 0 0 0 1 3069b.dat
1 14 1079.19029 -804.39339 50 0.97815 0.20791 0 -0.20791 0.97815 0 0 0 1 3069b.dat
1 14 1118.31619 -812.70985 -50 0.97815 0.20791 0 -0.20791 0.97815 0 0 0 1 3069b.dat
1 14 1118.31619 -812.70985 -30 0.97815 0.20791 0 -0.20791 0.97815 0 0 0 1 3069b.dat
1 14 1118.31619 -812.70985 -10 0.97815 0.20791 0 -0.20791 0.97815 0 0 0 1 3069b.dat
1 14 1118.31619 -812.70985 10 0.97815 0.20791 0 -0.20791 0.97815 0 0 0 1 3069b.dat
1 14 1118.31619 -812.70985 30 0.97815 0.20791 0 -0.20791 0.97815 0 0 0 1 3069b.dat
1 14 1118.31619 -812.70985 50 0.97815 0.20791 0 -0.20791 0.97815 0 0 0 1 3069b.dat
1 14 1157.4421 -821.02632 -50 0.97815 0.20791 0 -0.20791 0.97815 0 0 0 1 3069b.dat
1 14 1157.4421 -821.02632 -30 0.97815 0.20791 0 -0.20791 0.97815 0 0 0 1 3069b.dat
1 14 1157.4421 -821.02632 -10 0.97815 0.20791 0 -0.20791 0.97815 0 0 0 1 3069b.dat
1 14 1157.4421 -821.02632 10 0.97815 0.20791 0 -0.20791 0.97815 0 0 0 1 3069b.dat
1 14 1157.4421 -821.02632 30 0.97815 0.20791 0 -0.20791 0.97815 0 0 0 1 3069b.dat
1 14 1157.4421 -821.02632 50 0.97815 0.20791 0 -0.20791 0.97815 0 0 0 1 3069b.dat
0 STEP
1 14 593.34836 -627.51597 -20 0.97815 0.20791 0 -0.20791 0.97815 0 0 0 1 3020.dat
1 14 593.34836 -627.51597 20 0.97815 0.20791 0 -0.20791 0.97815 0 0 0 1 3020.dat
1 14 671.60017 -644.14891 -20 0.97815 0.20791 0 -0.20791 0.97815 0 0 0 1 3020.dat
1 14 671.60017 -644.14891 20 0.97815 0.20791 0 -0.20791 0.97815 0 0 0 1 3020.dat
1 14 749.85197 -660.78184 -20 0.97815 0.20791 0 -0.20791 0.97815 0 0 0 1 3020.dat
1 14 749.85197 -660.78184 20 0.97815 0.20791 0 -0.20791 0.97815 0 0 0 1 3020.dat
1 14 828.10378 -677.41478 -20 0.97815 0.20791 0 -0.20791 0.97815 0 0 0 1 3020.dat
1 14 828.10378 -677.41478 20 0.97815 0.20791 0 -0.20791 0.97815 0 0 0 1 3020.dat
1 14 906.35559 -694.04771 -20 0.97815 0.20791 0 -0.20791 0.97815 0 0 0 1 3020.dat
1 14 906.35559 -694.04771 20 0.97815 0.20791 0 -0.20791 0.97815 0 0 0 1 3020.dat
1 14 984.6074 -710.68065 -20 0.97815 0.20791 0 -0.20791 0.97815 0 0 0 1 3020.dat
1 14 984.6074 -710.68065 20 0.97815 0.20791 0 -0.20791 0.97815 0 0 0 1 3020.dat
1 14 1062.85921 -727.31358 -20 0.97815 0.20791 0 -0.20791 0.97815 0 0 0 1 3020.dat
1 14 1062.85921 -727.31358 20 0.97815 0.20791 0 -0.20791 0.97815 0 0 0 1 3020.dat
1 14 1141.11101 -743.94652 -20 0.97815 0.20791 0 -0.20791 0.97815 0 0 0 1 3020.dat
1 14 1141.11101 -743.94652 20 0.97815 0.20791 0 -0.20791 0.97815 0 0 0 1 3020.dat
1 14 1219.36282 -760.57946 -20 0.97815 0.20791 0 -0.20791 0.97815 0 0 0 1 3020.dat
1 14 1219.36282 -760.57946 20 0.97815 0.20791 0 -0.20791 0.97815 0 0 0 1 3020.dat
1 14 1297.61463 -777.21239 -20 0.97815 0.20791 0 -0.20791 0.97815 0 0 0 1 3020.dat
1 14 1297.61463 -777.21239 20 0.97815 0.20791 0 -0.20791 0.97815 0 0 0 1 3020.dat
1 14 1375.86644 -793.84533 -20 0.97815 0.20791 0 -0.20791 0.97815 0 0 0 1 3020.dat
1 14 1375.86644 -793.84533 20 0.97815 0.20791 0 -0.20791 0.97815 0 0 0 1 3020.dat
0 STEP
1 14 568.79553 -646.83328 -30 0.97815 0.20791 0 -0.20791 0.97815 0 0 0 1 3004.dat
1 14 607.92143 -655.14975 -30 0.97815 0.20791 0 -0.20791 0.97815 0 0 0 1 3004.dat
1 14 647.04733 -663.46622 -30 0.97815 0.20791 0 -0.20791 0.97815 0 0 0 1 3004.dat
1 14 686.17324 -671.78268 -30 0.97815 0.20791 0 -0.20791 0.97815 0 0 0 1 3004.dat
1 14 725.29914 -680.09915 -30 0.97815 0.20791 0 -0.20791 0.97815 0 0 0 1 3004.dat
1 14 764.42505 -688.41562 -30 0.97815 0.20791 0 -0.20791 0.97815 0 0 0 1 3004.dat
1 14 803.55095 -696.73209 -30 0.97815 0.20791 0 -0.20791 0.97815 0 0 0 1 3004.dat
1 14 842.67685 -705.04856 -30 0.97815 0.20791 0 -0.20791 0.97815 0 0 0 1 3004.dat
1 14 881.80276 -713.36502 -30 0.97815 0.20791 0 -0.20791 0.97815 0 0 0 1 3004.dat
1 14 920.92866 -721.68149 -30 0.97815 0.20791 0 -0.20791 0.97815 0 0 0 1 3004.dat
1 14 960.05457 -729.99796 -30 0.97815 0.20791 0 -0.20791 0.97815 0 0 0 1 3004.dat
1 14 999.18047 -738.31443 -30 0.97815 0.20791 0 -0.20791 0.97815 0 0 0 1 3004.dat
1 14 1038.30637 -746.63089 -30 0.97815 0.20791 0 -0.20791 0.97815 0 0 0 1 3004.dat
1 14 1077.43228 -754.94736 -30 0.97815 0.20791 0 -0.20791 0.97815 0 0 0 1 3004.dat
1 14 1116.55818 -763.26383 -30 0.97815 0.20791 0 -0.20791 0.97815 0 0 0 1 3004.dat
1 14 1155.68409 -771.5803 -30 0.97815 0.20791 0 -0.20791 0.97815 0 0 0 1 3004.dat
1 14 1194.80999 -779.89676 -30 0.97815 0.20791 0 -0.20791 0.97815 0 0 0 1 3004.dat
1 14 1233.93589 -788.21323 -30 0.97815 0.20791 0 -0.20791 0.97815 0 0 0 1 3004.dat
1 14 1273.0618 -796.5297 -30 0.97815 0.20791 0 -0.20791 0.97815 0 0 0 1 3004.dat
1 14 1312.1877 -804.84617 -30 0.97815 0.20791 0 -0.20791 0.97815 0 0 0 1 3004.dat
1 14 1351.31361 -813.16263 -30 0.97815 0.20791 0 -0.20791 0.97815 0 0 0 1 3004.dat
1 14 1390.43951 -821.4791 -30 0.97815 0.20791 0 -0.20791 0.97815 0 0 0 1 3004.dat
1 14 568.79553 -646.83328 30 0.97815 0.20791 0 -0.20791 0.97815 0 0 0 1 3004.dat
1 14 607.92143 -655.14975 30 0.97815 0.20791 0 -0.20791 0.97815 0 0 0 1 3004.dat
1 14 647.04733 -663.46622 30 0.97815 0.20791 0 -0.20791 0.97815 0 0 0 1 3004.dat
1 14 686.17324 -671.78268 30 0.97815 0.20791 0 -0.20791 0.97815 0 0 0 1 3004.dat
1 14 725.29914 -680.09915 30 0.97815 0.20791 0 -0.20791 0.97815 0 0 0 1 3004.dat
1 14 764.42505 -688.41562 30 0.97815 0.20791 0 -0.20791 0.97815 0 0 0 1 3004.dat
1 14 803.55095 -696.73209 30 0.97815 0.20791 0 -0.20791 0.97815 0 0 0 1 3004.dat
1 14 842.67685 -705.04856 30 0.97815 0.20791 0 -0.20791 0.97815 0 0 0 1 3004.dat
1 14 881.80276 -713.36502 30 0.97815 0.20791 0 -0.20791 0.97815 0 0 0 1 3004.dat
1 14 920.92866 -721.68149 30 0.97815 0.20791 0 -0.20791 0.97815 0 0 0 1 3004.dat
1 14 960.05457 -729.99796 30 0.97815 0.20791 0 -0.20791 0.97815 0 0 0 1 3004.dat
1 14 999.18047 -738.31443 30 0.97815 0.20791 0 -0.20791 0.97815 0 0 0 1 3004.dat
1 14 1038.30637 -746.63089 30 0.97815 0.20791 0 -0.20791 0.97815 0 0 0 1 3004.dat
1 14 1077.43228 -754.94736 30 0.97815 0.20791 0 -0.20791 0.97815 0 0 0 1 3004.dat
1 14 1116.55818 -763.26383 30 0.97815 0.20791 0 -0.20791 0.97815 0 0 0 1 3004.dat
1 14 1155.68409 -771.5803 30 0.97815 0.20791 0 -0.20791 0.97815 0 0 0 1 3004.dat
1 14 1194.80999 -779.89676 30 0.97815 0.20791 0 -0.20791 0.97815 0 0 0 1 3004.dat
1 14 1233.93589 -788.21323 30 0.97815 0.20791 0 -0.20791 0.97815 0 0 0 1 3004.dat
1 14 1273.0618 -796.5297 30 0.97815 0.20791 0 -0.20791 0.97815 0 0 0 1 3004.dat
1 14 1312.1877 -804.84617 30 0.97815 0.20791 0 -0.20791 0.97815 0 0 0 1 3004.dat
1 14 1351.31361 -813.16263 30 0.97815 0.20791 0 -0.20791 0.97815 0 0 0 1 3004.dat
1 14 1390.43951 -821.4791 30 0.97815 0.20791 0 -0.20791 0.97815 0 0 0 1 3004.dat
0 STEP
1 14 586.69518 -658.8167 -20 0.97815 0.20791 0 -0.20791 0.97815 0 0 0 1 3020.dat
1 14 586.69518 -658.8167 20 0.97815 0.20791 0 -0.20791 0.97815 0 0 0 1 3020.dat
1 14 664.94699 -675.44963 -20 0.97815 0.20791 0 -0.20791 0.97815 0 0 0 1 3020.dat
1 14 664.94699 -675.44963 20 0.97815 0.20791 0 -0.20791 0.97815 0 0 0 1 3020.dat
1 14 743.1988 -692.08257 -20 0.97815 0.20791 0 -0.20791 0.97815 0 0 0 1 3020.dat
1 14 743.1988 -692.08257 20 0.97815 0.20791 0 -0.20791 0.97815 0 0 0 1 3020.dat
1 14 821.45061 -708.7155 -20 0.97815 0.20791 0 -0.20791 0.97815 0 0 0 1 3020.dat
1 14 821.45061 -708.7155 20 0.97815 0.20791 0 -0.20791 0.97815 0 0 0 1 3020.dat
1 14 899.70242 -725.34844 -20 0.97815 0.20791 0 -0.20791 0.97815 0 0 0 1 3020.dat
1 14 899.70242 -725.34844 20 0.97815 0.20791 0 -0.20791 0.97815 0 0 0 1 3020.dat
1 14 977.95422 -741.98137 -20 0.97815 0.20791 0 -0.20791 0.97815 0 0 0 1 3020.dat
1 14 977.95422 -741.98137 20 0.97815 0.20791 0 -0.20791 0.97815 0 0 0 1 3020.dat
1 14 1056.20603 -758.61431 -20 0.97815 0.20791 0 -0.20791 0.97815 0 0 0 1 3020.dat
1 14 1056.20603 -758.61431 20 0.97815 0.20791 0 -0.20791 0.97815 0 0 0 1 3020.dat
1 14 1134.45784 -775.24724 -20 0.97815 0.20791 0 -0.20791 0.97815 0 0 0 1 3020.dat
1 14 1134.45784 -775.24724 20 0.97815 0.20791 0 -0.20791 0.97815 0 0 0 1 3020.dat
1 14 1212.70965 -791.88018 -20 0.97815 0.20791 0 -0.20791 0.97815 0 0 0 1 3020.dat
1 14 1212.70965 -791.88018 20 0.97815 0.20791 0 -0.20791 0.97815 0 0 0 1 3020.dat
1 14 1290.96146 -808.51311 -20 0.97815 0.20791 0 -0.20791 0.97815 0 0 0 1 3020.dat
1 14 1290.96146 -808.51311 20 0.97815 0.20791 0 -0.20791 0.97815 0 0 0 1 3020.dat
1 14 1369.21326 -825.14605 -20 0.97815 0.20791 0 -0.20791 0.97815 0 0 0 1 3020.dat
1 14 1369.21326 -825.14605 20 0.97815 0.20791 0 -0.20791 0.97815 0 0 0 1 3020.dat
0 STEP
1 14 565.46894 -662.48364 -30 0.97815 0.20791 0 -0.20791 0.97815 0 0 0 1 3069b.dat
1 14 565.46894 -662.48364 -10 0.97815 0.20791 0 -0.20791 0.97815 0 0 0 1 3069b.dat
1 14 565.46894 -662.48364 10 0.97815 0.20791 0 -0.20791 0.97815 0 0 0 1 3069b.dat
1 14 565.46894 -662.48364 30 0.97815 0.20791 0 -0.20791 0.97815 0 0 0 1 3069b.dat
1 14 604.59484 -670.80011 -30 0.97815 0.20791 0 -0.20791 0.97815 0 0 0 1 3069b.dat
1 14 604.59484 -670.80011 -10 0.97815 0.20791 0 -0.20791 0.97815 0 0 0 1 3069b.dat
1 14 604.59484 -670.80011 10 0.97815 0.20791 0 -0.20791 0.97815 0 0 0 1 3069b.dat
1 14 604.59484 -670.80011 30 0.97815 0.20791 0 -0.20791 0.97815 0 0 0 1 3069b.dat
1 14 643.72075 -679.11658 -30 0.97815 0.20791 0 -0.20791 0.97815 0 0 0 1 3069b.dat
1 14 643.72075 -679.11658 -10 0.97815 0.20791 0 -0.20791 0.97815 0 0 0 1 3069b.dat
1 14 643.72075 -679.11658 10 0.97815 0.20791 0 -0.20791 0.97815 0 0 0 1 3069b.dat
1 14 643.72075 -679.11658 30 0.97815 0.20791 0 -0.20791 0.97815 0 0 0 1 3069b.dat
1 14 682.84665 -687.43305 -30 0.97815 0.20791 0 -0.20791 0.97815 0 0 0 1 3069b.dat
1 14 682.84665 -687.43305 -10 0.97815 0.20791 0 -0.20791 0.97815 0 0 0 1 3069b.dat
1 14 682.84665 -687.43305 10 0.97815 0.20791 0 -0.20791 0.97815 0 0 0 1 3069b.dat
1 14 682.84665 -687.43305 30 0.97815 0.20791 0 -0.20791 0.97815 0 0 0 1 3069b.dat
1 14 721.97255 -695.74951 -30 0.97815 0.20791 0 -0.20791 0.97815 0 0 0 1 3069b.dat
1 14 721.97255 -695.74951 -10 0.97815 0.20791 0 -0.20791 0.97815 0 0 0 1 3069b.dat
1 14 721.97255 -695.74951 10 0.97815 0.20791 0 -0.20791 0.97815 0 0 0 1 3069b.dat
1 14 721.97255 -695.74951 30 0.97815 0.20791 0 -0.20791 0.97815 0 0 0 1 3069b.dat
1 14 761.09846 -704.06598 -30 0.97815 0.20791 0 -0.20791 0.97815 0 0 0 1 3069b.dat
1 14 761.09846 -704.06598 -10 0.97815 0.20791 0 -0.20791 0.97815 0 0 0 1 3069b.dat
1 14 761.09846 -704.06598 10 0.97815 0.20791 0 -0.20791 0.97815 0 0 0 1 3069b.dat
1 14 761.09846 -704.06598 30 0.97815 0.20791 0 -0.20791 0.97815 0 0 0 1 3069b.dat
1 14 800.22436 -712.38245 -30 0.97815 0.20791 0 -0.20791 0.97815 0 0 0 1 3069b.dat
1 14 800.22436 -712.38245 -10 0.97815 0.20791 0 -0.20791 0.97815 0 0 0 1 3069b.dat
1 14 800.22436 -712.38245 10 0.97815 0.20791 0 -0.20791 0.97815 0 0 0 1 3069b.dat
1 14 800.22436 -712.38245 30 0.97815 0.20791 0 -0.20791 0.97815 0 0 0 1 3069b.dat
1 14 839.35027 -720.69892 -30 0.97815 0.20791 0 -0.20791 0.97815 0 0 0 1 3069b.dat
1 14 839.35027 -720.69892 -10 0.97815 0.20791 0 -0.20791 0.97815 0 0 0 1 3069b.dat
1 14 839.35027 -720.69892 10 0.97815 0.20791 0 -0.20791 0.97815 0 0 0 1 3069b.dat
1 14 839.35027 -720.69892 30 0.97815 0.20791 0 -0.20791 0.97815 0 0 0 1 3069b.dat
1 14 878.47617 -729.01538 -30 0.97815 0.20791 0 -0.20791 0.97815 0 0 0 1 3069b.dat
1 14 878.47617 -729.01538 -10 0.97815 0.20791 0 -0.20791 0.97815 0 0 0 1 3069b.dat
1 14 878.47617 -729.01538 10 0.97815 0.20791 0 -0.20791 0.97815 0 0 0 1 3069b.dat
1 14 878.47617 -729.01538 30 0.97815 0.20791 0 -0.20791 0.97815 0 0 0 1 3069b.dat
1 14 917.60208 -737.33185 -30 0.97815 0.20791 0 -0.20791 0.97815 0 0 0 1 3069b.dat
1 14 917.60208 -737.33185 -10 0.97815 0.20791 0 -0.20791 0.97815 0 0 0 1 3069b.dat
1 14 917.60208 -737.33185 10 0.97815 0.20791 0 -0.20791 0.97815 0 0 0 1 3069b.dat
1 14 917.60208 -737.33185 30 0.97815 0.20791 0 -0.20791 0.97815 0 0 0 1 3069b.dat
1 14 956.72798 -745.64832 -30 0.97815 0.20791 0 -0.20791 0.97815 0 0 0 1 3069b.dat
1 14 956.72798 -745.64832 -10 0.97815 0.20791 0 -0.20791 0.97815 0 0 0 1 3069b.dat
1 14 956.72798 -745.64832 10 0.97815 0.20791 0 -0.20791 0.97815 0 0 0 1 3069b.dat
1 14 956.72798 -745.64832 30 0.97815 0.20791 0 -0.20791 0.97815 0 0 0 1 3069b.dat
1 14 995.85388 -753.96479 -30 0.97815 0.20791 0 -0.20791 0.97815 0 0 0 1 3069b.dat
1 14 995.85388 -753.96479 -10 0.97815 0.20791 0 -0.20791 0.97815 0 0 0 1 3069b.dat
1 14 995.85388 -753.96479 10 0.97815 0.20791 0 -0.20791 0.97815 0 0 0 1 3069b.dat
1 14 995.85388 -753.96479 30 0.97815 0.20791 0 -0.20791 0.97815 0 0 0 1 3069b.dat
1 14 1034.97979 -762.28126 -30 0.97815 0.20791 0 -0.20791 0.97815 0 0 0 1 3069b.dat
1 14 1034.97979 -762.28126 -10 0.97815 0.20791 0 -0.20791 0.97815 0 0 0 1 3069b.dat
1 14 1034.97979 -762.28126 10 0.97815 0.20791 0 -0.20791 0.97815 0 0 0 1 3069b.dat
1 14 1034.97979 -762.28126 30 0.97815 0.20791 0 -0.20791 0.97815 0 0 0 1 3069b.dat
1 14 1074.10569 -770.59772 -30 0.97815 0.20791 0 -0.20791 0.97815 0 0 0 1 3069b.dat
1 14 1074.10569 -770.59772 -10 0.97815 0.20791 0 -0.20791 0.97815 0 0 0 1 3069b.dat
1 14 1074.10569 -770.59772 10 0.97815 0.20791 0 -0.20791 0.97815 0 0 0 1 3069b.dat
1 14 1074.10569 -770.59772 30 0.97815 0.20791 0 -0.20791 0.97815 0 0 0 1 3069b.dat
1 14 1113.2316 -778.91419 -30 0.97815 0.20791 0 -0.20791 0.97815 0 0 0 1 3069b.dat
1 14 1113.2316 -778.91419 -10 0.97815 0.20791 0 -0.20791 0.97815 0 0 0 1 3069b.dat
1 14 1113.2316 -778.91419 10 0.97815 0.20791 0 -0.20791 0.97815 0 0 0 1 3069b.dat
1 14 1113.2316 -778.91419 30 0.97815 0.20791 0 -0.20791 0.97815 0 0 0 1 3069b.dat
1 14 1152.3575 -787.23066 -30 0.97815 0.20791 0 -0.20791 0.97815 0 0 0 1 3069b.dat
1 14 1152.3575 -787.23066 -10 0.97815 0.20791 0 -0.20791 0.97815 0 0 0 1 3069b.dat
1 14 1152.3575 -787.23066 10 0.97815 0.20791 0 -0.20791 0.97815 0 0 0 1 3069b.dat
1 14 1152.3575 -787.23066 30 0.97815 0.20791 0 -0.20791 0.97815 0 0 0 1 3069b.dat
1 14 1191.4834 -795.54713 -30 0.97815 0.20791 0 -0.20791 0.97815 0 0 0 1 3069b.dat
1 14 1191.4834 -795.54713 -10 0.97815 0.20791 0 -0.20791 0.97815 0 0 0 1 3069b.dat
1 14 1191.4834 -795.54713 10 0.97815 0.20791 0 -0.20791 0.97815 0 0 0 1 3069b.dat
1 14 1191.4834 -795.54713 30 0.97815 0.20791 0 -0.20791 0.97815 0 0 0 1 3069b.dat
1 14 1230.60931 -803.86359 -30 0.97815 0.20791 0 -0.20791 0.97815 0 0 0 1 3069b.dat
1 14 1230.60931 -803.86359 -10 0.97815 0.20791 0 -0.20791 0.97815 0 0 0 1 3069b.dat
1 14 1230.60931 -803.86359 10 0.97815 0.20791 0 -0.20791 0.97815 0 0 0 1 3069b.dat
1 14 1230.60931 -803.86359 30 0.97815 0.20791 0 -0.20791 0.97815 0 0 0 1 3069b.dat
1 14 1269.73521 -812.18006 -30 0.97815 0.20791 0 -0.20791 0.97815 0 0 0 1 3069b.dat
1 14 1269.73521 -812.18006 -10 0.97815 0.20791 0 -0.20791 0.97815 0 0 0 1 3069b.dat
1 14 1269.73521 -812.18006 10 0.97815 0.20791 0 -0.20791 0.97815 0 0 0 1 3069b.dat
1 14 1269.73521 -812.18006 30 0.97815 0.20791 0 -0.20791 0.97815 0 0 0 1 3069b.dat
1 14 1308.86112 -820.49653 -30 0.97815 0.20791 0 -0.20791 0.97815 0 0 0 1 3069b.dat
1 14 1308.86112 -820.49653 -10 0.97815 0.20791 0 -0.20791 0.97815 0 0 0 1 3069b.dat
1 14 1308.86112 -820.49653 10 0.97815 0.20791 0 -0.20791 0.97815 0 0 0 1 3069b.dat
1 14 1308.86112 -820.49653 30 0.97815 0.20791 0 -0.20791 0.97815 0 0 0 1 3069b.dat
1 14 1347.98702 -828.813 -30 0.97815 0.20791 0 -0.20791 0.97815 0 0 0 1 3069b.dat
1 14 1347.98702 -828.813 -10 0.97815 0.20791 0 -0.20791 0.97815 0 0 0 1 3069b.dat
1 14 1347.98702 -828.813 10 0.97815 0.20791 0 -0.20791 0.97815 0 0 0 1 3069b.dat
1 14 1347.98702 -828.813 30 0.97815 0.20791 0 -0.20791 0.97815 0 0 0 1 3069b.dat
1 14 1387.11292 -837.12946 -30 0.97815 0.20791 0 -0.20791 0.97815 0 0 0 1 3069b.dat
1 14 1387.11292 -837.12946 -10 0.97815 0.20791 0 -0.20791 0.97815 0 0 0 1 3069b.dat
1 14 1387.11292 -837.12946 10 0.97815 0.20791 0 -0.20791 0.97815 0 0 0 1 3069b.dat
1 14 1387.11292 -837.12946 30 0.97815 0.20791 0 -0.20791 0.97815 0 0 0 1 3069b.dat
0 STEP
1 14 952.72067 -687.54547 -90 0.97815 0.20791 0 -0.20791 0.97815 0 0 0 1 3004.dat
1 14 962.50215 -689.62458 -110 0.97815 0.20791 0 -0.20791 0.97815 0 0 0 1 3005.dat
1 14 947.73079 -711.02101 -90 0.97815 0.20791 0 -0.20791 0.97815 0 0 0 1 3004.dat
1 14 957.51227 -713.10013 -110 0.97815 0.20791 0 -0.20791 0.97815 0 0 0 1 3005.dat
1 14 942.74091 -734.49655 -90 0.97815 0.20791 0 -0.20791 0.97815 0 0 0 1 3004.dat
1 14 952.52239 -736.57567 -110 0.97815 0.20791 0 -0.20791 0.97815 0 0 0 1 3005.dat
1 14 937.75103 -757.97209 -90 0.97815 0.20791 0 -0.20791 0.97815 0 0 0 1 3004.dat
1 14 947.53251 -760.05121 -110 0.97815 0.20791 0 -0.20791 0.97815 0 0 0 1 3005.dat
1 14 932.76115 -781.44764 -90 0.97815 0.20791 0 -0.20791 0.97815 0 0 0 1 3004.dat
1 14 942.54263 -783.52675 -110 0.97815 0.20791 0 -0.20791 0.97815 0 0 0 1 3005.dat
1 14 952.72067 -687.54547 90 0.97815 0.20791 0 -0.20791 0.97815 0 0 0 1 3004.dat
1 14 962.50215 -689.62458 110 0.97815 0.20791 0 -0.20791 0.97815 0 0 0 1 3005.dat
1 14 947.73079 -711.02101 90 0.97815 0.20791 0 -0.20791 0.97815 0 0 0 1 3004.dat
1 14 957.51227 -713.10013 110 0.97815 0.20791 0 -0.20791 0.97815 0 0 0 1 3005.dat
1 14 942.74091 -734.49655 90 0.97815 0.20791 0 -0.20791 0.97815 0 0 0 1 3004.dat
1 14 952.52239 -736.57567 110 0.97815 0.20791 0 -0.20791 0.97815 0 0 0 1 3005.dat
1 14 937.75103 -757.97209 90 0.97815 0.20791 0 -0.20791 0.97815 0 0 0 1 3004.dat
1 14 947.53251 -760.05121 110 0.97815 0.20791 0 -0.20791 0.97815 0 0 0 1 3005.dat
1 14 932.76115 -781.44764 90 0.97815 0.20791 0 -0.20791 0.97815 0 0 0 1 3004.dat
1 14 942.54263 -783.52675 110 0.97815 0.20791 0 -0.20791 0.97815 0 0 0 1 3005.dat
1 0 927.77127 -804.92318 -70 0.97815 0.20791 0 -0.20791 0.97815 0 0 0 1 3069b.dat
1 0 927.77127 -804.92318 -50 0.97815 0.20791 0 -0.20791 0.97815 0 0 0 1 3069b.dat
1 0 927.77127 -804.92318 -30 0.97815 0.20791 0 -0.20791 0.97815 0 0 0 1 3069b.dat
1 0 927.77127 -804.92318 -10 0.97815 0.20791 0 -0.20791 0.97815 0 0 0 1 3069b.dat
1 0 927.77127 -804.92318 10 0.97815 0.20791 0 -0.20791 0.97815 0 0 0 1 3069b.dat
1 0 927.77127 -804.92318 30 0.97815 0.20791 0 -0.20791 0.97815 0 0 0 1 3069b.dat
1 0 927.77127 -804.92318 50 0.97815 0.20791 0 -0.20791 0.97815 0 0 0 1 3069b.dat
1 0 927.77127 -804.92318 70 0.97815 0.20791 0 -0.20791 0.97815 0 0 0 1 3069b.dat
1 14 1170.74844 -758.42487 -70 0.97815 0.20791 0 -0.20791 0.97815 0 0 0 1 3004.dat
1 14 1180.52992 -760.50399 -90 0.97815 0.20791 0 -0.20791 0.97815 0 0 0 1 3005.dat
1 14 1165.75856 -781.90042 -70 0.97815 0.20791 0 -0.20791 0.97815 0 0 0 1 3004.dat
1 14 1175.54004 -783.97953 -90 0.97815 0.20791 0 -0.20791 0.97815 0 0 0 1 3005.dat
1 14 1160.76868 -805.37596 -70 0.97815 0.20791 0 -0.20791 0.97815 0 0 0 1 3004.dat
1 14 1170.55016 -807.45508 -90 0.97815 0.20791 0 -0.20791 0.97815 0 0 0 1 3005.dat
1 14 1155.7788 -828.8515 -70 0.97815 0.20791 0 -0.20791 0.97815 0 0 0 1 3004.dat
1 14 1165.56028 -830.93062 -90 0.97815 0.20791 0 -0.20791 0.97815 0 0 0 1 3005.dat
1 14 1170.74844 -758.42487 70 0.97815 0.20791 0 -0.20791 0.97815 0 0 0 1 3004.dat
1 14 1180.52992 -760.50399 90 0.97815 0.20791 0 -0.20791 0.97815 0 0 0 1 3005.dat
1 14 1165.75856 -781.90042 70 0.97815 0.20791 0 -0.20791 0.97815 0 0 0 1 3004.dat
1 14 1175.54004 -783.97953 90 0.97815 0.20791 0 -0.20791 0.97815 0 0 0 1 3005.dat
1 14 1160.76868 -805.37596 70 0.97815 0.20791 0 -0.20791 0.97815 0 0 0 1 3004.dat
1 14 1170.55016 -807.45508 90 0.97815 0.20791 0 -0.20791 0.97815 0 0 0 1 3005.dat
1 14 1155.7788 -828.8515 70 0.97815 0.20791 0 -0.20791 0.97815 0 0 0 1 3004.dat
1 14 1165.56028 -830.93062 90 0.97815 0.20791 0 -0.20791 0.97815 0 0 0 1 3005.dat
1 0 1155.7788 -828.8515 -50 0.97815 0.20791 0 -0.20791 0.97815 0 0 0 1 3069b.dat
1 0 1155.7788 -828.8515 -30 0.97815 0.20791 0 -0.20791 0.97815 0 0 0 1 3069b.dat
1 0 1155.7788 -828.8515 -10 0.97815 0.20791 0 -0.20791 0.97815 0 0 0 1 3069b.dat
1 0 1155.7788 -828.8515 10 0.97815 0.20791 0 -0.20791 0.97815 0 0 0 1 3069b.dat
1 0 1155.7788 -828.8515 30 0.97815 0.20791 0 -0.20791 0.97815 0 0 0 1 3069b.dat
1 0 1155.7788 -828.8515 50 0.97815 0.20791 0 -0.20791 0.97815 0 0 0 1 3069b.dat
1 14 1390.43951 -821.4791 -50 0.97815 0.20791 0 -0.20791 0.97815 0 0 0 1 3004.dat
1 14 1400.22099 -823.55822 -70 0.97815 0.20791 0 -0.20791 0.97815 0 0 0 1 3005.dat
1 14 1390.43951 -821.4791 50 0.97815 0.20791 0 -0.20791 0.97815 0 0 0 1 3004.dat
1 14 1400.22099 -823.55822 70 0.97815 0.20791 0 -0.20791 0.97815 0 0 0 1 3005.dat
1 0 1385.44963 -844.95464 -30 0.97815 0.20791 0 -0.20791 0.97815 0 0 0 1 3069b.dat
1 0 1385.44963 -844.95464 -10 0.97815 0.20791 0 -0.20791 0.97815 0 0 0 1 3069b.dat
1 0 1385.44963 -844.95464 10 0.97815 0.20791 0 -0.20791 0.97815 0 0 0 1 3069b.dat
1 0 1385.44963 -844.95464 30 0.97815 0.20791 0 -0.20791 0.97815 0 0 0 1 3069b.dat
0 STEP
1 71 40 -406 -96 0.15008 0.35715 0.92191 0.35715 0.84992 -0.3874 -0.92191 0.3874 0 kirow-large-actuator.ldr
1 0 40 -406 -96 1 0 0 0 1 0 0 0 1 2780.dat
1 0 304.01495 -516.94391 -96 0.97815 0.20791 0 -0.20791 0.97815 0 0 0 1 2780.dat
1 71 40 -406 96 0.15008 0.35715 0.92191 0.35715 0.84992 -0.3874 -0.92191 0.3874 0 kirow-large-actuator.ldr
1 0 40 -406 96 1 0 0 0 1 0 0 0 1 2780.dat
1 0 304.01495 -516.94391 96 0.97815 0.20791 0 -0.20791 0.97815 0 0 0 1 2780.dat
0 STEP
1 0 1412.4974 -813.89956 -30 0.97815 0.20791 0 -0.20791 0.97815 0 0 0 1 4185b.dat
1 0 1412.4974 -813.89956 0 0.97815 0.20791 0 -0.20791 0.97815 0 0 0 1 4185b.dat
1 0 1412.4974 -813.89956 30 0.97815 0.20791 0 -0.20791 0.97815 0 0 0 1 4185b.dat
1 14 1414.1607 -806.07438 -50 0.97815 0.20791 0 -0.20791 0.97815 0 0 0 1 3010.dat
1 14 1438.51524 -835.78728 -60 0 0.20791 0.97815 0 0.97815 -0.20791 -1 0 0 3039.dat
1 14 1414.1607 -806.07438 50 0.97815 0.20791 0 -0.20791 0.97815 0 0 0 1 3010.dat
1 14 1438.51524 -835.78728 60 0 0.20791 0.97815 0 0.97815 -0.20791 -1 0 0 3039.dat
1 0 1412.4974 -813.89956 0 0 0.20791 0.97815 0 0.97815 -0.20791 -1 0 0 3707.dat
0 STEP
1 0 1414.99234 -592.16179 -30 1 0 0 0 1 0 0 0 1 4185b.dat
1 0 1414.99234 -592.16179 30 1 0 0 0 1 0 0 0 1 4185b.dat
1 14 1414.99234 -592.16179 -50 1 0 0 0 1 0 0 0 1 3010.dat
1 0 1414.99234 -600.16179 -50 1 0 0 0 1 0 0 0 1 2431.dat
1 14 1414.99234 -592.16179 50 1 0 0 0 1 0 0 0 1 3010.dat
1 0 1414.99234 -600.16179 50 1 0 0 0 1 0 0 0 1 2431.dat
1 0 1414.99234 -534.16222 0 1 0 0 0 1 0 0 0 1 70644.dat
1 0 1414.99234 -592.16179 0 0 0 1 0 1 0 -1 0 0 3707.dat
0 STEP
1 0 -320 -470 -60 1 0 0 0 1 0 0 0 1 4185b.dat
1 0 -320 -468 -60 1 0 0 0 1 0 0 0 1 3941.dat
1 0 -320 -470 60 1 0 0 0 1 0 0 0 1 4185b.dat
1 0 -320 -468 60 1 0 0 0 1 0 0 0 1 3941.dat
1 0 -240 -470 -60 1 0 0 0 1 0 0 0 1 4185b.dat
1 0 -240 -468 -60 1 0 0 0 1 0 0 0 1 3941.dat
1 0 -240 -470 60 1 0 0 0 1 0 0 0 1 4185b.dat
1 0 -240 -468 60 1 0 0 0 1 0 0 0 1 3941.dat
0 STEP
1 14 -640 -296 -160 1 0 0 0 1 0 0 0 1 2486.dat
1 14 -480 -296 -160 1 0 0 0 1 0 0 0 1 2486.dat
1 14 -320 -296 -160 1 0 0 0 1 0 0 0 1 2486.dat
1 14 -160 -296 -160 1 0 0 0 1 0 0 0 1 2486.dat
1 14 0 -296 -160 1 0 0 0 1 0 0 0 1 2486.dat
1 14 160 -296 -160 1 0 0 0 1 0 0 0 1 2486.dat
1 14 320 -296 -160 1 0 0 0 1 0 0 0 1 2486.dat
1 14 480 -296 -160 1 0 0 0 1 0 0 0 1 2486.dat
1 14 -800 -264 -170 1 0 0 0 1 0 0 0 1 2486.dat
1 14 -800 -264 170 1 0 0 0 1 0 0 0 1 2486.dat
1 14 -640 -264 -170 1 0 0 0 1 0 0 0 1 2486.dat
1 14 -640 -264 170 1 0 0 0 1 0 0 0 1 2486.dat
1 14 520 -264 -170 1 0 0 0 1 0 0 0 1 2486.dat
1 14 520 -264 170 1 0 0 0 1 0 0 0 1 2486.dat
1 14 680 -264 -170 1 0 0 0 1 0 0 0 1 2486.dat
1 14 680 -264 170 1 0 0 0 1 0 0 0 1 2486.dat
0 STEP
1 0 -800 -152 -182 0 1 0 -1 0 0 0 0 1 30374.dat
1 0 -720 -152 -168 1 0 0 0 0 1 0 -1 0 15712.dat
1 0 -800 -152 182 0 1 0 -1 0 0 0 0 1 30374.dat
1 0 -720 -152 184 1 0 0 0 0 1 0 -1 0 15712.dat
1 0 -720 -152 -182 0 1 0 -1 0 0 0 0 1 30374.dat
1 0 -640 -152 -168 1 0 0 0 0 1 0 -1 0 15712.dat
1 0 -720 -152 182 0 1 0 -1 0 0 0 0 1 30374.dat
1 0 -640 -152 184 1 0 0 0 0 1 0 -1 0 15712.dat
1 0 -640 -152 -182 0 1 0 -1 0 0 0 0 1 30374.dat
1 0 -560 -152 -168 1 0 0 0 0 1 0 -1 0 15712.dat
1 0 -640 -152 182 0 1 0 -1 0 0 0 0 1 30374.dat
1 0 -560 -152 184 1 0 0 0 0 1 0 -1 0 15712.dat
1 0 -560 -152 -182 0 1 0 -1 0 0 0 0 1 30374.dat
1 0 -480 -152 -168 1 0 0 0 0 1 0 -1 0 15712.dat
1 0 -560 -152 182 0 1 0 -1 0 0 0 0 1 30374.dat
1 0 -480 -152 184 1 0 0 0 0 1 0 -1 0 15712.dat
1 0 -480 -152 -182 0 1 0 -1 0 0 0 0 1 30374.dat
1 0 -400 -152 -168 1 0 0 0 0 1 0 -1 0 15712.dat
1 0 -480 -152 182 0 1 0 -1 0 0 0 0 1 30374.dat
1 0 -400 -152 184 1 0 0 0 0 1 0 -1 0 15712.dat
1 0 -400 -152 -182 0 1 0 -1 0 0 0 0 1 30374.dat
1 0 -320 -152 -168 1 0 0 0 0 1 0 -1 0 15712.dat
1 0 -400 -152 182 0 1 0 -1 0 0 0 0 1 30374.dat
1 0 -320 -152 184 1 0 0 0 0 1 0 -1 0 15712.dat
1 0 -320 -152 -182 0 1 0 -1 0 0 0 0 1 30374.dat
1 0 -240 -152 -168 1 0 0 0 0 1 0 -1 0 15712.dat
1 0 -320 -152 182 0 1 0 -1 0 0 0 0 1 30374.dat
1 0 -240 -152 184 1 0 0 0 0 1 0 -1 0 15712.dat
1 0 -240 -152 -182 0 1 0 -1 0 0 0 0 1 30374.dat
1 0 -160 -152 -168 1 0 0 0 0 1 0 -1 0 15712.dat
1 0 -240 -152 182 0 1 0 -1 0 0 0 0 1 30374.dat
1 0 -160 -152 184 1 0 0 0 0 1 0 -1 0 15712.dat
1 0 -160 -152 -182 0 1 0 -1 0 0 0 0 1 30374.dat
1 0 -80 -152 -168 1 0 0 0 0 1 0 -1 0 15712.dat
1 0 -160 -152 182 0 1 0 -1 0 0 0 0 1 30374.dat
1 0 -80 -152 184 1 0 0 0 0 1 0 -1 0 15712.dat
1 0 -80 -152 -182 0 1 0 -1 0 0 0 0 1 30374.dat
1 0 0 -152 -168 1 0 0 0 0 1 0 -1 0 15712.dat
1 0 -80 -152 182 0 1 0 -1 0 0 0 0 1 30374.dat
1 0 0 -152 184 1 0 0 0 0 1 0 -1 0 15712.dat
1 0 0 -152 -182 0 1 0 -1 0 0 0 0 1 30374.dat
1 0 80 -152 -168 1 0 0 0 0 1 0 -1 0 15712.dat
1 0 0 -152 182 0 1 0 -1 0 0 0 0 1 30374.dat
1 0 80 -152 184 1 0 0 0 0 1 0 -1 0 15712.dat
1 0 80 -152 -182 0 1 0 -1 0 0 0 0 1 30374.dat
1 0 160 -152 -168 1 0 0 0 0 1 0 -1 0 15712.dat
1 0 80 -152 182 0 1 0 -1 0 0 0 0 1 30374.dat
1 0 160 -152 184 1 0 0 0 0 1 0 -1 0 15712.dat
1 0 160 -152 -182 0 1 0 -1 0 0 0 0 1 30374.dat
1 0 240 -152 -168 1 0 0 0 0 1 0 -1 0 15712.dat
1 0 160 -152 182 0 1 0 -1 0 0 0 0 1 30374.dat
1 0 240 -152 184 1 0 0 0 0 1 0 -1 0 15712.dat
1 0 240 -152 -182 0 1 0 -1 0 0 0 0 1 30374.dat
1 0 320 -152 -168 1 0 0 0 0 1 0 -1 0 15712.dat
1 0 240 -152 182 0 1 0 -1 0 0 0 0 1 30374.dat
1 0 320 -152 184 1 0 0 0 0 1 0 -1 0 15712.dat
1 0 320 -152 -182 0 1 0 -1 0 0 0 0 1 30374.dat
1 0 400 -152 -168 1 0 0 0 0 1 0 -1 0 15712.dat
1 0 320 -152 182 0 1 0 -1 0 0 0 0 1 30374.dat
1 0 400 -152 184 1 0 0 0 0 1 0 -1 0 15712.dat
1 0 400 -152 -182 0 1 0 -1 0 0 0 0 1 30374.dat
1 0 480 -152 -168 1 0 0 0 0 1 0 -1 0 15712.dat
1 0 400 -152 182 0 1 0 -1 0 0 0 0 1 30374.dat
1 0 480 -152 184 1 0 0 0 0 1 0 -1 0 15712.dat
1 0 480 -152 -182 0 1 0 -1 0 0 0 0 1 30374.dat
1 0 560 -152 -168 1 0 0 0 0 1 0 -1 0 15712.dat
1 0 480 -152 182 0 1 0 -1 0 0 0 0 1 30374.dat
1 0 560 -152 184 1 0 0 0 0 1 0 -1 0 15712.dat
1 0 560 -152 -182 0 1 0 -1 0 0 0 0 1 30374.dat
1 0 640 -152 -168 1 0 0 0 0 1 0 -1 0 15712.dat
1 0 560 -152 182 0 1 0 -1 0 0 0 0 1 30374.dat
1 0 640 -152 184 1 0 0 0 0 1 0 -1 0 15712.dat
1 0 640 -152 -182 0 1 0 -1 0 0 0 0 1 30374.dat
1 0 720 -152 -168 1 0 0 0 0 1 0 -1 0 15712.dat
1 0 640 -152 182 0 1 0 -1 0 0 0 0 1 30374.dat
1 0 720 -152 184 1 0 0 0 0 1 0 -1 0 15712.dat
1 0 -106.98607 -574.75531 -70 -0.20791 0.97815 0 -0.97815 -0.20791 0 0 0 1 30374.dat
1 0 -106.98607 -574.75531 70 -0.20791 0.97815 0 -0.97815 -0.20791 0 0 0 1 30374.dat
1 0 -28.73426 -591.38825 -70 -0.20791 0.97815 0 -0.97815 -0.20791 0 0 0 1 30374.dat
1 0 -28.73426 -591.38825 70 -0.20791 0.97815 0 -0.97815 -0.20791 0 0 0 1 30374.dat
1 0 49.51755 -608.02118 -70 -0.20791 0.97815 0 -0.97815 -0.20791 0 0 0 1 30374.dat
1 0 49.51755 -608.02118 70 -0.20791 0.97815 0 -0.97815 -0.20791 0 0 0 1 30374.dat
1 0 127.76935 -624.65412 -70 -0.20791 0.97815 0 -0.97815 -0.20791 0 0 0 1 30374.dat
1 0 127.76935 -624.65412 70 -0.20791 0.97815 0 -0.97815 -0.20791 0 0 0 1 30374.dat
1 0 206.02116 -641.28705 -70 -0.20791 0.97815 0 -0.97815 -0.20791 0 0 0 1 30374.dat
1 0 206.02116 -641.28705 70 -0.20791 0.97815 0 -0.97815 -0.20791 0 0 0 1 30374.dat
1 0 284.27297 -657.91999 -70 -0.20791 0.97815 0 -0.97815 -0.20791 0 0 0 1 30374.dat
1 0 284.27297 -657.91999 70 -0.20791 0.97815 0 -0.97815 -0.20791 0 0 0 1 30374.dat
1 0 362.52478 -674.55292 -70 -0.20791 0.97815 0 -0.97815 -0.20791 0 0 0 1 30374.dat
1 0 362.52478 -674.55292 70 -0.20791 0.97815 0 -0.97815 -0.20791 0 0 0 1 30374.dat
1 0 440.77659 -691.18586 -70 -0.20791 0.97815 0 -0.97815 -0.20791 0 0 0 1 30374.dat
1 0 440.77659 -691.18586 70 -0.20791 0.97815 0 -0.97815 -0.20791 0 0 0 1 30374.dat
1 0 519.02839 -707.81879 -70 -0.20791 0.97815 0 -0.97815 -0.20791 0 0 0 1 30374.dat
1 0 519.02839 -707.81879 70 -0.20791 0.97815 0 -0.97815 -0.20791 0 0 0 1 30374.dat
1 0 597.2802 -724.45173 -70 -0.20791 0.97815 0 -0.97815 -0.20791 0 0 0 1 30374.dat
1 0 597.2802 -724.45173 70 -0.20791 0.97815 0 -0.97815 -0.20791 0 0 0 1 30374.dat
1 0 675.53201 -741.08466 -70 -0.20791 0.97815 0 -0.97815 -0.20791 0 0 0 1 30374.dat
1 0 675.53201 -741.08466 70 -0.20791 0.97815 0 -0.97815 -0.20791 0 0 0 1 30374.dat
1 0 753.78382 -757.7176 -70 -0.20791 0.97815 0 -0.97815 -0.20791 0 0 0 1 30374.dat
1 0 753.78382 -757.7176 70 -0.20791 0.97815 0 -0.97815 -0.20791 0 0 0 1 30374.dat
0 STEP
1 0 -800 -72 -190 1 0 0 0 1 0 0 0 1 2412b.dat
1 0 -840 -160 -188 1 0 0 0 1 0 0 0 1 30374.dat
1 0 480 -72 -190 1 0 0 0 1 0 0 0 1 2412b.dat
1 0 440 -160 -188 1 0 0 0 1 0 0 0 1 30374.dat
1 0 -800 -108 -184 1 0 0 0 1 0 0 0 1 2412b.dat
1 0 -840 -180 -188 1 0 0 0 1 0 0 0 1 30374.dat
1 0 480 -108 -184 1 0 0 0 1 0 0 0 1 2412b.dat
1 0 440 -180 -188 1 0 0 0 1 0 0 0 1 30374.dat
1 0 -800 -144 -178 1 0 0 0 1 0 0 0 1 2412b.dat
1 0 -840 -200 -188 1 0 0 0 1 0 0 0 1 30374.dat
1 0 480 -144 -178 1 0 0 0 1 0 0 0 1 2412b.dat
1 0 440 -200 -188 1 0 0 0 1 0 0 0 1 30374.dat
1 0 -800 -180 -172 1 0 0 0 1 0 0 0 1 2412b.dat
1 0 -840 -220 -188 1 0 0 0 1 0 0 0 1 30374.dat
1 0 480 -180 -172 1 0 0 0 1 0 0 0 1 2412b.dat
1 0 440 -220 -188 1 0 0 0 1 0 0 0 1 30374.dat
1 0 -800 -72 190 1 0 0 0 1 0 0 0 1 2412b.dat
1 0 -840 -160 188 1 0 0 0 1 0 0 0 1 30374.dat
1 0 480 -72 190 1 0 0 0 1 0 0 0 1 2412b.dat
1 0 440 -160 188 1 0 0 0 1 0 0 0 1 30374.dat
1 0 -800 -108 184 1 0 0 0 1 0 0 0 1 2412b.dat
1 0 -840 -180 188 1 0 0 0 1 0 0 0 1 30374.dat
1 0 480 -108 184 1 0 0 0 1 0 0 0 1 2412b.dat
1 0 440 -180 188 1 0 0 0 1 0 0 0 1 30374.dat
1 0 -800 -144 178 1 0 0 0 1 0 0 0 1 2412b.dat
1 0 -840 -200 188 1 0 0 0 1 0 0 0 1 30374.dat
1 0 480 -144 178 1 0 0 0 1 0 0 0 1 2412b.dat
1 0 440 -200 188 1 0 0 0 1 0 0 0 1 30374.dat
1 0 -800 -180 172 1 0 0 0 1 0 0 0 1 2412b.dat
1 0 -840 -220 188 1 0 0 0 1 0 0 0 1 30374.dat
1 0 480 -180 172 1 0 0 0 1 0 0 0 1 2412b.dat
1 0 440 -220 188 1 0 0 0 1 0 0 0 1 30374.dat
0 STEP
1 14 -700 -248 -150 1 0 0 0 1 0 0 0 1 3069b.dat
1 14 -700 -248 150 1 0 0 0 1 0 0 0 1 3069b.dat
1 14 -660 -248 -150 1 0 0 0 1 0 0 0 1 3069b.dat
1 14 -660 -248 150 1 0 0 0 1 0 0 0 1 3069b.dat
1 14 -620 -248 -150 1 0 0 0 1 0 0 0 1 3069b.dat
1 14 -620 -248 150 1 0 0 0 1 0 0 0 1 3069b.dat
1 14 -580 -248 -150 1 0 0 0 1 0 0 0 1 3069b.dat
1 14 -580 -248 150 1 0 0 0 1 0 0 0 1 3069b.dat
1 14 -540 -248 -150 1 0 0 0 1 0 0 0 1 3069b.dat
1 14 -540 -248 150 1 0 0 0 1 0 0 0 1 3069b.dat
1 14 -500 -248 -150 1 0 0 0 1 0 0 0 1 3069b.dat
1 14 -500 -248 150 1 0 0 0 1 0 0 0 1 3069b.dat
1 14 -460 -248 -150 1 0 0 0 1 0 0 0 1 3069b.dat
1 14 -460 -248 150 1 0 0 0 1 0 0 0 1 3069b.dat
1 14 -420 -248 -150 1 0 0 0 1 0 0 0 1 3069b.dat
1 14 -420 -248 150 1 0 0 0 1 0 0 0 1 3069b.dat
1 14 -380 -248 -150 1 0 0 0 1 0 0 0 1 3069b.dat
1 14 -380 -248 150 1 0 0 0 1 0 0 0 1 3069b.dat
1 14 -340 -248 -150 1 0 0 0 1 0 0 0 1 3069b.dat
1 14 -340 -248 150 1 0 0 0 1 0 0 0 1 3069b.dat
1 14 -300 -248 -150 1 0 0 0 1 0 0 0 1 3069b.dat
1 14 -300 -248 150 1 0 0 0 1 0 0 0 1 3069b.dat
1 14 -260 -248 -150 1 0 0 0 1 0 0 0 1 3069b.dat
1 14 -260 -248 150 1 0 0 0 1 0 0 0 1 3069b.dat
1 14 -220 -248 -150 1 0 0 0 1 0 0 0 1 3069b.dat
1 14 -220 -248 150 1 0 0 0 1 0 0 0 1 3069b.dat
1 14 -180 -248 -150 1 0 0 0 1 0 0 0 1 3069b.dat
1 14 -180 -248 150 1 0 0 0 1 0 0 0 1 3069b.dat
1 14 -140 -248 -150 1 0 0 0 1 0 0 0 1 3069b.dat
1 14 -140 -248 150 1 0 0 0 1 0 0 0 1 3069b.dat
1 14 -100 -248 -150 1 0 0 0 1 0 0 0 1 3069b.dat
1 14 -100 -248 150 1 0 0 0 1 0 0 0 1 3069b.dat
1 14 -60 -248 -150 1 0 0 0 1 0 0 0 1 3069b.dat
1 14 -60 -248 150 1 0 0 0 1 0 0 0 1 3069b.dat
1 14 -20 -248 -150 1 0 0 0 1 0 0 0 1 3069b.dat
1 14 -20 -248 150 1 0 0 0 1 0 0 0 1 3069b.dat
1 14 20 -248 -150 1 0 0 0 1 0 0 0 1 3069b.dat
1 14 20 -248 150 1 0 0 0 1 0 0 0 1 3069b.dat
1 14 60 -248 -150 1 0 0 0 1 0 0 0 1 3069b.dat
1 14 60 -248 150 1 0 0 0 1 0 0 0 1 3069b.dat
1 14 100 -248 -150 1 0 0 0 1 0 0 0 1 3069b.dat
1 14 100 -248 150 1 0 0 0 1 0 0 0 1 3069b.dat
1 14 140 -248 -150 1 0 0 0 1 0 0 0 1 3069b.dat
1 14 140 -248 150 1 0 0 0 1 0 0 0 1 3069b.dat
1 14 180 -248 -150 1 0 0 0 1 0 0 0 1 3069b.dat
1 14 220 -248 -150 1 0 0 0 1 0 0 0 1 3069b.dat
1 14 260 -248 -150 1 0 0 0 1 0 0 0 1 3069b.dat
1 14 300 -248 -150 1 0 0 0 1 0 0 0 1 3069b.dat
1 14 340 -248 -150 1 0 0 0 1 0 0 0 1 3069b.dat
1 14 380 -248 -150 1 0 0 0 1 0 0 0 1 3069b.dat
1 14 420 -248 -150 1 0 0 0 1 0 0 0 1 3069b.dat
1 14 460 -248 -150 1 0 0 0 1 0 0 0 1 3069b.dat
1 14 500 -248 -150 1 0 0 0 1 0 0 0 1 3069b.dat
1 14 540 -248 -150 1 0 0 0 1 0 0 0 1 3069b.dat
1 14 580 -248 -150 1 0 0 0 1 0 0 0 1 3069b.dat
1 14 620 -248 -150 1 0 0 0 1 0 0 0 1 3069b.dat
1 14 180 -248 -130 1 0 0 0 1 0 0 0 1 3069b.dat
1 14 180 -248 -110 1 0 0 0 1 0 0 0 1 3069b.dat
1 14 180 -248 -90 1 0 0 0 1 0 0 0 1 3069b.dat
1 14 180 -248 -70 1 0 0 0 1 0 0 0 1 3069b.dat
1 14 180 -248 -50 1 0 0 0 1 0 0 0 1 3069b.dat
1 14 180 -248 -30 1 0 0 0 1 0 0 0 1 3069b.dat
1 14 180 -248 -10 1 0 0 0 1 0 0 0 1 3069b.dat
1 14 180 -248 10 1 0 0 0 1 0 0 0 1 3069b.dat
1 14 180 -248 30 1 0 0 0 1 0 0 0 1 3069b.dat
1 14 180 -248 50 1 0 0 0 1 0 0 0 1 3069b.dat
1 14 180 -248 70 1 0 0 0 1 0 0 0 1 3069b.dat
1 14 180 -248 90 1 0 0 0 1 0 0 0 1 3069b.dat
1 14 180 -248 110 1 0 0 0 1 0 0 0 1 3069b.dat
1 14 220 -248 -130 1 0 0 0 1 0 0 0 1 3069b.dat
1 14 220 -248 -110 1 0 0 0 1 0 0 0 1 3069b.dat
1 14 220 -248 -90 1 0 0 0 1 0 0 0 1 3069b.dat
1 14 220 -248 -70 1 0 0 0 1 0 0 0 1 3069b.dat
1 14 220 -248 -50 1 0 0 0 1 0 0 0 1 3069b.dat
1 14 220 -248 -30 1 0 0 0 1 0 0 0 1 3069b.dat
1 14 220 -248 -10 1 0 0 0 1 0 0 0 1 3069b.dat
1 14 220 -248 10 1 0 0 0 1 0 0 0 1 3069b.dat
1 14 220 -248 30 1 0 0 0 1 0 0 0 1 3069b.dat
1 14 220 -248 50 1 0 0 0 1 0 0 0 1 3069b.dat
1 14 220 -248 70 1 0 0 0 1 0 0 0 1 3069b.dat
1 14 220 -248 90 1 0 0 0 1 0 0 0 1 3069b.dat
1 14 220 -248 110 1 0 0 0 1 0 0 0 1 3069b.dat
1 14 260 -248 -130 1 0 0 0 1 0 0 0 1 3069b.dat
1 14 260 -248 -110 1 0 0 0 1 0 0 0 1 3069b.dat
1 14 260 -248 -90 1 0 0 0 1 0 0 0 1 3069b.dat
1 14 260 -248 -70 1 0 0 0 1 0 0 0 1 3069b.dat
1 14 260 -248 -50 1 0 0 0 1 0 0 0 1 3069b.dat
1 14 260 -248 -30 1 0 0 0 1 0 0 0 1 3069b.dat
1 14 260 -248 -10 1 0 0 0 1 0 0 0 1 3069b.dat
1 14 260 -248 10 1 0 0 0 1 0 0 0 1 3069b.dat
1 14 260 -248 30 1 0 0 0 1 0 0 0 1 3069b.dat
1 14 260 -248 50 1 0 0 0 1 0 0 0 1 3069b.dat
1 14 260 -248 70 1 0 0 0 1 0 0 0 1 3069b.dat
1 14 260 -248 90 1 0 0 0 1 0 0 0 1 3069b.dat
1 14 260 -248 110 1 0 0 0 1 0 0 0 1 3069b.dat
1 14 300 -248 -130 1 0 0 0 1 0 0 0 1 3069b.dat
1 14 300 -248 -110 1 0 0 0 1 0 0 0 1 3069b.dat
1 14 300 -248 -90 1 0 0 0 1 0 0 0 1 3069b.dat
1 14 300 -248 -70 1 0 0 0 1 0 0 0 1 3069b.dat
1 14 300 -248 -50 1 0 0 0 1 0 0 0 1 3069b.dat
1 14 300 -248 -30 1 0 0 0 1 0 0 0 1 3069b.dat
1 14 300 -248 -10 1 0 0 0 1 0 0 0 1 3069b.dat
1 14 300 -248 10 1 0 0 0 1 0 0 0 1 3069b.dat
1 14 300 -248 30 1 0 0 0 1 0 0 0 1 3069b.dat
1 14 300 -248 50 1 0 0 0 1 0 0 0 1 3069b.dat
1 14 300 -248 70 1 0 0 0 1 0 0 0 1 3069b.dat
1 14 300 -248 90 1 0 0 0 1 0 0 0 1 3069b.dat
1 14 300 -248 110 1 0 0 0 1 0 0 0 1 3069b.dat
1 14 340 -248 -130 1 0 0 0 1 0 0 0 1 3069b.dat
1 14 340 -248 -110 1 0 0 0 1 0 0 0 1 3069b.dat
1 14 340 -248 -90 1 0 0 0 1 0 0 0 1 3069b.dat
1 14 340 -248 -70 1 0 0 0 1 0 0 0 1 3069b.dat
1 14 340 -248 -50 1 0 0 0 1 0 0 0 1 3069b.dat
1 14 340 -248 -30 1 0 0 0 1 0 0 0 1 3069b.dat
1 14 340 -248 -10 1 0 0 0 1 0 0 0 1 3069b.dat
1 14 340 -248 10 1 0 0 0 1 0 0 0 1 3069b.dat
1 14 340 -248 30 1 0 0 0 1 0 0 0 1 3069b.dat
1 14 340 -248 50 1 0 0 0 1 0 0 0 1 3069b.dat
1 14 340 -248 70 1 0 0 0 1 0 0 0 1 3069b.dat
1 14 340 -248 90 1 0 0 0 1 0 0 0 1 3069b.dat
1 14 340 -248 110 1 0 0 0 1 0 0 0 1 3069b.dat
1 14 380 -248 -130 1 0 0 0 1 0 0 0 1 3069b.dat
1 14 380 -248 -110 1 0 0 0 1 0 0 0 1 3069b.dat
1 14 380 -248 -90 1 0 0 0 1 0 0 0 1 3069b.dat
1 14 380 -248 -70 1 0 0 0 1 0 0 0 1 3069b.dat
1 14 380 -248 -50 1 0 0 0 1 0 0 0 1 3069b.dat
1 14 380 -248 -30 1 0 0 0 1 0 0 0 1 3069b.dat
1 14 380 -248 -10 1 0 0 0 1 0 0 0 1 3069b.dat
1 14 380 -248 10 1 0 0 0 1 0 0 0 1 3069b.dat
1 14 380 -248 30 1 0 0 0 1 0 0 0 1 3069b.dat
1 14 380 -248 50 1 0 0 0 1 0 0 0 1 3069b.dat
1 14 380 -248 70 1 0 0 0 1 0 0 0 1 3069b.dat
1 14 380 -248 90 1 0 0 0 1 0 0 0 1 3069b.dat
1 14 380 -248 110 1 0 0 0 1 0 0 0 1 3069b.dat
1 14 420 -248 -130 1 0 0 0 1 0 0 0 1 3069b.dat
1 14 420 -248 -110 1 0 0 0 1 0 0 0 1 3069b.dat
1 14 420 -248 -90 1 0 0 0 1 0 0 0 1 3069b.dat
1 14 420 -248 -70 1 0 0 0 1 0 0 0 1 3069b.dat
1 14 420 -248 -50 1 0 0 0 1 0 0 0 1 3069b.dat
1 14 420 -248 -30 1 0 0 0 1 0 0 0 1 3069b.dat
1 14 420 -248 -10 1 0 0 0 1 0 0 0 1 3069b.dat
1 14 420 -248 10 1 0 0 0 1 0 0 0 1 3069b.dat
1 14 420 -248 30 1 0 0 0 1 0 0 0 1 3069b.dat
1 14 420 -248 50 1 0 0 0 1 0 0 0 1 3069b.dat
1 14 420 -248 70 1 0 0 0 1 0 0 0 1 3069b.dat
1 14 420 -248 90 1 0 0 0 1 0 0 0 1 3069b.dat
1 14 420 -248 110 1 0 0 0 1 0 0 0 1 3069b.dat
1 14 460 -248 -130 1 0 0 0 1 0 0 0 1 3069b.dat
1 14 460 -248 -110 1 0 0 0 1 0 0 0 1 3069b.dat
1 14 460 -248 -90 1 0 0 0 1 0 0 0 1 3069b.dat
1 14 460 -248 -70 1 0 0 0 1 0 0 0 1 3069b.dat
1 14 460 -248 -50 1 0 0 0 1 0 0 0 1 3069b.dat
1 14 460 -248 -30 1 0 0 0 1 0 0 0 1 3069b.dat
1 14 460 -248 -10 1 0 0 0 1 0 0 0 1 3069b.dat
1 14 460 -248 10 1 0 0 0 1 0 0 0 1 3069b.dat
1 14 460 -248 30 1 0 0 0 1 0 0 0 1 3069b.dat
1 14 460 -248 50 1 0 0 0 1 0 0 0 1 3069b.dat
1 14 460 -248 70 1 0 0 0 1 0 0 0 1 3069b.dat
1 14 460 -248 90 1 0 0 0 1 0 0 0 1 3069b.dat
1 14 460 -248 110 1 0 0 0 1 0 0 0 1 3069b.dat
1 14 500 -248 -130 1 0 0 0 1 0 0 0 1 3069b.dat
1 14 500 -248 -110 1 0 0 0 1 0 0 0 1 3069b.dat
1 14 500 -248 -90 1 0 0 0 1 0 0 0 1 3069b.dat
1 14 500 -248 -70 1 0 0 0 1 0 0 0 1 3069b.dat
1 14 500 -248 -50 1 0 0 0 1 0 0 0 1 3069b.dat
1 14 500 -248 -30 1 0 0 0 1 0 0 0 1 3069b.dat
1 14 500 -248 -10 1 0 0 0 1 0 0 0 1 3069b.dat
1 14 500 -248 10 1 0 0 0 1 0 0 0 1 3069b.dat
1 14 500 -248 30 1 0 0 0 1 0 0 0 1 3069b.dat
1 14 500 -248 50 1 0 0 0 1 0 0 0 1 3069b.dat
1 14 500 -248 70 1 0 0 0 1 0 0 0 1 3069b.dat
1 14 500 -248 90 1 0 0 0 1 0 0 0 1 3069b.dat
1 14 500 -248 110 1 0 0 0 1 0 0 0 1 3069b.dat
1 14 540 -248 -130 1 0 0 0 1 0 0 0 1 3069b.dat
1 14 540 -248 -110 1 0 0 0 1 0 0 0 1 3069b.dat
1 14 540 -248 -90 1 0 0 0 1 0 0 0 1 3069b.dat
1 14 540 -248 -70 1 0 0 0 1 0 0 0 1 3069b.dat
1 14 540 -248 -50 1 0 0 0 1 0 0 0 1 3069b.dat
1 14 540 -248 -30 1 0 0 0 1 0 0 0 1 3069b.dat
1 14 540 -248 -10 1 0 0 0 1 0 0 0 1 3069b.dat
1 14 540 -248 10 1 0 0 0 1 0 0 0 1 3069b.dat
1 14 540 -248 30 1 0 0 0 1 0 0 0 1 3069b.dat
1 14 540 -248 50 1 0 0 0 1 0 0 0 1 3069b.dat
1 14 540 -248 70 1 0 0 0 1 0 0 0 1 3069b.dat
1 14 540 -248 90 1 0 0 0 1 0 0 0 1 3069b.dat
1 14 540 -248 110 1 0 0 0 1 0 0 0 1 3069b.dat
1 14 580 -248 -130 1 0 0 0 1 0 0 0 1 3069b.dat
1 14 580 -248 -110 1 0 0 0 1 0 0 0 1 3069b.dat
1 14 580 -248 -90 1 0 0 0 1 0 0 0 1 3069b.dat
1 14 580 -248 -70 1 0 0 0 1 0 0 0 1 3069b.dat
1 14 580 -248 -50 1 0 0 0 1 0 0 0 1 3069b.dat
1 14 580 -248 -30 1 0 0 0 1 0 0 0 1 3069b.dat
1 14 580 -248 -10 1 0 0 0 1 0 0 0 1 3069b.dat
1 14 580 -248 10 1 0 0 0 1 0 0 0 1 3069b.dat
1 14 580 -248 30 1 0 0 0 1 0 0 0 1 3069b.dat
1 14 580 -248 50 1 0 0 0 1 0 0 0 1 3069b.dat
1 14 580 -248 70 1 0 0 0 1 0 0 0 1 3069b.dat
1 14 580 -248 90 1 0 0 0 1 0 0 0 1 3069b.dat
1 14 580 -248 110 1 0 0 0 1 0 0 0 1 3069b.dat
1 14 620 -248 -130 1 0 0 0 1 0 0 0 1 3069b.dat
1 14 620 -248 -110 1 0 0 0 1 0 0 0 1 3069b.dat
1 14 620 -248 -90 1 0 0 0 1 0 0 0 1 3069b.dat
1 14 620 -248 -70 1 0 0 0 1 0 0 0 1 3069b.dat
1 14 620 -248 -50 1 0 0 0 1 0 0 0 1 3069b.dat
1 14 620 -248 -30 1 0 0 0 1 0 0 0 1 3069b.dat
1 14 620 -248 -10 1 0 0 0 1 0 0 0 1 3069b.dat
1 14 620 -248 10 1 0 0 0 1 0 0 0 1 3069b.dat
1 14 620 -248 30 1 0 0 0 1 0 0 0 1 3069b.dat
1 14 620 -248 50 1 0 0 0 1 0 0 0 1 3069b.dat
1 14 620 -248 70 1 0 0 0 1 0 0 0 1 3069b.dat
1 14 620 -248 90 1 0 0 0 1 0 0 0 1 3069b.dat
1 14 620 -248 110 1 0 0 0 1 0 0 0 1 3069b.dat
0 STEP
1 14 440 -272 -130 1 0 0 0 1 0 0 0 1 3004.dat
1 14 480 -272 -130 1 0 0 0 1 0 0 0 1 3004.dat
1 14 440 -272 -70 1 0 0 0 1 0 0 0 1 3004.dat
1 14 480 -272 -70 1 0 0 0 1 0 0 0 1 3004.dat
1 14 430 -272 -110 1 0 0 0 1 0 0 0 1 3005.dat
1 14 430 -272 -90 1 0 0 0 1 0 0 0 1 3005.dat
1 14 490 -272 -110 1 0 0 0 1 0 0 0 1 3005.dat
1 14 490 -272 -90 1 0 0 0 1 0 0 0 1 3005.dat
1 14 430 -296 -130 1 0 0 0 1 0 0 0 1 3005.dat
1 14 460 -296 -130 1 0 0 0 1 0 0 0 1 3004.dat
1 14 490 -296 -130 1 0 0 0 1 0 0 0 1 3005.dat
1 14 430 -296 -70 1 0 0 0 1 0 0 0 1 3005.dat
1 14 460 -296 -70 1 0 0 0 1 0 0 0 1 3004.dat
1 14 490 -296 -70 1 0 0 0 1 0 0 0 1 3005.dat
1 14 430 -296 -110 1 0 0 0 1 0 0 0 1 3005.dat
1 14 430 -296 -90 1 0 0 0 1 0 0 0 1 3005.dat
1 14 490 -296 -110 1 0 0 0 1 0 0 0 1 3005.dat
1 14 490 -296 -90 1 0 0 0 1 0 0 0 1 3005.dat
1 14 440 -320 -130 1 0 0 0 1 0 0 0 1 3004.dat
1 14 480 -320 -130 1 0 0 0 1 0 0 0 1 3004.dat
1 14 440 -320 -70 1 0 0 0 1 0 0 0 1 3004.dat
1 14 480 -320 -70 1 0 0 0 1 0 0 0 1 3004.dat
1 14 430 -320 -110 1 0 0 0 1 0 0 0 1 3005.dat
1 14 430 -320 -90 1 0 0 0 1 0 0 0 1 3005.dat
1 14 490 -320 -110 1 0 0 0 1 0 0 0 1 3005.dat
1 14 490 -320 -90 1 0 0 0 1 0 0 0 1 3005.dat
1 14 460 -328 -120 1 0 0 0 1 0 0 0 1 3020.dat
1 14 460 -328 -80 1 0 0 0 1 0 0 0 1 3020.dat
1 14 460 -336 -130 1 0 0 0 1 0 0 0 1 2431.dat
1 14 460 -336 -90 1 0 0 0 1 0 0 0 1 2431.dat
1 14 520 -272 -130 1 0 0 0 1 0 0 0 1 3004.dat
1 14 560 -272 -130 1 0 0 0 1 0 0 0 1 3004.dat
1 14 520 -272 -70 1 0 0 0 1 0 0 0 1 3004.dat
1 14 560 -272 -70 1 0 0 0 1 0 0 0 1 3004.dat
1 14 510 -272 -110 1 0 0 0 1 0 0 0 1 3005.dat
1 14 510 -272 -90 1 0 0 0 1 0 0 0 1 3005.dat
1 14 570 -272 -110 1 0 0 0 1 0 0 0 1 3005.dat
1 14 570 -272 -90 1 0 0 0 1 0 0 0 1 3005.dat
1 14 510 -296 -130 1 0 0 0 1 0 0 0 1 3005.dat
1 14 540 -296 -130 1 0 0 0 1 0 0 0 1 3004.dat
1 14 570 -296 -130 1 0 0 0 1 0 0 0 1 3005.dat
1 14 510 -296 -70 1 0 0 0 1 0 0 0 1 3005.dat
1 14 540 -296 -70 1 0 0 0 1 0 0 0 1 3004.dat
1 14 570 -296 -70 1 0 0 0 1 0 0 0 1 3005.dat
1 14 510 -296 -110 1 0 0 0 1 0 0 0 1 3005.dat
1 14 510 -296 -90 1 0 0 0 1 0 0 0 1 3005.dat
1 14 570 -296 -110 1 0 0 0 1 0 0 0 1 3005.dat
1 14 570 -296 -90 1 0 0 0 1 0 0 0 1 3005.dat
1 14 520 -320 -130 1 0 0 0 1 0 0 0 1 3004.dat
1 14 560 -320 -130 1 0 0 0 1 0 0 0 1 3004.dat
1 14 520 -320 -70 1 0 0 0 1 0 0 0 1 3004.dat
1 14 560 -320 -70 1 0 0 0 1 0 0 0 1 3004.dat
1 14 510 -320 -110 1 0 0 0 1 0 0 0 1 3005.dat
1 14 510 -320 -90 1 0 0 0 1 0 0 0 1 3005.dat
1 14 570 -320 -110 1 0 0 0 1 0 0 0 1 3005.dat
1 14 570 -320 -90 1 0 0 0 1 0 0 0 1 3005.dat
1 14 540 -328 -120 1 0 0 0 1 0 0 0 1 3020.dat
1 14 540 -328 -80 1 0 0 0 1 0 0 0 1 3020.dat
1 14 540 -336 -130 1 0 0 0 1 0 0 0 1 2431.dat
1 14 540 -336 -90 1 0 0 0 1 0 0 0 1 2431.dat
0 STEP
1 0 660 -216 -150 1 0 0 0 1 0 0 0 1 3069b.dat
1 0 660 -216 -130 1 0 0 0 1 0 0 0 1 3069b.dat
1 0 660 -216 -110 1 0 0 0 1 0 0 0 1 3069b.dat
1 0 660 -216 -90 1 0 0 0 1 0 0 0 1 3069b.dat
1 0 660 -216 -70 1 0 0 0 1 0 0 0 1 3069b.dat
1 0 660 -216 -50 1 0 0 0 1 0 0 0 1 3069b.dat
1 0 660 -216 -30 1 0 0 0 1 0 0 0 1 3069b.dat
1 0 660 -216 -10 1 0 0 0 1 0 0 0 1 3069b.dat
1 0 660 -216 10 1 0 0 0 1 0 0 0 1 3069b.dat
1 0 660 -216 30 1 0 0 0 1 0 0 0 1 3069b.dat
1 0 660 -216 50 1 0 0 0 1 0 0 0 1 3069b.dat
1 0 660 -216 70 1 0 0 0 1 0 0 0 1 3069b.dat
1 0 660 -216 90 1 0 0 0 1 0 0 0 1 3069b.dat
1 0 660 -216 110 1 0 0 0 1 0 0 0 1 3069b.dat
1 0 660 -216 130 1 0 0 0 1 0 0 0 1 3069b.dat
1 0 660 -216 150 1 0 0 0 1 0 0 0 1 3069b.dat
1 0 700 -216 -150 1 0 0 0 1 0 0 0 1 3069b.dat
1 0 700 -216 -130 1 0 0 0 1 0 0 0 1 3069b.dat
1 0 700 -216 -110 1 0 0 0 1 0 0 0 1 3069b.dat
1 0 700 -216 -90 1 0 0 0 1 0 0 0 1 3069b.dat
1 0 700 -216 -70 1 0 0 0 1 0 0 0 1 3069b.dat
1 0 700 -216 -50 1 0 0 0 1 0 0 0 1 3069b.dat
1 0 700 -216 -30 1 0 0 0 1 0 0 0 1 3069b.dat
1 0 700 -216 -10 1 0 0 0 1 0 0 0 1 3069b.dat
1 0 700 -216 10 1 0 0 0 1 0 0 0 1 3069b.dat
1 0 700 -216 30 1 0 0 0 1 0 0 0 1 3069b.dat
1 0 700 -216 50 1 0 0 0 1 0 0 0 1 3069b.dat
1 0 700 -216 70 1 0 0 0 1 0 0 0 1 3069b.dat
1 0 700 -216 90 1 0 0 0 1 0 0 0 1 3069b.dat
1 0 700 -216 110 1 0 0 0 1 0 0 0 1 3069b.dat
1 0 700 -216 130 1 0 0 0 1 0 0 0 1 3069b.dat
1 0 700 -216 150 1 0 0 0 1 0 0 0 1 3069b.dat
1 0 740 -216 -150 1 0 0 0 1 0 0 0 1 3069b.dat
1 0 740 -216 -130 1 0 0 0 1 0 0 0 1 3069b.dat
1 0 740 -216 -110 1 0 0 0 1 0 0 0 1 3069b.dat
1 0 740 -216 -90 1 0 0 0 1 0 0 0 1 3069b.dat
1 0 740 -216 -70 1 0 0 0 1 0 0 0 1 3069b.dat
1 0 740 -216 -50 1 0 0 0 1 0 0 0 1 3069b.dat
1 0 740 -216 -30 1 0 0 0 1 0 0 0 1 3069b.dat
1 0 740 -216 -10 1 0 0 0 1 0 0 0 1 3069b.dat
1 0 740 -216 10 1 0 0 0 1 0 0 0 1 3069b.dat
1 0 740 -216 30 1 0 0 0 1 0 0 0 1 3069b.dat
1 0 740 -216 50 1 0 0 0 1 0 0 0 1 3069b.dat
1 0 740 -216 70 1 0 0 0 1 0 0 0 1 3069b.dat
1 0 740 -216 90 1 0 0 0 1 0 0 0 1 3069b.dat
1 0 740 -216 110 1 0 0 0 1 0 0 0 1 3069b.dat
1 0 740 -216 130 1 0 0 0 1 0 0 0 1 3069b.dat
1 0 740 -216 150 1 0 0 0 1 0 0 0 1 3069b.dat
1 0 780 -216 -150 1 0 0 0 1 0 0 0 1 3069b.dat
1 0 780 -216 -130 1 0 0 0 1 0 0 0 1 3069b.dat
1 0 780 -216 -110 1 0 0 0 1 0 0 0 1 3069b.dat
1 0 780 -216 -90 1 0 0 0 1 0 0 0 1 3069b.dat
1 0 780 -216 -70 1 0 0 0 1 0 0 0 1 3069b.dat
1 0 780 -216 -50 1 0 0 0 1 0 0 0 1 3069b.dat
1 0 780 -216 -30 1 0 0 0 1 0 0 0 1 3069b.dat
1 0 780 -216 -10 1 0 0 0 1 0 0 0 1 3069b.dat
1 0 780 -216 10 1 0 0 0 1 0 0 0 1 3069b.dat
1 0 780 -216 30 1 0 0 0 1 0 0 0 1 3069b.dat
1 0 780 -216 50 1 0 0 0 1 0 0 0 1 3069b.dat
1 0 780 -216 70 1 0 0 0 1 0 0 0 1 3069b.dat
1 0 780 -216 90 1 0 0 0 1 0 0 0 1 3069b.dat
1 0 780 -216 110 1 0 0 0 1 0 0 0 1 3069b.dat
1 0 780 -216 130 1 0 0 0 1 0 0 0 1 3069b.dat
1 0 780 -216 150 1 0 0 0 1 0 0 0 1 3069b.dat
1 0 820 -216 -150 1 0 0 0 1 0 0 0 1 3069b.dat
1 0 820 -216 -130 1 0 0 0 1 0 0 0 1 3069b.dat
1 0 820 -216 -110 1 0 0 0 1 0 0 0 1 3069b.dat
1 0 820 -216 -90 1 0 0 0 1 0 0 0 1 3069b.dat
1 0 820 -216 -70 1 0 0 0 1 0 0 0 1 3069b.dat
1 0 820 -216 -50 1 0 0 0 1 0 0 0 1 3069b.dat
1 0 820 -216 -30 1 0 0 0 1 0 0 0 1 3069b.dat
1 0 820 -216 -10 1 0 0 0 1 0 0 0 1 3069b.dat
1 0 820 -216 10 1 0 0 0 1 0 0 0 1 3069b.dat
1 0 820 -216 30 1 0 0 0 1 0 0 0 1 3069b.dat
1 0 820 -216 50 1 0 0 0 1 0 0 0 1 3069b.dat
1 0 820 -216 70 1 0 0 0 1 0 0 0 1 3069b.dat
1 0 820 -216 90 1 0 0 0 1 0 0 0 1 3069b.dat
1 0 820 -216 110 1 0 0 0 1 0 0 0 1 3069b.dat
1 0 820 -216 130 1 0 0 0 1 0 0 0 1 3069b.dat
1 0 820 -216 150 1 0 0 0 1 0 0 0 1 3069b.dat
1 0 860 -216 -150 1 0 0 0 1 0 0 0 1 3069b.dat
1 0 860 -216 -130 1 0 0 0 1 0 0 0 1 3069b.dat
1 0 860 -216 -110 1 0 0 0 1 0 0 0 1 3069b.dat
1 0 860 -216 -90 1 0 0 0 1 0 0 0 1 3069b.dat
1 0 860 -216 -70 1 0 0 0 1 0 0 0 1 3069b.dat
1 0 860 -216 -50 1 0 0 0 1 0 0 0 1 3069b.dat
1 0 860 -216 -30 1 0 0 0 1 0 0 0 1 3069b.dat
1 0 860 -216 -10 1 0 0 0 1 0 0 0 1 3069b.dat
1 0 860 -216 10 1 0 0 0 1 0 0 0 1 3069b.dat
1 0 860 -216 30 1 0 0 0 1 0 0 0 1 3069b.dat
1 0 860 -216 50 1 0 0 0 1 0 0 0 1 3069b.dat
1 0 860 -216 70 1 0 0 0 1 0 0 0 1 3069b.dat
1 0 860 -216 90 1 0 0 0 1 0 0 0 1 3069b.dat
1 0 860 -216 110 1 0 0 0 1 0 0 0 1 3069b.dat
1 0 860 -216 130 1 0 0 0 1 0 0 0 1 3069b.dat
1 0 860 -216 150 1 0 0 0 1 0 0 0 1 3069b.dat
1 0 -860 -216 -150 1 0 0 0 1 0 0 0 1 3069b.dat
1 0 -860 -216 -130 1 0 0 0 1 0 0 0 1 3069b.dat
1 0 -860 -216 -110 1 0 0 0 1 0 0 0 1 3069b.dat
1 0 -860 -216 -90 1 0 0 0 1 0 0 0 1 3069b.dat
1 0 -860 -216 -70 1 0 0 0 1 0 0 0 1 3069b.dat
1 0 -860 -216 -50 1 0 0 0 1 0 0 0 1 3069b.dat
1 0 -860 -216 -30 1 0 0 0 1 0 0 0 1 3069b.dat
1 0 -860 -216 -10 1 0 0 0 1 0 0 0 1 3069b.dat
1 0 -860 -216 10 1 0 0 0 1 0 0 0 1 3069b.dat
1 0 -860 -216 30 1 0 0 0 1 0 0 0 1 3069b.dat
1 0 -860 -216 50 1 0 0 0 1 0 0 0 1 3069b.dat
1 0 -860 -216 70 1 0 0 0 1 0 0 0 1 3069b.dat
1 0 -860 -216 90 1 0 0 0 1 0 0 0 1 3069b.dat
1 0 -860 -216 110 1 0 0 0 1 0 0 0 1 3069b.dat
1 0 -860 -216 130 1 0 0 0 1 0 0 0 1 3069b.dat
1 0 -860 -216 150 1 0 0 0 1 0 0 0 1 3069b.dat
0 STEP
1 4 -860 -200 -130 1 0 0 0 1 0 0 0 1 3024.dat
1 15 -860 -224 -130 1 0 0 0 1 0 0 0 1 4073.dat
1 4 -860 -200 130 1 0 0 0 1 0 0 0 1 3024.dat
1 15 -860 -224 130 1 0 0 0 1 0 0 0 1 4073.dat
1 4 860 -200 -130 1 0 0 0 1 0 0 0 1 3024.dat
1 15 860 -224 -130 1 0 0 0 1 0 0 0 1 4073.dat
1 4 860 -200 130 1 0 0 0 1 0 0 0 1 3024.dat
1 15 860 -224 130 1 0 0 0 1 0 0 0 1 4073.dat
1 15 180 -440 150 1 0 0 0 1 0 0 0 1 4073.dat
1 15 180 -440 250 1 0 0 0 1 0 0 0 1 4073.dat
1 15 500 -440 150 1 0 0 0 1 0 0 0 1 4073.dat
1 15 500 -440 250 1 0 0 0 1 0 0 0 1 4073.dat
1 57 -600 -456 80 1 0 0 0 1 0 0 0 1 4073.dat
1 57 220 -440 220 1 0 0 0 1 0 0 0 1 4073.dat
0 STEP
1 0 -2040 -8 -80 0 0 1 0 1 0 -1 0 0 3020.dat
1 0 -2040 -8 0 0 0 1 0 1 0 -1 0 0 3020.dat
1 0 -2040 -8 80 0 0 1 0 1 0 -1 0 0 3020.dat
1 0 -1960 -8 -80 0 0 1 0 1 0 -1 0 0 3020.dat
1 0 -1960 -8 0 0 0 1 0 1 0 -1 0 0 3020.dat
1 0 -1960 -8 80 0 0 1 0 1 0 -1 0 0 3020.dat
1 0 -1880 -8 -80 0 0 1 0 1 0 -1 0 0 3020.dat
1 0 -1880 -8 0 0 0 1 0 1 0 -1 0 0 3020.dat
1 0 -1880 -8 80 0 0 1 0 1 0 -1 0 0 3020.dat
1 0 -1800 -8 -80 0 0 1 0 1 0 -1 0 0 3020.dat
1 0 -1800 -8 0 0 0 1 0 1 0 -1 0 0 3020.dat
1 0 -1800 -8 80 0 0 1 0 1 0 -1 0 0 3020.dat
1 0 -1720 -8 -80 0 0 1 0 1 0 -1 0 0 3020.dat
1 0 -1720 -8 0 0 0 1 0 1 0 -1 0 0 3020.dat
1 0 -1720 -8 80 0 0 1 0 1 0 -1 0 0 3020.dat
1 0 -1640 -8 -80 0 0 1 0 1 0 -1 0 0 3020.dat
1 0 -1640 -8 0 0 0 1 0 1 0 -1 0 0 3020.dat
1 0 -1640 -8 80 0 0 1 0 1 0 -1 0 0 3020.dat
1 0 -1560 -8 -80 0 0 1 0 1 0 -1 0 0 3020.dat
1 0 -1560 -8 0 0 0 1 0 1 0 -1 0 0 3020.dat
1 0 -1560 -8 80 0 0 1 0 1 0 -1 0 0 3020.dat
1 0 -1480 -8 -80 0 0 1 0 1 0 -1 0 0 3020.dat
1 0 -1480 -8 0 0 0 1 0 1 0 -1 0 0 3020.dat
1 0 -1480 -8 80 0 0 1 0 1 0 -1 0 0 3020.dat
1 0 -1400 -8 -80 0 0 1 0 1 0 -1 0 0 3020.dat
1 0 -1400 -8 0 0 0 1 0 1 0 -1 0 0 3020.dat
1 0 -1400 -8 80 0 0 1 0 1 0 -1 0 0 3020.dat
1 0 -1320 -8 -80 0 0 1 0 1 0 -1 0 0 3020.dat
1 0 -1320 -8 0 0 0 1 0 1 0 -1 0 0 3020.dat
1 0 -1320 -8 80 0 0 1 0 1 0 -1 0 0 3020.dat
1 0 -1240 -8 -80 0 0 1 0 1 0 -1 0 0 3020.dat
1 0 -1240 -8 0 0 0 1 0 1 0 -1 0 0 3020.dat
1 0 -1240 -8 80 0 0 1 0 1 0 -1 0 0 3020.dat
1 0 -1160 -8 -80 0 0 1 0 1 0 -1 0 0 3020.dat
1 0 -1160 -8 0 0 0 1 0 1 0 -1 0 0 3020.dat
1 0 -1160 -8 80 0 0 1 0 1 0 -1 0 0 3020.dat
1 0 1160 -8 -80 0 0 1 0 1 0 -1 0 0 3020.dat
1 0 1160 -8 0 0 0 1 0 1 0 -1 0 0 3020.dat
1 0 1160 -8 80 0 0 1 0 1 0 -1 0 0 3020.dat
1 0 1240 -8 -80 0 0 1 0 1 0 -1 0 0 3020.dat
1 0 1240 -8 0 0 0 1 0 1 0 -1 0 0 3020.dat
1 0 1240 -8 80 0 0 1 0 1 0 -1 0 0 3020.dat
1 0 1320 -8 -80 0 0 1 0 1 0 -1 0 0 3020.dat
1 0 1320 -8 0 0 0 1 0 1 0 -1 0 0 3020.dat
1 0 1320 -8 80 0 0 1 0 1 0 -1 0 0 3020.dat
1 0 1400 -8 -80 0 0 1 0 1 0 -1 0 0 3020.dat
1 0 1400 -8 0 0 0 1 0 1 0 -1 0 0 3020.dat
1 0 1400 -8 80 0 0 1 0 1 0 -1 0 0 3020.dat
1 0 1480 -8 -80 0 0 1 0 1 0 -1 0 0 3020.dat
1 0 1480 -8 0 0 0 1 0 1 0 -1 0 0 3020.dat
1 0 1480 -8 80 0 0 1 0 1 0 -1 0 0 3020.dat
1 0 1560 -8 -80 0 0 1 0 1 0 -1 0 0 3020.dat
1 0 1560 -8 0 0 0 1 0 1 0 -1 0 0 3020.dat
1 0 1560 -8 80 0 0 1 0 1 0 -1 0 0 3020.dat
1 0 1640 -8 -80 0 0 1 0 1 0 -1 0 0 3020.dat
1 0 1640 -8 0 0 0 1 0 1 0 -1 0 0 3020.dat
1 0 1640 -8 80 0 0 1 0 1 0 -1 0 0 3020.dat
1 0 1720 -8 -80 0 0 1 0 1 0 -1 0 0 3020.dat
1 0 1720 -8 0 0 0 1 0 1 0 -1 0 0 3020.dat
1 0 1720 -8 80 0 0 1 0 1 0 -1 0 0 3020.dat
1 0 1800 -8 -80 0 0 1 0 1 0 -1 0 0 3020.dat
1 0 1800 -8 0 0 0 1 0 1 0 -1 0 0 3020.dat
1 0 1800 -8 80 0 0 1 0 1 0 -1 0 0 3020.dat
1 0 1880 -8 -80 0 0 1 0 1 0 -1 0 0 3020.dat
1 0 1880 -8 0 0 0 1 0 1 0 -1 0 0 3020.dat
1 0 1880 -8 80 0 0 1 0 1 0 -1 0 0 3020.dat
1 0 1960 -8 -80 0 0 1 0 1 0 -1 0 0 3020.dat
1 0 1960 -8 0 0 0 1 0 1 0 -1 0 0 3020.dat
1 0 1960 -8 80 0 0 1 0 1 0 -1 0 0 3020.dat
1 0 2040 -8 -80 0 0 1 0 1 0 -1 0 0 3020.dat
1 0 2040 -8 0 0 0 1 0 1 0 -1 0 0 3020.dat
1 0 2040 -8 80 0 0 1 0 1 0 -1 0 0 3020.dat
0 STEP
1 0 -2040 -16 -90 1 0 0 0 1 0 0 0 1 3710.dat
1 0 -2040 -16 90 1 0 0 0 1 0 0 0 1 3710.dat
1 0 -1960 -16 -90 1 0 0 0 1 0 0 0 1 3710.dat
1 0 -1960 -16 90 1 0 0 0 1 0 0 0 1 3710.dat
1 0 -1880 -16 -90 1 0 0 0 1 0 0 0 1 3710.dat
1 0 -1880 -16 90 1 0 0 0 1 0 0 0 1 3710.dat
1 0 -1800 -16 -90 1 0 0 0 1 0 0 0 1 3710.dat
1 0 -1800 -16 90 1 0 0 0 1 0 0 0 1 3710.dat
1 0 -1720 -16 -90 1 0 0 0 1 0 0 0 1 3710.dat
1 0 -1720 -16 90 1 0 0 0 1 0 0 0 1 3710.dat
1 0 -1640 -16 -90 1 0 0 0 1 0 0 0 1 3710.dat
1 0 -1640 -16 90 1 0 0 0 1 0 0 0 1 3710.dat
1 0 -1560 -16 -90 1 0 0 0 1 0 0 0 1 3710.dat
1 0 -1560 -16 90 1 0 0 0 1 0 0 0 1 3710.dat
1 0 -1480 -16 -90 1 0 0 0 1 0 0 0 1 3710.dat
1 0 -1480 -16 90 1 0 0 0 1 0 0 0 1 3710.dat
1 0 -1400 -16 -90 1 0 0 0 1 0 0 0 1 3710.dat
1 0 -1400 -16 90 1 0 0 0 1 0 0 0 1 3710.dat
1 0 -1320 -16 -90 1 0 0 0 1 0 0 0 1 3710.dat
1 0 -1320 -16 90 1 0 0 0 1 0 0 0 1 3710.dat
1 0 -1240 -16 -90 1 0 0 0 1 0 0 0 1 3710.dat
1 0 -1240 -16 90 1 0 0 0 1 0 0 0 1 3710.dat
1 0 -1160 -16 -90 1 0 0 0 1 0 0 0 1 3710.dat
1 0 -1160 -16 90 1 0 0 0 1 0 0 0 1 3710.dat
1 0 1160 -16 -90 1 0 0 0 1 0 0 0 1 3710.dat
1 0 1160 -16 90 1 0 0 0 1 0 0 0 1 3710.dat
1 0 1240 -16 -90 1 0 0 0 1 0 0 0 1 3710.dat
1 0 1240 -16 90 1 0 0 0 1 0 0 0 1 3710.dat
1 0 1320 -16 -90 1 0 0 0 1 0 0 0 1 3710.dat
1 0 1320 -16 90 1 0 0 0 1 0 0 0 1 3710.dat
1 0 1400 -16 -90 1 0 0 0 1 0 0 0 1 3710.dat
1 0 1400 -16 90 1 0 0 0 1 0 0 0 1 3710.dat
1 0 1480 -16 -90 1 0 0 0 1 0 0 0 1 3710.dat
1 0 1480 -16 90 1 0 0 0 1 0 0 0 1 3710.dat
1 0 1560 -16 -90 1 0 0 0 1 0 0 0 1 3710.dat
1 0 1560 -16 90 1 0 0 0 1 0 0 0 1 3710.dat
1 0 1640 -16 -90 1 0 0 0 1 0 0 0 1 3710.dat
1 0 1640 -16 90 1 0 0 0 1 0 0 0 1 3710.dat
1 0 1720 -16 -90 1 0 0 0 1 0 0 0 1 3710.dat
1 0 1720 -16 90 1 0 0 0 1 0 0 0 1 3710.dat
1 0 1800 -16 -90 1 0 0 0 1 0 0 0 1 3710.dat
1 0 1800 -16 90 1 0 0 0 1 0 0 0 1 3710.dat
1 0 1880 -16 -90 1 0 0 0 1 0 0 0 1 3710.dat
1 0 1880 -16 90 1 0 0 0 1 0 0 0 1 3710.dat
1 0 1960 -16 -90 1 0 0 0 1 0 0 0 1 3710.dat
1 0 1960 -16 90 1 0 0 0 1 0 0 0 1 3710.dat
1 0 2040 -16 -90 1 0 0 0 1 0 0 0 1 3710.dat
1 0 2040 -16 90 1 0 0 0 1 0 0 0 1 3710.dat
0 STEP
1 72 -2040 -24 -90 1 0 0 0 1 0 0 0 1 2431.dat
1 72 -2040 -24 90 1 0 0 0 1 0 0 0 1 2431.dat
1 72 -1960 -24 -90 1 0 0 0 1 0 0 0 1 2431.dat
1 72 -1960 -24 90 1 0 0 0 1 0 0 0 1 2431.dat
1 72 -1880 -24 -90 1 0 0 0 1 0 0 0 1 2431.dat
1 72 -1880 -24 90 1 0 0 0 1 0 0 0 1 2431.dat
1 72 -1800 -24 -90 1 0 0 0 1 0 0 0 1 2431.dat
1 72 -1800 -24 90 1 0 0 0 1 0 0 0 1 2431.dat
1 72 -1720 -24 -90 1 0 0 0 1 0 0 0 1 2431.dat
1 72 -1720 -24 90 1 0 0 0 1 0 0 0 1 2431.dat
1 72 -1640 -24 -90 1 0 0 0 1 0 0 0 1 2431.dat
1 72 -1640 -24 90 1 0 0 0 1 0 0 0 1 2431.dat
1 72 -1560 -24 -90 1 0 0 0 1 0 0 0 1 2431.dat
1 72 -1560 -24 90 1 0 0 0 1 0 0 0 1 2431.dat
1 72 -1480 -24 -90 1 0 0 0 1 0 0 0 1 2431.dat
1 72 -1480 -24 90 1 0 0 0 1 0 0 0 1 2431.dat
1 72 -1400 -24 -90 1 0 0 0 1 0 0 0 1 2431.dat
1 72 -1400 -24 90 1 0 0 0 1 0 0 0 1 2431.dat
1 72 -1320 -24 -90 1 0 0 0 1 0 0 0 1 2431.dat
1 72 -1320 -24 90 1 0 0 0 1 0 0 0 1 2431.dat
1 72 -1240 -24 -90 1 0 0 0 1 0 0 0 1 2431.dat
1 72 -1240 -24 90 1 0 0 0 1 0 0 0 1 2431.dat
1 72 -1160 -24 -90 1 0 0 0 1 0 0 0 1 2431.dat
1 72 -1160 -24 90 1 0 0 0 1 0 0 0 1 2431.dat
1 72 1160 -24 -90 1 0 0 0 1 0 0 0 1 2431.dat
1 72 1160 -24 90 1 0 0 0 1 0 0 0 1 2431.dat
1 72 1240 -24 -90 1 0 0 0 1 0 0 0 1 2431.dat
1 72 1240 -24 90 1 0 0 0 1 0 0 0 1 2431.dat
1 72 1320 -24 -90 1 0 0 0 1 0 0 0 1 2431.dat
1 72 1320 -24 90 1 0 0 0 1 0 0 0 1 2431.dat
1 72 1400 -24 -90 1 0 0 0 1 0 0 0 1 2431.dat
1 72 1400 -24 90 1 0 0 0 1 0 0 0 1 2431.dat
1 72 1480 -24 -90 1 0 0 0 1 0 0 0 1 2431.dat
1 72 1480 -24 90 1 0 0 0 1 0 0 0 1 2431.dat
1 72 1560 -24 -90 1 0 0 0 1 0 0 0 1 2431.dat
1 72 1560 -24 90 1 0 0 0 1 0 0 0 1 2431.dat
1 72 1640 -24 -90 1 0 0 0 1 0 0 0 1 2431.dat
1 72 1640 -24 90 1 0 0 0 1 0 0 0 1 2431.dat
1 72 1720 -24 -90 1 0 0 0 1 0 0 0 1 2431.dat
1 72 1720 -24 90 1 0 0 0 1 0 0 0 1 2431.dat
1 72 1800 -24 -90 1 0 0 0 1 0 0 0 1 2431.dat
1 72 1800 -24 90 1 0 0 0 1 0 0 0 1 2431.dat
1 72 1880 -24 -90 1 0 0 0 1 0 0 0 1 2431.dat
1 72 1880 -24 90 1 0 0 0 1 0 0 0 1 2431.dat
1 72 1960 -24 -90 1 0 0 0 1 0 0 0 1 2431.dat
1 72 1960 -24 90 1 0 0 0 1 0 0 0 1 2431.dat
1 72 2040 -24 -90 1 0 0 0 1 0 0 0 1 2431.dat
1 72 2040 -24 90 1 0 0 0 1 0 0 0 1 2431.dat
0 STEP
1 0 -2040 -16 -110 1 0 0 0 1 0 0 0 1 15712.dat
1 0 -2040 -16 110 1 0 0 0 1 0 0 0 1 15712.dat
1 0 -1960 -16 -110 1 0 0 0 1 0 0 0 1 15712.dat
1 0 -1960 -16 110 1 0 0 0 1 0 0 0 1 15712.dat
1 0 -1880 -16 -110 1 0 0 0 1 0 0 0 1 15712.dat
1 0 -1880 -16 110 1 0 0 0 1 0 0 0 1 15712.dat
1 0 -1800 -16 -110 1 0 0 0 1 0 0 0 1 15712.dat
1 0 -1800 -16 110 1 0 0 0 1 0 0 0 1 15712.dat
1 0 -1720 -16 -110 1 0 0 0 1 0 0 0 1 15712.dat
1 0 -1720 -16 110 1 0 0 0 1 0 0 0 1 15712.dat
1 0 -1640 -16 -110 1 0 0 0 1 0 0 0 1 15712.dat
1 0 -1640 -16 110 1 0 0 0 1 0 0 0 1 15712.dat
1 0 -1560 -16 -110 1 0 0 0 1 0 0 0 1 15712.dat
1 0 -1560 -16 110 1 0 0 0 1 0 0 0 1 15712.dat
1 0 -1480 -16 -110 1 0 0 0 1 0 0 0 1 15712.dat
1 0 -1480 -16 110 1 0 0 0 1 0 0 0 1 15712.dat
1 0 -1400 -16 -110 1 0 0 0 1 0 0 0 1 15712.dat
1 0 -1400 -16 110 1 0 0 0 1 0 0 0 1 15712.dat
1 0 -1320 -16 -110 1 0 0 0 1 0 0 0 1 15712.dat
1 0 -1320 -16 110 1 0 0 0 1 0 0 0 1 15712.dat
1 0 -1240 -16 -110 1 0 0 0 1 0 0 0 1 15712.dat
1 0 -1240 -16 110 1 0 0 0 1 0 0 0 1 15712.dat
1 0 -1160 -16 -110 1 0 0 0 1 0 0 0 1 15712.dat
1 0 -1160 -16 110 1 0 0 0 1 0 0 0 1 15712.dat
1 0 1160 -16 -110 1 0 0 0 1 0 0 0 1 15712.dat
1 0 1160 -16 110 1 0 0 0 1 0 0 0 1 15712.dat
1 0 1240 -16 -110 1 0 0 0 1 0 0 0 1 15712.dat
1 0 1240 -16 110 1 0 0 0 1 0 0 0 1 15712.dat
1 0 1320 -16 -110 1 0 0 0 1 0 0 0 1 15712.dat
1 0 1320 -16 110 1 0 0 0 1 0 0 0 1 15712.dat
1 0 1400 -16 -110 1 0 0 0 1 0 0 0 1 15712.dat
1 0 1400 -16 110 1 0 0 0 1 0 0 0 1 15712.dat
1 0 1480 -16 -110 1 0 0 0 1 0 0 0 1 15712.dat
1 0 1480 -16 110 1 0 0 0 1 0 0 0 1 15712.dat
1 0 1560 -16 -110 1 0 0 0 1 0 0 0 1 15712.dat
1 0 1560 -16 110 1 0 0 0 1 0 0 0 1 15712.dat
1 0 1640 -16 -110 1 0 0 0 1 0 0 0 1 15712.dat
1 0 1640 -16 110 1 0 0 0 1 0 0 0 1 15712.dat
1 0 1720 -16 -110 1 0 0 0 1 0 0 0 1 15712.dat
1 0 1720 -16 110 1 0 0 0 1 0 0 0 1 15712.dat
1 0 1800 -16 -110 1 0 0 0 1 0 0 0 1 15712.dat
1 0 1800 -16 110 1 0 0 0 1 0 0 0 1 15712.dat
1 0 1880 -16 -110 1 0 0 0 1 0 0 0 1 15712.dat
1 0 1880 -16 110 1 0 0 0 1 0 0 0 1 15712.dat
1 0 1960 -16 -110 1 0 0 0 1 0 0 0 1 15712.dat
1 0 1960 -16 110 1 0 0 0 1 0 0 0 1 15712.dat
1 0 2040 -16 -110 1 0 0 0 1 0 0 0 1 15712.dat
1 0 2040 -16 110 1 0 0 0 1 0 0 0 1 15712.dat
0 STEP
1 0 1090 -78 0 0 0 1 0 1 0 -1 0 0 50451.dat
1 0 1090 -78.0007 -106 1 0 0 0 1 0 0 0 1 56908.dat
1 0 1090 -78.0007 106 1 0 0 0 1 0 0 0 1 56908.dat
1 0 1230 -78 0 0 0 1 0 1 0 -1 0 0 50451.dat
1 0 1230 -78.0007 -106 1 0 0 0 1 0 0 0 1 56908.dat
1 0 1230 -78.0007 106 1 0 0 0 1 0 0 0 1 56908.dat
1 0 1650 -78 0 0 0 1 0 1 0 -1 0 0 50451.dat
1 0 1650 -78.0007 -106 1 0 0 0 1 0 0 0 1 56908.dat
1 0 1650 -78.0007 106 1 0 0 0 1 0 0 0 1 56908.dat
1 0 1790 -78 0 0 0 1 0 1 0 -1 0 0 50451.dat
1 0 1790 -78.0007 -106 1 0 0 0 1 0 0 0 1 56908.dat
1 0 1790 -78.0007 106 1 0 0 0 1 0 0 0 1 56908.dat
0 STEP
1 0 1090 -78 -66.9997 1 0 0 0 0 1 0 -1 0 11213.dat
1 71 1090 -78 -149 1 0 0 0 1 0 0 0 1 3713.dat
1 0 1090 -78 71.0003 1 0 0 0 0 1 0 -1 0 11213.dat
1 71 1090 -78 149 1 0 0 0 1 0 0 0 1 3713.dat
1 0 1230 -78 -66.9997 1 0 0 0 0 1 0 -1 0 11213.dat
1 71 1230 -78 -149 1 0 0 0 1 0 0 0 1 3713.dat
1 0 1230 -78 71.0003 1 0 0 0 0 1 0 -1 0 11213.dat
1 71 1230 -78 149 1 0 0 0 1 0 0 0 1 3713.dat
1 0 1650 -78 -66.9997 1 0 0 0 0 1 0 -1 0 11213.dat
1 71 1650 -78 -149 1 0 0 0 1 0 0 0 1 3713.dat
1 0 1650 -78 71.0003 1 0 0 0 0 1 0 -1 0 11213.dat
1 71 1650 -78 149 1 0 0 0 1 0 0 0 1 3713.dat
1 0 1790 -78 -66.9997 1 0 0 0 0 1 0 -1 0 11213.dat
1 71 1790 -78 -149 1 0 0 0 1 0 0 0 1 3713.dat
1 0 1790 -78 71.0003 1 0 0 0 0 1 0 -1 0 11213.dat
1 71 1790 -78 149 1 0 0 0 1 0 0 0 1 3713.dat
0 STEP
1 0 1080 -144 -130 1 0 0 0 1 0 0 0 1 3710.dat
1 0 1160 -144 -130 1 0 0 0 1 0 0 0 1 3710.dat
1 0 1240 -144 -130 1 0 0 0 1 0 0 0 1 3710.dat
1 0 1080 -144 130 1 0 0 0 1 0 0 0 1 3710.dat
1 0 1160 -144 130 1 0 0 0 1 0 0 0 1 3710.dat
1 0 1240 -144 130 1 0 0 0 1 0 0 0 1 3710.dat
1 0 1160 -144 -80 1 0 0 0 1 0 0 0 1 3020.dat
1 0 1160 -144 0 1 0 0 0 1 0 0 0 1 3020.dat
1 0 1160 -144 80 1 0 0 0 1 0 0 0 1 3020.dat
1 0 1640 -144 -130 1 0 0 0 1 0 0 0 1 3710.dat
1 0 1720 -144 -130 1 0 0 0 1 0 0 0 1 3710.dat
1 0 1800 -144 -130 1 0 0 0 1 0 0 0 1 3710.dat
1 0 1640 -144 130 1 0 0 0 1 0 0 0 1 3710.dat
1 0 1720 -144 130 1 0 0 0 1 0 0 0 1 3710.dat
1 0 1800 -144 130 1 0 0 0 1 0 0 0 1 3710.dat
1 0 1720 -144 -80 1 0 0 0 1 0 0 0 1 3020.dat
1 0 1720 -144 0 1 0 0 0 1 0 0 0 1 3020.dat
1 0 1720 -144 80 1 0 0 0 1 0 0 0 1 3020.dat
0 STEP
1 72 1040 -168 -130 1 0 0 0 1 0 0 0 1 3010.dat
1 72 1040 -168 130 1 0 0 0 1 0 0 0 1 3010.dat
1 72 1120 -168 -130 1 0 0 0 1 0 0 0 1 3010.dat
1 72 1120 -168 130 1 0 0 0 1 0 0 0 1 3010.dat
1 72 1200 -168 -130 1 0 0 0 1 0 0 0 1 3010.dat
1 72 1200 -168 130 1 0 0 0 1 0 0 0 1 3010.dat
1 72 1280 -168 -130 1 0 0 0 1 0 0 0 1 3010.dat
1 72 1280 -168 130 1 0 0 0 1 0 0 0 1 3010.dat
1 72 1360 -168 -130 1 0 0 0 1 0 0 0 1 3010.dat
1 72 1360 -168 130 1 0 0 0 1 0 0 0 1 3010.dat
1 72 1440 -168 -130 1 0 0 0 1 0 0 0 1 3010.dat
1 72 1440 -168 130 1 0 0 0 1 0 0 0 1 3010.dat
1 72 1520 -168 -130 1 0 0 0 1 0 0 0 1 3010.dat
1 72 1520 -168 130 1 0 0 0 1 0 0 0 1 3010.dat
1 72 1600 -168 -130 1 0 0 0 1 0 0 0 1 3010.dat
1 72 1600 -168 130 1 0 0 0 1 0 0 0 1 3010.dat
1 72 1680 -168 -130 1 0 0 0 1 0 0 0 1 3010.dat
1 72 1680 -168 130 1 0 0 0 1 0 0 0 1 3010.dat
1 72 1760 -168 -130 1 0 0 0 1 0 0 0 1 3010.dat
1 72 1760 -168 130 1 0 0 0 1 0 0 0 1 3010.dat
1 72 1840 -168 -130 1 0 0 0 1 0 0 0 1 3010.dat
1 72 1840 -168 130 1 0 0 0 1 0 0 0 1 3010.dat
1 0 1080 -168 -80 0 0 1 0 1 0 -1 0 0 3001.dat
1 0 1080 -168 0 0 0 1 0 1 0 -1 0 0 3001.dat
1 0 1080 -168 80 0 0 1 0 1 0 -1 0 0 3001.dat
1 0 1240 -168 -80 0 0 1 0 1 0 -1 0 0 3001.dat
1 0 1240 -168 0 0 0 1 0 1 0 -1 0 0 3001.dat
1 0 1240 -168 80 0 0 1 0 1 0 -1 0 0 3001.dat
1 0 1400 -168 -80 0 0 1 0 1 0 -1 0 0 3001.dat
1 0 1400 -168 0 0 0 1 0 1 0 -1 0 0 3001.dat
1 0 1400 -168 80 0 0 1 0 1 0 -1 0 0 3001.dat
1 0 1560 -168 -80 0 0 1 0 1 0 -1 0 0 3001.dat
1 0 1560 -168 0 0 0 1 0 1 0 -1 0 0 3001.dat
1 0 1560 -168 80 0 0 1 0 1 0 -1 0 0 3001.dat
1 0 1720 -168 -80 0 0 1 0 1 0 -1 0 0 3001.dat
1 0 1720 -168 0 0 0 1 0 1 0 -1 0 0 3001.dat
1 0 1720 -168 80 0 0 1 0 1 0 -1 0 0 3001.dat
1 72 1020 -168 -80 0 0 1 0 1 0 -1 0 0 3001.dat
1 72 1020 -168 0 0 0 1 0 1 0 -1 0 0 3001.dat
1 72 1020 -168 80 0 0 1 0 1 0 -1 0 0 3001.dat
1 72 1860 -168 -80 0 0 1 0 1 0 -1 0 0 3001.dat
1 72 1860 -168 0 0 0 1 0 1 0 -1 0 0 3001.dat
1 72 1860 -168 80 0 0 1 0 1 0 -1 0 0 3001.dat
0 STEP
1 0 1040 -176 -120 1 0 0 0 1 0 0 0 1 3020.dat
1 0 1040 -176 -80 1 0 0 0 1 0 0 0 1 3020.dat
1 0 1040 -176 -40 1 0 0 0 1 0 0 0 1 3020.dat
1 0 1040 -176 0 1 0 0 0 1 0 0 0 1 3020.dat
1 0 1040 -176 40 1 0 0 0 1 0 0 0 1 3020.dat
1 0 1040 -176 80 1 0 0 0 1 0 0 0 1 3020.dat
1 0 1040 -176 120 1 0 0 0 1 0 0 0 1 3020.dat
1 0 1120 -176 -120 1 0 0 0 1 0 0 0 1 3020.dat
1 0 1120 -176 -80 1 0 0 0 1 0 0 0 1 3020.dat
1 0 1120 -176 -40 1 0 0 0 1 0 0 0 1 3020.dat
1 0 1120 -176 0 1 0 0 0 1 0 0 0 1 3020.dat
1 0 1120 -176 40 1 0 0 0 1 0 0 0 1 3020.dat
1 0 1120 -176 80 1 0 0 0 1 0 0 0 1 3020.dat
1 0 1120 -176 120 1 0 0 0 1 0 0 0 1 3020.dat
1 0 1200 -176 -120 1 0 0 0 1 0 0 0 1 3020.dat
1 0 1200 -176 -80 1 0 0 0 1 0 0 0 1 3020.dat
1 0 1200 -176 -40 1 0 0 0 1 0 0 0 1 3020.dat
1 0 1200 -176 0 1 0 0 0 1 0 0 0 1 3020.dat
1 0 1200 -176 40 1 0 0 0 1 0 0 0 1 3020.dat
1 0 1200 -176 80 1 0 0 0 1 0 0 0 1 3020.dat
1 0 1200 -176 120 1 0 0 0 1 0 0 0 1 3020.dat
1 0 1280 -176 -120 1 0 0 0 1 0 0 0 1 3020.dat
1 0 1280 -176 -80 1 0 0 0 1 0 0 0 1 3020.dat
1 0 1280 -176 -40 1 0 0 0 1 0 0 0 1 3020.dat
1 0 1280 -176 0 1 0 0 0 1 0 0 0 1 3020.dat
1 0 1280 -176 40 1 0 0 0 1 0 0 0 1 3020.dat
1 0 1280 -176 80 1 0 0 0 1 0 0 0 1 3020.dat
1 0 1280 -176 120 1 0 0 0 1 0 0 0 1 3020.dat
1 0 1360 -176 -120 1 0 0 0 1 0 0 0 1 3020.dat
1 0 1360 -176 -80 1 0 0 0 1 0 0 0 1 3020.dat
1 0 1360 -176 -40 1 0 0 0 1 0 0 0 1 3020.dat
1 0 1360 -176 0 1 0 0 0 1 0 0 0 1 3020.dat
1 0 1360 -176 40 1 0 0 0 1 0 0 0 1 3020.dat
1 0 1360 -176 80 1 0 0 0 1 0 0 0 1 3020.dat
1 0 1360 -176 120 1 0 0 0 1 0 0 0 1 3020.dat
1 0 1440 -176 -120 1 0 0 0 1 0 0 0 1 3020.dat
1 0 1440 -176 -80 1 0 0 0 1 0 0 0 1 3020.dat
1 0 1440 -176 -40 1 0 0 0 1 0 0 0 1 3020.dat
1 0 1440 -176 0 1 0 0 0 1 0 0 0 1 3020.dat
1 0 1440 -176 40 1 0 0 0 1 0 0 0 1 3020.dat
1 0 1440 -176 80 1 0 0 0 1 0 0 0 1 3020.dat
1 0 1440 -176 120 1 0 0 0 1 0 0 0 1 3020.dat
1 0 1520 -176 -120 1 0 0 0 1 0 0 0 1 3020.dat
1 0 1520 -176 -80 1 0 0 0 1 0 0 0 1 3020.dat
1 0 1520 -176 -40 1 0 0 0 1 0 0 0 1 3020.dat
1 0 1520 -176 0 1 0 0 0 1 0 0 0 1 3020.dat
1 0 1520 -176 40 1 0 0 0 1 0 0 0 1 3020.dat
1 0 1520 -176 80 1 0 0 0 1 0 0 0 1 3020.dat
1 0 1520 -176 120 1 0 0 0 1 0 0 0 1 3020.dat
1 0 1600 -176 -120 1 0 0 0 1 0 0 0 1 3020.dat
1 0 1600 -176 -80 1 0 0 0 1 0 0 0 1 3020.dat
1 0 1600 -176 -40 1 0 0 0 1 0 0 0 1 3020.dat
1 0 1600 -176 0 1 0 0 0 1 0 0 0 1 3020.dat
1 0 1600 -176 40 1 0 0 0 1 0 0 0 1 3020.dat
1 0 1600 -176 80 1 0 0 0 1 0 0 0 1 3020.dat
1 0 1600 -176 120 1 0 0 0 1 0 0 0 1 3020.dat
1 0 1680 -176 -120 1 0 0 0 1 0 0 0 1 3020.dat
1 0 1680 -176 -80 1 0 0 0 1 0 0 0 1 3020.dat
1 0 1680 -176 -40 1 0 0 0 1 0 0 0 1 3020.dat
1 0 1680 -176 0 1 0 0 0 1 0 0 0 1 3020.dat
1 0 1680 -176 40 1 0 0 0 1 0 0 0 1 3020.dat
1 0 1680 -176 80 1 0 0 0 1 0 0 0 1 3020.dat
1 0 1680 -176 120 1 0 0 0 1 0 0 0 1 3020.dat
1 0 1760 -176 -120 1 0 0 0 1 0 0 0 1 3020.dat
1 0 1760 -176 -80 1 0 0 0 1 0 0 0 1 3020.dat
1 0 1760 -176 -40 1 0 0 0 1 0 0 0 1 3020.dat
1 0 1760 -176 0 1 0 0 0 1 0 0 0 1 3020.dat
1 0 1760 -176 40 1 0 0 0 1 0 0 0 1 3020.dat
1 0 1760 -176 80 1 0 0 0 1 0 0 0 1 3020.dat
1 0 1760 -176 120 1 0 0 0 1 0 0 0 1 3020.dat
1 0 1840 -176 -120 1 0 0 0 1 0 0 0 1 3020.dat
1 0 1840 -176 -80 1 0 0 0 1 0 0 0 1 3020.dat
1 0 1840 -176 -40 1 0 0 0 1 0 0 0 1 3020.dat
1 0 1840 -176 0 1 0 0 0 1 0 0 0 1 3020.dat
1 0 1840 -176 40 1 0 0 0 1 0 0 0 1 3020.dat
1 0 1840 -176 80 1 0 0 0 1 0 0 0 1 3020.dat
1 0 1840 -176 120 1 0 0 0 1 0 0 0 1 3020.dat
0 STEP
1 72 1020 -184 -100 0 0 1 0 1 0 -1 0 0 3020.dat
1 72 1020 -184 -20 0 0 1 0 1 0 -1 0 0 3020.dat
1 72 1020 -184 60 0 0 1 0 1 0 -1 0 0 3020.dat
1 72 1060 -184 -100 0 0 1 0 1 0 -1 0 0 3020.dat
1 72 1060 -184 -20 0 0 1 0 1 0 -1 0 0 3020.dat
1 72 1060 -184 60 0 0 1 0 1 0 -1 0 0 3020.dat
1 72 1100 -184 -100 0 0 1 0 1 0 -1 0 0 3020.dat
1 72 1100 -184 -20 0 0 1 0 1 0 -1 0 0 3020.dat
1 72 1100 -184 60 0 0 1 0 1 0 -1 0 0 3020.dat
1 72 1140 -184 -100 0 0 1 0 1 0 -1 0 0 3020.dat
1 72 1140 -184 -20 0 0 1 0 1 0 -1 0 0 3020.dat
1 72 1140 -184 60 0 0 1 0 1 0 -1 0 0 3020.dat
1 72 1180 -184 -100 0 0 1 0 1 0 -1 0 0 3020.dat
1 72 1180 -184 -20 0 0 1 0 1 0 -1 0 0 3020.dat
1 72 1180 -184 60 0 0 1 0 1 0 -1 0 0 3020.dat
1 72 1220 -184 -100 0 0 1 0 1 0 -1 0 0 3020.dat
1 72 1220 -184 -20 0 0 1 0 1 0 -1 0 0 3020.dat
1 72 1220 -184 60 0 0 1 0 1 0 -1 0 0 3020.dat
1 72 1260 -184 -100 0 0 1 0 1 0 -1 0 0 3020.dat
1 72 1260 -184 -20 0 0 1 0 1 0 -1 0 0 3020.dat
1 72 1260 -184 60 0 0 1 0 1 0 -1 0 0 3020.dat
1 72 1300 -184 -100 0 0 1 0 1 0 -1 0 0 3020.dat
1 72 1300 -184 -20 0 0 1 0 1 0 -1 0 0 3020.dat
1 72 1300 -184 60 0 0 1 0 1 0 -1 0 0 3020.dat
1 72 1340 -184 -100 0 0 1 0 1 0 -1 0 0 3020.dat
1 72 1340 -184 -20 0 0 1 0 1 0 -1 0 0 3020.dat
1 72 1340 -184 60 0 0 1 0 1 0 -1 0 0 3020.dat
1 72 1380 -184 -100 0 0 1 0 1 0 -1 0 0 3020.dat
1 72 1380 -184 -20 0 0 1 0 1 0 -1 0 0 3020.dat
1 72 1380 -184 60 0 0 1 0 1 0 -1 0 0 3020.dat
1 72 1420 -184 -100 0 0 1 0 1 0 -1 0 0 3020.dat
1 72 1420 -184 -20 0 0 1 0 1 0 -1 0 0 3020.dat
1 72 1420 -184 60 0 0 1 0 1 0 -1 0 0 3020.dat
1 72 1460 -184 -100 0 0 1 0 1 0 -1 0 0 3020.dat
1 72 1460 -184 -20 0 0 1 0 1 0 -1 0 0 3020.dat
1 72 1460 -184 60 0 0 1 0 1 0 -1 0 0 3020.dat
1 72 1500 -184 -100 0 0 1 0 1 0 -1 0 0 3020.dat
1 72 1500 -184 -20 0 0 1 0 1 0 -1 0 0 3020.dat
1 72 1500 -184 60 0 0 1 0 1 0 -1 0 0 3020.dat
1 72 1540 -184 -100 0 0 1 0 1 0 -1 0 0 3020.dat
1 72 1540 -184 -20 0 0 1 0 1 0 -1 0 0 3020.dat
1 72 1540 -184 60 0 0 1 0 1 0 -1 0 0 3020.dat
1 72 1580 -184 -100 0 0 1 0 1 0 -1 0 0 3020.dat
1 72 1580 -184 -20 0 0 1 0 1 0 -1 0 0 3020.dat
1 72 1580 -184 60 0 0 1 0 1 0 -1 0 0 3020.dat
1 72 1620 -184 -100 0 0 1 0 1 0 -1 0 0 3020.dat
1 72 1620 -184 -20 0 0 1 0 1 0 -1 0 0 3020.dat
1 72 1620 -184 60 0 0 1 0 1 0 -1 0 0 3020.dat
1 72 1660 -184 -100 0 0 1 0 1 0 -1 0 0 3020.dat
1 72 1660 -184 -20 0 0 1 0 1 0 -1 0 0 3020.dat
1 72 1660 -184 60 0 0 1 0 1 0 -1 0 0 3020.dat
1 72 1700 -184 -100 0 0 1 0 1 0 -1 0 0 3020.dat
1 72 1700 -184 -20 0 0 1 0 1 0 -1 0 0 3020.dat
1 72 1700 -184 60 0 0 1 0 1 0 -1 0 0 3020.dat
1 72 1740 -184 -100 0 0 1 0 1 0 -1 0 0 3020.dat
1 72 1740 -184 -20 0 0 1 0 1 0 -1 0 0 3020.dat
1 72 1740 -184 60 0 0 1 0 1 0 -1 0 0 3020.dat
1 72 1780 -184 -100 0 0 1 0 1 0 -1 0 0 3020.dat
1 72 1780 -184 -20 0 0 1 0 1 0 -1 0 0 3020.dat
1 72 1780 -184 60 0 0 1 0 1 0 -1 0 0 3020.dat
1 72 1820 -184 -100 0 0 1 0 1 0 -1 0 0 3020.dat
1 72 1820 -184 -20 0 0 1 0 1 0 -1 0 0 3020.dat
1 72 1820 -184 60 0 0 1 0 1 0 -1 0 0 3020.dat
1 72 1860 -184 -100 0 0 1 0 1 0 -1 0 0 3020.dat
1 72 1860 -184 -20 0 0 1 0 1 0 -1 0 0 3020.dat
1 72 1860 -184 60 0 0 1 0 1 0 -1 0 0 3020.dat
1 72 1040 -184 120 1 0 0 0 1 0 0 0 1 3020.dat
1 72 1120 -184 120 1 0 0 0 1 0 0 0 1 3020.dat
1 72 1200 -184 120 1 0 0 0 1 0 0 0 1 3020.dat
1 72 1280 -184 120 1 0 0 0 1 0 0 0 1 3020.dat
1 72 1360 -184 120 1 0 0 0 1 0 0 0 1 3020.dat
1 72 1440 -184 120 1 0 0 0 1 0 0 0 1 3020.dat
1 72 1520 -184 120 1 0 0 0 1 0 0 0 1 3020.dat
1 72 1600 -184 120 1 0 0 0 1 0 0 0 1 3020.dat
1 72 1680 -184 120 1 0 0 0 1 0 0 0 1 3020.dat
1 72 1760 -184 120 1 0 0 0 1 0 0 0 1 3020.dat
1 72 1840 -184 120 1 0 0 0 1 0 0 0 1 3020.dat
0 STEP
1 72 1040 -192 -130 1 0 0 0 1 0 0 0 1 2431.dat
1 72 1040 -192 130 1 0 0 0 1 0 0 0 1 2431.dat
1 72 1120 -192 -130 1 0 0 0 1 0 0 0 1 2431.dat
1 72 1120 -192 130 1 0 0 0 1 0 0 0 1 2431.dat
1 72 1200 -192 -130 1 0 0 0 1 0 0 0 1 2431.dat
1 72 1200 -192 130 1 0 0 0 1 0 0 0 1 2431.dat
1 72 1280 -192 -130 1 0 0 0 1 0 0 0 1 2431.dat
1 72 1280 -192 130 1 0 0 0 1 0 0 0 1 2431.dat
1 72 1360 -192 -130 1 0 0 0 1 0 0 0 1 2431.dat
1 72 1360 -192 130 1 0 0 0 1 0 0 0 1 2431.dat
1 72 1440 -192 -130 1 0 0 0 1 0 0 0 1 2431.dat
1 72 1440 -192 130 1 0 0 0 1 0 0 0 1 2431.dat
1 72 1520 -192 -130 1 0 0 0 1 0 0 0 1 2431.dat
1 72 1520 -192 130 1 0 0 0 1 0 0 0 1 2431.dat
1 72 1600 -192 -130 1 0 0 0 1 0 0 0 1 2431.dat
1 72 1600 -192 130 1 0 0 0 1 0 0 0 1 2431.dat
1 72 1680 -192 -130 1 0 0 0 1 0 0 0 1 2431.dat
1 72 1680 -192 130 1 0 0 0 1 0 0 0 1 2431.dat
1 72 1760 -192 -130 1 0 0 0 1 0 0 0 1 2431.dat
1 72 1760 -192 130 1 0 0 0 1 0 0 0 1 2431.dat
1 72 1840 -192 -130 1 0 0 0 1 0 0 0 1 2431.dat
1 72 1840 -192 130 1 0 0 0 1 0 0 0 1 2431.dat
1 4 1020 -192 -110 1 0 0 0 1 0 0 0 1 3024.dat
1 15 1020 -200 -110 1 0 0 0 1 0 0 0 1 4073.dat
1 4 1020 -192 110 1 0 0 0 1 0 0 0 1 3024.dat
1 15 1020 -200 110 1 0 0 0 1 0 0 0 1 4073.dat
1 4 1860 -192 -110 1 0 0 0 1 0 0 0 1 3024.dat
1 15 1860 -200 -110 1 0 0 0 1 0 0 0 1 4073.dat
1 4 1860 -192 110 1 0 0 0 1 0 0 0 1 3024.dat
1 15 1860 -200 110 1 0 0 0 1 0 0 0 1 4073.dat
0 STEP
1 0 976 -156 -90 0 1 0 -1 0 0 0 0 1 3941.dat
1 0 976 -156 90 0 1 0 -1 0 0 0 0 1 3941.dat
1 0 964 -150 0 0 0 -1 0 1 0 1 0 0 2920.dat
1 0 950 -147 0 0 0 -1 0 1 0 1 0 0 73092.dat
1 0 1904 -156 -90 0 -1 0 1 0 0 0 0 1 3941.dat
1 0 1904 -156 90 0 -1 0 1 0 0 0 0 1 3941.dat
1 0 1916 -150 0 0 0 1 0 1 0 -1 0 0 2920.dat
1 0 1930 -147 0 0 0 1 0 1 0 -1 0 0 73092.dat
0 STEP
1 0 1080 -160 -148 1 0 0 0 1 0 0 0 1 2412b.dat
1 0 1110 -224 -152 1 0 0 0 1 0 0 0 1 30374.dat
1 0 1080 -160 148 1 0 0 0 1 0 0 0 1 2412b.dat
1 0 1110 -224 152 1 0 0 0 1 0 0 0 1 30374.dat
1 0 1800 -160 -148 1 0 0 0 1 0 0 0 1 2412b.dat
1 0 1830 -224 -152 1 0 0 0 1 0 0 0 1 30374.dat
1 0 1800 -160 148 1 0 0 0 1 0 0 0 1 2412b.dat
1 0 1830 -224 152 1 0 0 0 1 0 0 0 1 30374.dat
0 STEP
1 0 -1790 -78 0 0 0 1 0 1 0 -1 0 0 50451.dat
1 0 -1790 -78.0007 -106 1 0 0 0 1 0 0 0 1 56908.dat
1 0 -1790 -78.0007 106 1 0 0 0 1 0 0 0 1 56908.dat
1 0 -1650 -78 0 0 0 1 0 1 0 -1 0 0 50451.dat
1 0 -1650 -78.0007 -106 1 0 0 0 1 0 0 0 1 56908.dat
1 0 -1650 -78.0007 106 1 0 0 0 1 0 0 0 1 56908.dat
1 0 -1230 -78 0 0 0 1 0 1 0 -1 0 0 50451.dat
1 0 -1230 -78.0007 -106 1 0 0 0 1 0 0 0 1 56908.dat
1 0 -1230 -78.0007 106 1 0 0 0 1 0 0 0 1 56908.dat
1 0 -1090 -78 0 0 0 1 0 1 0 -1 0 0 50451.dat
1 0 -1090 -78.0007 -106 1 0 0 0 1 0 0 0 1 56908.dat
1 0 -1090 -78.0007 106 1 0 0 0 1 0 0 0 1 56908.dat
0 STEP
1 0 -1790 -78 -66.9997 1 0 0 0 0 1 0 -1 0 11213.dat
1 71 -1790 -78 -149 1 0 0 0 1 0 0 0 1 3713.dat
1 0 -1790 -78 71.0003 1 0 0 0 0 1 0 -1 0 11213.dat
1 71 -1790 -78 149 1 0 0 0 1 0 0 0 1 3713.dat
1 0 -1650 -78 -66.9997 1 0 0 0 0 1 0 -1 0 11213.dat
1 71 -1650 -78 -149 1 0 0 0 1 0 0 0 1 3713.dat
1 0 -1650 -78 71.0003 1 0 0 0 0 1 0 -1 0 11213.dat
1 71 -1650 -78 149 1 0 0 0 1 0 0 0 1 3713.dat
1 0 -1230 -78 -66.9997 1 0 0 0 0 1 0 -1 0 11213.dat
1 71 -1230 -78 -149 1 0 0 0 1 0 0 0 1 3713.dat
1 0 -1230 -78 71.0003 1 0 0 0 0 1 0 -1 0 11213.dat
1 71 -1230 -78 149 1 0 0 0 1 0 0 0 1 3713.dat
1 0 -1090 -78 -66.9997 1 0 0 0 0 1 0 -1 0 11213.dat
1 71 -1090 -78 -149 1 0 0 0 1 0 0 0 1 3713.dat
1 0 -1090 -78 71.0003 1 0 0 0 0 1 0 -1 0 11213.dat
1 71 -1090 -78 149 1 0 0 0 1 0 0 0 1 3713.dat
0 STEP
1 0 -1800 -144 -130 1 0 0 0 1 0 0 0 1 3710.dat
1 0 -1720 -144 -130 1 0 0 0 1 0 0 0 1 3710.dat
1 0 -1640 -144 -130 1 0 0 0 1 0 0 0 1 3710.dat
1 0 -1800 -144 130 1 0 0 0 1 0 0 0 1 3710.dat
1 0 -1720 -144 130 1 0 0 0 1 0 0 0 1 3710.dat
1 0 -1640 -144 130 1 0 0 0 1 0 0 0 1 3710.dat
1 0 -1720 -144 -80 1 0 0 0 1 0 0 0 1 3020.dat
1 0 -1720 -144 0 1 0 0 0 1 0 0 0 1 3020.dat
1 0 -1720 -144 80 1 0 0 0 1 0 0 0 1 3020.dat
1 0 -1240 -144 -130 1 0 0 0 1 0 0 0 1 3710.dat
1 0 -1160 -144 -130 1 0 0 0 1 0 0 0 1 3710.dat
1 0 -1080 -144 -130 1 0 0 0 1 0 0 0 1 3710.dat
1 0 -1240 -144 130 1 0 0 0 1 0 0 0 1 3710.dat
1 0 -1160 -144 130 1 0 0 0 1 0 0 0 1 3710.dat
1 0 -1080 -144 130 1 0 0 0 1 0 0 0 1 3710.dat
1 0 -1160 -144 -80 1 0 0 0 1 0 0 0 1 3020.dat
1 0 -1160 -144 0 1 0 0 0 1 0 0 0 1 3020.dat
1 0 -1160 -144 80 1 0 0 0 1 0 0 0 1 3020.dat
0 STEP
1 72 -1840 -168 -130 1 0 0 0 1 0 0 0 1 3010.dat
1 72 -1840 -168 130 1 0 0 0 1 0 0 0 1 3010.dat
1 72 -1760 -168 -130 1 0 0 0 1 0 0 0 1 3010.dat
1 72 -1760 -168 130 1 0 0 0 1 0 0 0 1 3010.dat
1 72 -1680 -168 -130 1 0 0 0 1 0 0 0 1 3010.dat
1 72 -1680 -168 130 1 0 0 0 1 0 0 0 1 3010.dat
1 72 -1600 -168 -130 1 0 0 0 1 0 0 0 1 3010.dat
1 72 -1600 -168 130 1 0 0 0 1 0 0 0 1 3010.dat
1 72 -1520 -168 -130 1 0 0 0 1 0 0 0 1 3010.dat
1 72 -1520 -168 130 1 0 0 0 1 0 0 0 1 3010.dat
1 72 -1440 -168 -130 1 0 0 0 1 0 0 0 1 3010.dat
1 72 -1440 -168 130 1 0 0 0 1 0 0 0 1 3010.dat
1 72 -1360 -168 -130 1 0 0 0 1 0 0 0 1 3010.dat
1 72 -1360 -168 130 1 0 0 0 1 0 0 0 1 3010.dat
1 72 -1280 -168 -130 1 0 0 0 1 0 0 0 1 3010.dat
1 72 -1280 -168 130 1 0 0 0 1 0 0 0 1 3010.dat
1 72 -1200 -168 -130 1 0 0 0 1 0 0 0 1 3010.dat
1 72 -1200 -168 130 1 0 0 0 1 0 0 0 1 3010.dat
1 72 -1120 -168 -130 1 0 0 0 1 0 0 0 1 3010.dat
1 72 -1120 -168 130 1 0 0 0 1 0 0 0 1 3010.dat
1 72 -1040 -168 -130 1 0 0 0 1 0 0 0 1 3010.dat
1 72 -1040 -168 130 1 0 0 0 1 0 0 0 1 3010.dat
1 0 -1800 -168 -80 0 0 1 0 1 0 -1 0 0 3001.dat
1 0 -1800 -168 0 0 0 1 0 1 0 -1 0 0 3001.dat
1 0 -1800 -168 80 0 0 1 0 1 0 -1 0 0 3001.dat
1 0 -1640 -168 -80 0 0 1 0 1 0 -1 0 0 3001.dat
1 0 -1640 -168 0 0 0 1 0 1 0 -1 0 0 3001.dat
1 0 -1640 -168 80 0 0 1 0 1 0 -1 0 0 3001.dat
1 0 -1480 -168 -80 0 0 1 0 1 0 -1 0 0 3001.dat
1 0 -1480 -168 0 0 0 1 0 1 0 -1 0 0 3001.dat
1 0 -1480 -168 80 0 0 1 0 1 0 -1 0 0 3001.dat
1 0 -1320 -168 -80 0 0 1 0 1 0 -1 0 0 3001.dat
1 0 -1320 -168 0 0 0 1 0 1 0 -1 0 0 3001.dat
1 0 -1320 -168 80 0 0 1 0 1 0 -1 0 0 3001.dat
1 0 -1160 -168 -80 0 0 1 0 1 0 -1 0 0 3001.dat
1 0 -1160 -168 0 0 0 1 0 1 0 -1 0 0 3001.dat
1 0 -1160 -168 80 0 0 1 0 1 0 -1 0 0 3001.dat
1 72 -1860 -168 -80 0 0 1 0 1 0 -1 0 0 3001.dat
1 72 -1860 -168 0 0 0 1 0 1 0 -1 0 0 3001.dat
1 72 -1860 -168 80 0 0 1 0 1 0 -1 0 0 3001.dat
1 72 -1020 -168 -80 0 0 1 0 1 0 -1 0 0 3001.dat
1 72 -1020 -168 0 0 0 1 0 1 0 -1 0 0 3001.dat
1 72 -1020 -168 80 0 0 1 0 1 0 -1 0 0 3001.dat
0 STEP
1 0 -1840 -176 -120 1 0 0 0 1 0 0 0 1 3020.dat
1 0 -1840 -176 -80 1 0 0 0 1 0 0 0 1 3020.dat
1 0 -1840 -176 -40 1 0 0 0 1 0 0 0 1 3020.dat
1 0 -1840 -176 0 1 0 0 0 1 0 0 0 1 3020.dat
1 0 -1840 -176 40 1 0 0 0 1 0 0 0 1 3020.dat
1 0 -1840 -176 80 1 0 0 0 1 0 0 0 1 3020.dat
1 0 -1840 -176 120 1 0 0 0 1 0 0 0 1 3020.dat
1 0 -1760 -176 -120 1 0 0 0 1 0 0 0 1 3020.dat
1 0 -1760 -176 -80 1 0 0 0 1 0 0 0 1 3020.dat
1 0 -1760 -176 -40 1 0 0 0 1 0 0 0 1 3020.dat
1 0 -1760 -176 0 1 0 0 0 1 0 0 0 1 3020.dat
1 0 -1760 -176 40 1 0 0 0 1 0 0 0 1 3020.dat
1 0 -1760 -176 80 1 0 0 0 1 0 0 0 1 3020.dat
1 0 -1760 -176 120 1 0 0 0 1 0 0 0 1 3020.dat
1 0 -1680 -176 -120 1 0 0 0 1 0 0 0 1 3020.dat
1 0 -1680 -176 -80 1 0 0 0 1 0 0 0 1 3020.dat
1 0 -1680 -176 -40 1 0 0 0 1 0 0 0 1 3020.dat
1 0 -1680 -176 0 1 0 0 0 1 0 0 0 1 3020.dat
1 0 -1680 -176 40 1 0 0 0 1 0 0 0 1 3020.dat
1 0 -1680 -176 80 1 0 0 0 1 0 0 0 1 3020.dat
1 0 -1680 -176 120 1 0 0 0 1 0 0 0 1 3020.dat
1 0 -1600 -176 -120 1 0 0 0 1 0 0 0 1 3020.dat
1 0 -1600 -176 -80 1 0 0 0 1 0 0 0 1 3020.dat
1 0 -1600 -176 -40 1 0 0 0 1 0 0 0 1 3020.dat
1 0 -1600 -176 0 1 0 0 0 1 0 0 0 1 3020.dat
1 0 -1600 -176 40 1 0 0 0 1 0 0 0 1 3020.dat
1 0 -1600 -176 80 1 0 0 0 1 0 0 0 1 3020.dat
1 0 -1600 -176 120 1 0 0 0 1 0 0 0 1 3020.dat
1 0 -1520 -176 -120 1 0 0 0 1 0 0 0 1 3020.dat
1 0 -1520 -176 -80 1 0 0 0 1 0 0 0 1 3020.dat
1 0 -1520 -176 -40 1 0 0 0 1 0 0 0 1 3020.dat
1 0 -1520 -176 0 1 0 0 0 1 0 0 0 1 3020.dat
1 0 -1520 -176 40 1 0 0 0 1 0 0 0 1 3020.dat
1 0 -1520 -176 80 1 0 0 0 1 0 0 0 1 3020.dat
1 0 -1520 -176 120 1 0 0 0 1 0 0 0 1 3020.dat
1 0 -1440 -176 -120 1 0 0 0 1 0 0 0 1 3020.dat
1 0 -1440 -176 -80 1 0 0 0 1 0 0 0 1 3020.dat
1 0 -1440 -176 -40 1 0 0 0 1 0 0 0 1 3020.dat
1 0 -1440 -176 0 1 0 0 0 1 0 0 0 1 3020.dat
1 0 -1440 -176 40 1 0 0 0 1 0 0 0 1 3020.dat
1 0 -1440 -176 80 1 0 0 0 1 0 0 0 1 3020.dat
1 0 -1440 -176 120 1 0 0 0 1 0 0 0 1 3020.dat
1 0 -1360 -176 -120 1 0 0 0 1 0 0 0 1 3020.dat
1 0 -1360 -176 -80 1 0 0 0 1 0 0 0 1 3020.dat
1 0 -1360 -176 -40 1 0 0 0 1 0 0 0 1 3020.dat
1 0 -1360 -176 0 1 0 0 0 1 0 0 0 1 3020.dat
1 0 -1360 -176 40 1 0 0 0 1 0 0 0 1 3020.dat
1 0 -1360 -176 80 1 0 0 0 1 0 0 0 1 3020.dat
1 0 -1360 -176 120 1 0 0 0 1 0 0 0 1 3020.dat
1 0 -1280 -176 -120 1 0 0 0 1 0 0 0 1 3020.dat
1 0 -1280 -176 -80 1 0 0 0 1 0 0 0 1 3020.dat
1 0 -1280 -176 -40 1 0 0 0 1 0 0 0 1 3020.dat
1 0 -1280 -176 0 1 0 0 0 1 0 0 0 1 3020.dat
1 0 -1280 -176 40 1 0 0 0 1 0 0 0 1 3020.dat
1 0 -1280 -176 80 1 0 0 0 1 0 0 0 1 3020.dat
1 0 -1280 -176 120 1 0 0 0 1 0 0 0 1 3020.dat
1 0 -1200 -176 -120 1 0 0 0 1 0 0 0 1 3020.dat
1 0 -1200 -176 -80 1 0 0 0 1 0 0 0 1 3020.dat
1 0 -1200 -176 -40 1 0 0 0 1 0 0 0 1 3020.dat
1 0 -1200 -176 0 1 0 0 0 1 0 0 0 1 3020.dat
1 0 -1200 -176 40 1 0 0 0 1 0 0 0 1 3020.dat
1 0 -1200 -176 80 1 0 0 0 1 0 0 0 1 3020.dat
1 0 -1200 -176 120 1 0 0 0 1 0 0 0 1 3020.dat
1 0 -1120 -176 -120 1 0 0 0 1 0 0 0 1 3020.dat
1 0 -1120 -176 -80 1 0 0 0 1 0 0 0 1 3020.dat
1 0 -1120 -176 -40 1 0 0 0 1 0 0 0 1 3020.dat
1 0 -1120 -176 0 1 0 0 0 1 0 0 0 1 3020.dat
1 0 -1120 -176 40 1 0 0 0 1 0 0 0 1 3020.dat
1 0 -1120 -176 80 1 0 0 0 1 0 0 0 1 3020.dat
1 0 -1120 -176 120 1 0 0 0 1 0 0 0 1 3020.dat
1 0 -1040 -176 -120 1 0 0 0 1 0 0 0 1 3020.dat
1 0 -1040 -176 -80 1 0 0 0 1 0 0 0 1 3020.dat
1 0 -1040 -176 -40 1 0 0 0 1 0 0 0 1 3020.dat
1 0 -1040 -176 0 1 0 0 0 1 0 0 0 1 3020.dat
1 0 -1040 -176 40 1 0 0 0 1 0 0 0 1 3020.dat
1 0 -1040 -176 80 1 0 0 0 1 0 0 0 1 3020.dat
1 0 -1040 -176 120 1 0 0 0 1 0 0 0 1 3020.dat
0 STEP
1 72 -1860 -184 -100 0 0 1 0 1 0 -1 0 0 3020.dat
1 72 -1860 -184 -20 0 0 1 0 1 0 -1 0 0 3020.dat
1 72 -1860 -184 60 0 0 1 0 1 0 -1 0 0 3020.dat
1 72 -1820 -184 -100 0 0 1 0 1 0 -1 0 0 3020.dat
1 72 -1820 -184 -20 0 0 1 0 1 0 -1 0 0 3020.dat
1 72 -1820 -184 60 0 0 1 0 1 0 -1 0 0 3020.dat
1 72 -1780 -184 -100 0 0 1 0 1 0 -1 0 0 3020.dat
1 72 -1780 -184 -20 0 0 1 0 1 0 -1 0 0 3020.dat
1 72 -1780 -184 60 0 0 1 0 1 0 -1 0 0 3020.dat
1 72 -1740 -184 -100 0 0 1 0 1 0 -1 0 0 3020.dat
1 72 -1740 -184 -20 0 0 1 0 1 0 -1 0 0 3020.dat
1 72 -1740 -184 60 0 0 1 0 1 0 -1 0 0 3020.dat
1 72 -1700 -184 -100 0 0 1 0 1 0 -1 0 0 3020.dat
1 72 -1700 -184 -20 0 0 1 0 1 0 -1 0 0 3020.dat
1 72 -1700 -184 60 0 0 1 0 1 0 -1 0 0 3020.dat
1 72 -1660 -184 -100 0 0 1 0 1 0 -1 0 0 3020.dat
1 72 -1660 -184 -20 0 0 1 0 1 0 -1 0 0 3020.dat
1 72 -1660 -184 60 0 0 1 0 1 0 -1 0 0 3020.dat
1 72 -1620 -184 -100 0 0 1 0 1 0 -1 0 0 3020.dat
1 72 -1620 -184 -20 0 0 1 0 1 0 -1 0 0 3020.dat
1 72 -1620 -184 60 0 0 1 0 1 0 -1 0 0 3020.dat
1 72 -1580 -184 -100 0 0 1 0 1 0 -1 0 0 3020.dat
1 72 -1580 -184 -20 0 0 1 0 1 0 -1 0 0 3020.dat
1 72 -1580 -184 60 0 0 1 0 1 0 -1 0 0 3020.dat
1 72 -1540 -184 -100 0 0 1 0 1 0 -1 0 0 3020.dat
1 72 -1540 -184 -20 0 0 1 0 1 0 -1 0 0 3020.dat
1 72 -1540 -184 60 0 0 1 0 1 0 -1 0 0 3020.dat
1 72 -1500 -184 -100 0 0 1 0 1 0 -1 0 0 3020.dat
1 72 -1500 -184 -20 0 0 1 0 1 0 -1 0 0 3020.dat
1 72 -1500 -184 60 0 0 1 0 1 0 -1 0 0 3020.dat
1 72 -1460 -184 -100 0 0 1 0 1 0 -1 0 0 3020.dat
1 72 -1460 -184 -20 0 0 1 0 1 0 -1 0 0 3020.dat
1 72 -1460 -184 60 0 0 1 0 1 0 -1 0 0 3020.dat
1 72 -1420 -184 -100 0 0 1 0 1 0 -1 0 0 3020.dat
1 72 -1420 -184 -20 0 0 1 0 1 0 -1 0 0 3020.dat
1 72 -1420 -184 60 0 0 1 0 1 0 -1 0 0 3020.dat
1 72 -1380 -184 -100 0 0 1 0 1 0 -1 0 0 3020.dat
1 72 -1380 -184 -20 0 0 1 0 1 0 -1 0 0 3020.dat
1 72 -1380 -184 60 0 0 1 0 1 0 -1 0 0 3020.dat
1 72 -1340 -184 -100 0 0 1 0 1 0 -1 0 0 3020.dat
1 72 -1340 -184 -20 0 0 1 0 1 0 -1 0 0 3020.dat
1 72 -1340 -184 60 0 0 1 0 1 0 -1 0 0 3020.dat
1 72 -1300 -184 -100 0 0 1 0 1 0 -1 0 0 3020.dat
1 72 -1300 -184 -20 0 0 1 0 1 0 -1 0 0 3020.dat
1 72 -1300 -184 60 0 0 1 0 1 0 -1 0 0 3020.dat
1 72 -1260 -184 -100 0 0 1 0 1 0 -1 0 0 3020.dat
1 72 -1260 -184 -20 0 0 1 0 1 0 -1 0 0 3020.dat
1 72 -1260 -184 60 0 0 1 0 1 0 -1 0 0 3020.dat
1 72 -1220 -184 -100 0 0 1 0 1 0 -1 0 0 3020.dat
1 72 -1220 -184 -20 0 0 1 0 1 0 -1 0 0 3020.dat
1 72 -1220 -184 60 0 0 1 0 1 0 -1 0 0 3020.dat
1 72 -1180 -184 -100 0 0 1 0 1 0 -1 0 0 3020.dat
1 72 -1180 -184 -20 0 0 1 0 1 0 -1 0 0 3020.dat
1 72 -1180 -184 60 0 0 1 0 1 0 -1 0 0 3020.dat
1 72 -1140 -184 -100 0 0 1 0 1 0 -1 0 0 3020.dat
1 72 -1140 -184 -20 0 0 1 0 1 0 -1 0 0 3020.dat
1 72 -1140 -184 60 0 0 1 0 1 0 -1 0 0 3020.dat
1 72 -1100 -184 -100 0 0 1 0 1 0 -1 0 0 3020.dat
1 72 -1100 -184 -20 0 0 1 0 1 0 -1 0 0 3020.dat
1 72 -1100 -184 60 0 0 1 0 1 0 -1 0 0 3020.dat
1 72 -1060 -184 -100 0 0 1 0 1 0 -1 0 0 3020.dat
1 72 -1060 -184 -20 0 0 1 0 1 0 -1 0 0 3020.dat
1 72 -1060 -184 60 0 0 1 0 1 0 -1 0 0 3020.dat
1 72 -1020 -184 -100 0 0 1 0 1 0 -1 0 0 3020.dat
1 72 -1020 -184 -20 0 0 1 0 1 0 -1 0 0 3020.dat
1 72 -1020 -184 60 0 0 1 0 1 0 -1 0 0 3020.dat
1 72 -1840 -184 120 1 0 0 0 1 0 0 0 1 3020.dat
1 72 -1760 -184 120 1 0 0 0 1 0 0 0 1 3020.dat
1 72 -1680 -184 120 1 0 0 0 1 0 0 0 1 3020.dat
1 72 -1600 -184 120 1 0 0 0 1 0 0 0 1 3020.dat
1 72 -1520 -184 120 1 0 0 0 1 0 0 0 1 3020.dat
1 72 -1440 -184 120 1 0 0 0 1 0 0 0 1 3020.dat
1 72 -1360 -184 120 1 0 0 0 1 0 0 0 1 3020.dat
1 72 -1280 -184 120 1 0 0 0 1 0 0 0 1 3020.dat
1 72 -1200 -184 120 1 0 0 0 1 0 0 0 1 3020.dat
1 72 -1120 -184 120 1 0 0 0 1 0 0 0 1 3020.dat
1 72 -1040 -184 120 1 0 0 0 1 0 0 0 1 3020.dat
0 STEP
1 72 -1840 -192 -130 1 0 0 0 1 0 0 0 1 2431.dat
1 72 -1840 -192 130 1 0 0 0 1 0 0 0 1 2431.dat
1 72 -1760 -192 -130 1 0 0 0 1 0 0 0 1 2431.dat
1 72 -1760 -192 130 1 0 0 0 1 0 0 0 1 2431.dat
1 72 -1680 -192 -130 1 0 0 0 1 0 0 0 1 2431.dat
1 72 -1680 -192 130 1 0 0 0 1 0 0 0 1 2431.dat
1 72 -1600 -192 -130 1 0 0 0 1 0 0 0 1 2431.dat
1 72 -1600 -192 130 1 0 0 0 1 0 0 0 1 2431.dat
1 72 -1520 -192 -130 1 0 0 0 1 0 0 0 1 2431.dat
1 72 -1520 -192 130 1 0 0 0 1 0 0 0 1 2431.dat
1 72 -1440 -192 -130 1 0 0 0 1 0 0 0 1 2431.dat
1 72 -1440 -192 130 1 0 0 0 1 0 0 0 1 2431.dat
1 72 -1360 -192 -130 1 0 0 0 1 0 0 0 1 2431.dat
1 72 -1360 -192 130 1 0 0 0 1 0 0 0 1 2431.dat
1 72 -1280 -192 -130 1 0 0 0 1 0 0 0 1 2431.dat
1 72 -1280 -192 130 1 0 0 0 1 0 0 0 1 2431.dat
1 72 -1200 -192 -130 1 0 0 0 1 0 0 0 1 2431.dat
1 72 -1200 -192 130 1 0 0 0 1 0 0 0 1 2431.dat
1 72 -1120 -192 -130 1 0 0 0 1 0 0 0 1 2431.dat
1 72 -1120 -192 130 1 0 0 0 1 0 0 0 1 2431.dat
1 72 -1040 -192 -130 1 0 0 0 1 0 0 0 1 2431.dat
1 72 -1040 -192 130 1 0 0 0 1 0 0 0 1 2431.dat
1 4 -1860 -192 -110 1 0 0 0 1 0 0 0 1 3024.dat
1 15 -1860 -200 -110 1 0 0 0 1 0 0 0 1 4073.dat
1 4 -1860 -192 110 1 0 0 0 1 0 0 0 1 3024.dat
1 15 -1860 -200 110 1 0 0 0 1 0 0 0 1 4073.dat
1 4 -1020 -192 -110 1 0 0 0 1 0 0 0 1 3024.dat
1 15 -1020 -200 -110 1 0 0 0 1 0 0 0 1 4073.dat
1 4 -1020 -192 110 1 0 0 0 1 0 0 0 1 3024.dat
1 15 -1020 -200 110 1 0 0 0 1 0 0 0 1 4073.dat
0 STEP
1 0 -1904 -156 -90 0 1 0 -1 0 0 0 0 1 3941.dat
1 0 -1904 -156 90 0 1 0 -1 0 0 0 0 1 3941.dat
1 0 -1916 -150 0 0 0 -1 0 1 0 1 0 0 2920.dat
1 0 -1930 -147 0 0 0 -1 0 1 0 1 0 0 73092.dat
1 0 -976 -156 -90 0 -1 0 1 0 0 0 0 1 3941.dat
1 0 -976 -156 90 0 -1 0 1 0 0 0 0 1 3941.dat
1 0 -964 -150 0 0 0 1 0 1 0 -1 0 0 2920.dat
1 0 -950 -147 0 0 0 1 0 1 0 -1 0 0 73092.dat
0 STEP
1 0 -1800 -160 -148 1 0 0 0 1 0 0 0 1 2412b.dat
1 0 -1770 -224 -152 1 0 0 0 1 0 0 0 1 30374.dat
1 0 -1800 -160 148 1 0 0 0 1 0 0 0 1 2412b.dat
1 0 -1770 -224 152 1 0 0 0 1 0 0 0 1 30374.dat
1 0 -1080 -160 -148 1 0 0 0 1 0 0 0 1 2412b.dat
1 0 -1050 -224 -152 1 0 0 0 1 0 0 0 1 30374.dat
1 0 -1080 -160 148 1 0 0 0 1 0 0 0 1 2412b.dat
1 0 -1050 -224 152 1 0 0 0 1 0 0 0 1 30374.dat
0 STEP
1 14 1100 -192 -100 1 0 0 0 1 0 0 0 1 3031.dat
1 14 1100 -192 100 1 0 0 0 1 0 0 0 1 3031.dat
0 STEP
1 14 1080 -216 -100 1 0 0 0 1 0 0 0 1 3003.dat
1 14 1080 -216 100 1 0 0 0 1 0 0 0 1 3003.dat
1 14 1080 -240 -100 1 0 0 0 1 0 0 0 1 3003.dat
1 14 1080 -240 100 1 0 0 0 1 0 0 0 1 3003.dat
1 14 1080 -264 -100 1 0 0 0 1 0 0 0 1 3003.dat
1 14 1080 -264 100 1 0 0 0 1 0 0 0 1 3003.dat
1 14 1080 -288 -100 1 0 0 0 1 0 0 0 1 3003.dat
1 14 1080 -288 100 1 0 0 0 1 0 0 0 1 3003.dat
1 14 1080 -312 -100 1 0 0 0 1 0 0 0 1 3003.dat
1 14 1080 -312 100 1 0 0 0 1 0 0 0 1 3003.dat
1 14 1080 -336 -100 1 0 0 0 1 0 0 0 1 3003.dat
1 14 1080 -336 100 1 0 0 0 1 0 0 0 1 3003.dat
1 14 1080 -360 -100 1 0 0 0 1 0 0 0 1 3003.dat
1 14 1080 -360 100 1 0 0 0 1 0 0 0 1 3003.dat
1 14 1080 -384 -100 1 0 0 0 1 0 0 0 1 3003.dat
1 14 1080 -384 100 1 0 0 0 1 0 0 0 1 3003.dat
1 14 1080 -408 -100 1 0 0 0 1 0 0 0 1 3003.dat
1 14 1080 -408 100 1 0 0 0 1 0 0 0 1 3003.dat
1 14 1080 -432 -100 1 0 0 0 1 0 0 0 1 3003.dat
1 14 1080 -432 100 1 0 0 0 1 0 0 0 1 3003.dat
1 14 1080 -456 -100 1 0 0 0 1 0 0 0 1 3003.dat
1 14 1080 -456 100 1 0 0 0 1 0 0 0 1 3003.dat
0 STEP
1 72 1070 -480 -80 0 0 1 0 1 0 -1 0 0 3010.dat
1 72 1070 -480 0 0 0 1 0 1 0 -1 0 0 3010.dat
1 72 1070 -480 80 0 0 1 0 1 0 -1 0 0 3010.dat
1 14 1070 -504 -110 1 0 0 0 1 0 0 0 1 3005.dat
1 14 1070 -504 110 1 0 0 0 1 0 0 0 1 3005.dat
0 STEP
1 14 -1640 -192 -80 1 0 0 0 1 0 0 0 1 3031.dat
1 14 -1640 -192 0 1 0 0 0 1 0 0 0 1 3031.dat
1 14 -1640 -192 80 1 0 0 0 1 0 0 0 1 3031.dat
1 14 -1560 -192 -80 1 0 0 0 1 0 0 0 1 3031.dat
1 14 -1560 -192 0 1 0 0 0 1 0 0 0 1 3031.dat
1 14 -1560 -192 80 1 0 0 0 1 0 0 0 1 3031.dat
1 14 -1480 -192 -80 1 0 0 0 1 0 0 0 1 3031.dat
1 14 -1480 -192 0 1 0 0 0 1 0 0 0 1 3031.dat
1 14 -1480 -192 80 1 0 0 0 1 0 0 0 1 3031.dat
1 14 -1400 -192 -80 1 0 0 0 1 0 0 0 1 3031.dat
1 14 -1400 -192 0 1 0 0 0 1 0 0 0 1 3031.dat
1 14 -1400 -192 80 1 0 0 0 1 0 0 0 1 3031.dat
1 14 -1320 -192 -80 1 0 0 0 1 0 0 0 1 3031.dat
1 14 -1320 -192 0 1 0 0 0 1 0 0 0 1 3031.dat
1 14 -1320 -192 80 1 0 0 0 1 0 0 0 1 3031.dat
1 14 -1240 -192 -80 1 0 0 0 1 0 0 0 1 3031.dat
1 14 -1240 -192 0 1 0 0 0 1 0 0 0 1 3031.dat
1 14 -1240 -192 80 1 0 0 0 1 0 0 0 1 3031.dat
0 STEP
1 14 -1600 -216 -80 1 0 0 0 1 0 0 0 1 3001.dat
1 14 -1600 -216 0 1 0 0 0 1 0 0 0 1 3001.dat
1 14 -1600 -216 80 1 0 0 0 1 0 0 0 1 3001.dat
1 14 -1280 -216 -80 1 0 0 0 1 0 0 0 1 3001.dat
1 14 -1280 -216 0 1 0 0 0 1 0 0 0 1 3001.dat
1 14 -1280 -216 80 1 0 0 0 1 0 0 0 1 3001.dat
1 14 -1600 -240 -80 1 0 0 0 1 0 0 0 1 3001.dat
1 14 -1600 -240 0 1 0 0 0 1 0 0 0 1 3001.dat
1 14 -1600 -240 80 1 0 0 0 1 0 0 0 1 3001.dat
1 14 -1280 -240 -80 1 0 0 0 1 0 0 0 1 3001.dat
1 14 -1280 -240 0 1 0 0 0 1 0 0 0 1 3001.dat
1 14 -1280 -240 80 1 0 0 0 1 0 0 0 1 3001.dat
1 14 -1600 -264 -80 1 0 0 0 1 0 0 0 1 3001.dat
1 14 -1600 -264 0 1 0 0 0 1 0 0 0 1 3001.dat
1 14 -1600 -264 80 1 0 0 0 1 0 0 0 1 3001.dat
1 14 -1280 -264 -80 1 0 0 0 1 0 0 0 1 3001.dat
1 14 -1280 -264 0 1 0 0 0 1 0 0 0 1 3001.dat
1 14 -1280 -264 80 1 0 0 0 1 0 0 0 1 3001.dat
1 14 -1600 -272 -80 1 0 0 0 1 0 0 0 1 3020.dat
1 14 -1600 -272 0 1 0 0 0 1 0 0 0 1 3020.dat
1 14 -1600 -272 80 1 0 0 0 1 0 0 0 1 3020.dat
1 14 -1280 -272 -80 1 0 0 0 1 0 0 0 1 3020.dat
1 14 -1280 -272 0 1 0 0 0 1 0 0 0 1 3020.dat
1 14 -1280 -272 80 1 0 0 0 1 0 0 0 1 3020.dat
0 STEP
1 14 -1540 -216 -100 1 0 0 0 1 0 0 0 1 3003.dat
1 14 -1540 -216 100 1 0 0 0 1 0 0 0 1 3003.dat
1 14 -1340 -216 -100 1 0 0 0 1 0 0 0 1 3003.dat
1 14 -1340 -216 100 1 0 0 0 1 0 0 0 1 3003.dat
1 14 -1540 -240 -100 1 0 0 0 1 0 0 0 1 3003.dat
1 14 -1540 -240 100 1 0 0 0 1 0 0 0 1 3003.dat
1 14 -1340 -240 -100 1 0 0 0 1 0 0 0 1 3003.dat
1 14 -1340 -240 100 1 0 0 0 1 0 0 0 1 3003.dat
1 14 -1540 -264 -100 1 0 0 0 1 0 0 0 1 3003.dat
1 14 -1540 -264 100 1 0 0 0 1 0 0 0 1 3003.dat
1 14 -1340 -264 -100 1 0 0 0 1 0 0 0 1 3003.dat
1 14 -1340 -264 100 1 0 0 0 1 0 0 0 1 3003.dat
1 14 -1540 -288 -100 1 0 0 0 1 0 0 0 1 3003.dat
1 14 -1540 -288 100 1 0 0 0 1 0 0 0 1 3003.dat
1 14 -1340 -288 -100 1 0 0 0 1 0 0 0 1 3003.dat
1 14 -1340 -288 100 1 0 0 0 1 0 0 0 1 3003.dat
1 14 -1540 -312 -100 1 0 0 0 1 0 0 0 1 3003.dat
1 14 -1540 -312 100 1 0 0 0 1 0 0 0 1 3003.dat
1 14 -1340 -312 -100 1 0 0 0 1 0 0 0 1 3003.dat
1 14 -1340 -312 100 1 0 0 0 1 0 0 0 1 3003.dat
1 14 -1540 -336 -100 1 0 0 0 1 0 0 0 1 3003.dat
1 14 -1540 -336 100 1 0 0 0 1 0 0 0 1 3003.dat
1 14 -1340 -336 -100 1 0 0 0 1 0 0 0 1 3003.dat
1 14 -1340 -336 100 1 0 0 0 1 0 0 0 1 3003.dat
1 14 -1540 -360 -100 1 0 0 0 1 0 0 0 1 3003.dat
1 14 -1540 -360 100 1 0 0 0 1 0 0 0 1 3003.dat
1 14 -1340 -360 -100 1 0 0 0 1 0 0 0 1 3003.dat
1 14 -1340 -360 100 1 0 0 0 1 0 0 0 1 3003.dat
1 14 -1540 -384 -100 1 0 0 0 1 0 0 0 1 3003.dat
1 14 -1540 -384 100 1 0 0 0 1 0 0 0 1 3003.dat
1 14 -1340 -384 -100 1 0 0 0 1 0 0 0 1 3003.dat
1 14 -1340 -384 100 1 0 0 0 1 0 0 0 1 3003.dat
1 14 -1540 -408 -100 1 0 0 0 1 0 0 0 1 3003.dat
1 14 -1540 -408 100 1 0 0 0 1 0 0 0 1 3003.dat
1 14 -1340 -408 -100 1 0 0 0 1 0 0 0 1 3003.dat
1 14 -1340 -408 100 1 0 0 0 1 0 0 0 1 3003.dat
0 STEP
1 14 -1520 -432 -110 1 0 0 0 1 0 0 0 1 3010.dat
1 14 -1440 -432 -110 1 0 0 0 1 0 0 0 1 3010.dat
1 14 -1360 -432 -110 1 0 0 0 1 0 0 0 1 3010.dat
1 14 -1520 -432 110 1 0 0 0 1 0 0 0 1 3010.dat
1 14 -1440 -432 110 1 0 0 0 1 0 0 0 1 3010.dat
1 14 -1360 -432 110 1 0 0 0 1 0 0 0 1 3010.dat
1 14 -1550 -432 -60 0 0 1 0 1 0 -1 0 0 3010.dat
1 14 -1550 -432 20 0 0 1 0 1 0 -1 0 0 3010.dat
1 14 -1550 -432 80 0 0 1 0 1 0 -1 0 0 3004.dat
1 14 -1330 -432 -60 0 0 1 0 1 0 -1 0 0 3010.dat
1 14 -1330 -432 20 0 0 1 0 1 0 -1 0 0 3010.dat
1 14 -1330 -432 80 0 0 1 0 1 0 -1 0 0 3004.dat
1 14 -1520 -440 -110 1 0 0 0 1 0 0 0 1 2431.dat
1 14 -1440 -440 -110 1 0 0 0 1 0 0 0 1 2431.dat
1 14 -1360 -440 -110 1 0 0 0 1 0 0 0 1 2431.dat
1 14 -1520 -440 110 1 0 0 0 1 0 0 0 1 2431.dat
1 14 -1440 -440 110 1 0 0 0 1 0 0 0 1 2431.dat
1 14 -1360 -440 110 1 0 0 0 1 0 0 0 1 2431.dat
0 STEP
1 0 -1640 -288 -104 1 0 0 0 1 0 0 0 1 30374.dat
1 0 -1640 -280 -104 1 0 0 0 1 0 0 0 1 15712.dat
1 14 -1650 -216 -30 0 0 -1 0 1 0 1 0 0 3039.dat
1 0 -1640 -288 104 1 0 0 0 1 0 0 0 1 30374.dat
1 0 -1640 -280 104 1 0 0 0 1 0 0 0 1 15712.dat
1 14 -1630 -216 30 0 0 1 0 1 0 -1 0 0 3039.dat
1 0 -1240 -288 -104 1 0 0 0 1 0 0 0 1 30374.dat
1 0 -1240 -280 -104 1 0 0 0 1 0 0 0 1 15712.dat
1 14 -1250 -216 -30 0 0 -1 0 1 0 1 0 0 3039.dat
1 0 -1240 -288 104 1 0 0 0 1 0 0 0 1 30374.dat
1 0 -1240 -280 104 1 0 0 0 1 0 0 0 1 15712.dat
1 14 -1230 -216 30 0 0 1 0 1 0 -1 0 0 3039.dat
0 STEP
0 FILE kirow-large-actuator.ldr
0 Real components of catalogue assembly 40918c01 at the displayed extension
0 // Derived from the official LDraw parts, CC BY 4.0. No component is stretched.
1 4 0 0 0 0 1 0 -1 0 0 0 0 1 47157.dat
1 16 0 0 0 1 0 0 0 1 0 0 0 1 u9487c01.dat
1 72 0 0 286.37815 1 0 0 0 1 0 0 0 1 62274c02.dat
